TOP PARENT,PARENT-CATEGORY,CATEGORY-NAME,CATEGORY-ID-NUMBER (SHORT-CODE),DESCRIPTION
Organization,,Organization,CAT-ORG,"<p><strong>Organization</strong></p><p>Single root category for the complete Moodle/Iomad learning catalogue.</p><p><strong>Typical subjects or topics:</strong> All education, training, compliance, professional, sector, and personal-development domains</p><p><strong>Recommended course structure:</strong> Root only; no courses directly at this level</p><p><a href=""https://en.wikipedia.org/wiki/Special:Search?search=Organization"" target=""_blank"" rel=""noopener noreferrer"">Wikipedia reference: Organization</a></p>"
Education and Academia,Organization,Education and Academia,CAT-EDU,"<p><strong>Education and Academia</strong></p><p>Formal education, higher education, continuing education, academic support, and educator development.</p><p><strong>Typical subjects or topics:</strong> School, college, university, research, teacher education, continuing education</p><p><strong>Recommended course structure:</strong> Institution / level / program / subject / unit courses</p><p><a href=""https://en.wikipedia.org/wiki/Special:Search?search=Education%20and%20Academia"" target=""_blank"" rel=""noopener noreferrer"">Wikipedia reference: Education and Academia</a></p>"
School,Education and Academia,School,CAT-SCH,"<p><strong>School</strong></p><p>School education from pre-primary through senior secondary levels.</p><p><strong>Typical subjects or topics:</strong> Pre-primary through senior secondary education</p><p><strong>Recommended course structure:</strong> Stage / class / stream / subject / chapter courses</p><p><a href=""https://en.wikipedia.org/wiki/Special:Search?search=School"" target=""_blank"" rel=""noopener noreferrer"">Wikipedia reference: School</a></p>"
School,School,Pre-Primary,CAT-SCH-PRE,"<p><strong>Pre-Primary</strong></p><p>Pre-Primary curriculum and learner progression.</p><p><strong>Typical subjects or topics:</strong> Nursery, lower kindergarten, upper kindergarten, language readiness, numeracy readiness, environmental awareness</p><p><strong>Recommended course structure:</strong> Theme / skill modules</p><p><a href=""https://en.wikipedia.org/wiki/Special:Search?search=Pre-Primary"" target=""_blank"" rel=""noopener noreferrer"">Wikipedia reference: Pre-Primary</a></p>"
School,School,Primary (Classes 1-5),CAT-SCH-PRI,"<p><strong>Primary (Classes 1-5)</strong></p><p>Primary (Classes 1-5) curriculum and learner progression.</p><p><strong>Typical subjects or topics:</strong> Languages, mathematics, environmental studies, science readiness, arts, physical education</p><p><strong>Recommended course structure:</strong> Class / subject / chapter courses</p><p><a href=""https://en.wikipedia.org/wiki/Special:Search?search=Primary%20(Classes%201-5)"" target=""_blank"" rel=""noopener noreferrer"">Wikipedia reference: Primary (Classes 1-5)</a></p>"
School,School,Middle (Classes 6-8),CAT-SCH-MID,"<p><strong>Middle (Classes 6-8)</strong></p><p>Middle (Classes 6-8) curriculum and learner progression.</p><p><strong>Typical subjects or topics:</strong> Languages, mathematics, science, social science, computer studies, arts, physical education</p><p><strong>Recommended course structure:</strong> Class / subject / chapter courses</p><p><a href=""https://en.wikipedia.org/wiki/Special:Search?search=Middle%20(Classes%206-8)"" target=""_blank"" rel=""noopener noreferrer"">Wikipedia reference: Middle (Classes 6-8)</a></p>"
School,School,Secondary (Classes 9-10),CAT-SCH-SEC,"<p><strong>Secondary (Classes 9-10)</strong></p><p>Secondary (Classes 9-10) curriculum and learner progression.</p><p><strong>Typical subjects or topics:</strong> Languages, mathematics, science, social science, information technology, electives</p><p><strong>Recommended course structure:</strong> Class / subject / chapter courses</p><p><a href=""https://en.wikipedia.org/wiki/Special:Search?search=Secondary%20(Classes%209-10)"" target=""_blank"" rel=""noopener noreferrer"">Wikipedia reference: Secondary (Classes 9-10)</a></p>"
School,School,Senior Secondary (Classes 11-12),CAT-SCH-SSE,"<p><strong>Senior Secondary (Classes 11-12)</strong></p><p>Senior Secondary (Classes 11-12) curriculum and learner progression.</p><p><strong>Typical subjects or topics:</strong> Science, commerce, humanities, vocational and interdisciplinary streams</p><p><strong>Recommended course structure:</strong> Stream / subject / chapter or unit courses</p><p><a href=""https://en.wikipedia.org/wiki/Special:Search?search=Senior%20Secondary%20(Classes%2011-12)"" target=""_blank"" rel=""noopener noreferrer"">Wikipedia reference: Senior Secondary (Classes 11-12)</a></p>"
School,Senior Secondary (Classes 11-12),Classes 11,CAT-GRD-011,"<p><strong>Classes 11</strong></p><p>Curriculum category for Classes 11.</p><p><strong>Typical subjects or topics:</strong> Science, commerce, humanities and vocational streams</p><p><strong>Recommended course structure:</strong> Stream / subject / chapter or unit courses</p><p><a href=""https://en.wikipedia.org/wiki/Special:Search?search=Classes%2011"" target=""_blank"" rel=""noopener noreferrer"">Wikipedia reference: Classes 11</a></p>"
School,Classes 11,Science,CAT-GRD-011-SCI,"<p><strong>Science</strong></p><p>Science stream for Classes 11.</p><p><strong>Typical subjects or topics:</strong> Physics, Chemistry, Mathematics, Biology, English, Computer Science, Informatics Practices, Physical Education, Science Electives</p><p><strong>Recommended course structure:</strong> Subject / chapter or unit courses</p><p><a href=""https://en.wikipedia.org/wiki/Special:Search?search=Science"" target=""_blank"" rel=""noopener noreferrer"">Wikipedia reference: Science</a></p>"
School,Science,Physics,CAT-GRD-011-SCI-PH,"<p><strong>Physics</strong></p><p>Physics subject for the Classes 11 Science stream.</p><p><strong>Typical subjects or topics:</strong> Physics</p><p><strong>Recommended course structure:</strong> Chapter / unit-wise courses</p><p><a href=""https://en.wikipedia.org/wiki/Special:Search?search=Physics"" target=""_blank"" rel=""noopener noreferrer"">Wikipedia reference: Physics</a></p>"
School,Science,Chemistry,CAT-GRD-011-SCI-CH,"<p><strong>Chemistry</strong></p><p>Chemistry subject for the Classes 11 Science stream.</p><p><strong>Typical subjects or topics:</strong> Chemistry</p><p><strong>Recommended course structure:</strong> Chapter / unit-wise courses</p><p><a href=""https://en.wikipedia.org/wiki/Special:Search?search=Chemistry"" target=""_blank"" rel=""noopener noreferrer"">Wikipedia reference: Chemistry</a></p>"
School,Science,Mathematics,CAT-GRD-011-SCI-MA,"<p><strong>Mathematics</strong></p><p>Mathematics subject for the Classes 11 Science stream.</p><p><strong>Typical subjects or topics:</strong> Mathematics</p><p><strong>Recommended course structure:</strong> Chapter / unit-wise courses</p><p><a href=""https://en.wikipedia.org/wiki/Special:Search?search=Mathematics"" target=""_blank"" rel=""noopener noreferrer"">Wikipedia reference: Mathematics</a></p>"
School,Science,Biology,CAT-GRD-011-SCI-BI,"<p><strong>Biology</strong></p><p>Biology subject for the Classes 11 Science stream.</p><p><strong>Typical subjects or topics:</strong> Biology</p><p><strong>Recommended course structure:</strong> Chapter / unit-wise courses</p><p><a href=""https://en.wikipedia.org/wiki/Special:Search?search=Biology"" target=""_blank"" rel=""noopener noreferrer"">Wikipedia reference: Biology</a></p>"
School,Science,English,CAT-GRD-011-SCI-EN,"<p><strong>English</strong></p><p>English subject for the Classes 11 Science stream.</p><p><strong>Typical subjects or topics:</strong> English</p><p><strong>Recommended course structure:</strong> Chapter / unit-wise courses</p><p><a href=""https://en.wikipedia.org/wiki/Special:Search?search=English"" target=""_blank"" rel=""noopener noreferrer"">Wikipedia reference: English</a></p>"
School,Science,Computer Science,CAT-GRD-011-SCI-CS,"<p><strong>Computer Science</strong></p><p>Computer Science subject for the Classes 11 Science stream.</p><p><strong>Typical subjects or topics:</strong> Computer Science</p><p><strong>Recommended course structure:</strong> Chapter / unit-wise courses</p><p><a href=""https://en.wikipedia.org/wiki/Special:Search?search=Computer%20Science"" target=""_blank"" rel=""noopener noreferrer"">Wikipedia reference: Computer Science</a></p>"
School,Science,Informatics Practices,CAT-GRD-011-SCI-IP,"<p><strong>Informatics Practices</strong></p><p>Informatics Practices subject for the Classes 11 Science stream.</p><p><strong>Typical subjects or topics:</strong> Informatics Practices</p><p><strong>Recommended course structure:</strong> Chapter / unit-wise courses</p><p><a href=""https://en.wikipedia.org/wiki/Special:Search?search=Informatics%20Practices"" target=""_blank"" rel=""noopener noreferrer"">Wikipedia reference: Informatics Practices</a></p>"
School,Science,Physical Education,CAT-GRD-011-SCI-PE,"<p><strong>Physical Education</strong></p><p>Physical Education subject for the Classes 11 Science stream.</p><p><strong>Typical subjects or topics:</strong> Physical Education</p><p><strong>Recommended course structure:</strong> Chapter / unit-wise courses</p><p><a href=""https://en.wikipedia.org/wiki/Special:Search?search=Physical%20Education"" target=""_blank"" rel=""noopener noreferrer"">Wikipedia reference: Physical Education</a></p>"
School,Science,Science Electives,CAT-GRD-011-SCI-EL,"<p><strong>Science Electives</strong></p><p>Science Electives subject for the Classes 11 Science stream.</p><p><strong>Typical subjects or topics:</strong> Science Electives</p><p><strong>Recommended course structure:</strong> Chapter / unit-wise courses</p><p><a href=""https://en.wikipedia.org/wiki/Special:Search?search=Science%20Electives"" target=""_blank"" rel=""noopener noreferrer"">Wikipedia reference: Science Electives</a></p>"
School,Classes 11,Commerce,CAT-GRD-011-COM,"<p><strong>Commerce</strong></p><p>Commerce stream for Classes 11.</p><p><strong>Typical subjects or topics:</strong> Accountancy, Business Studies, Economics, English, Mathematics, Informatics Practices, Entrepreneurship, Physical Education, Commerce Electives</p><p><strong>Recommended course structure:</strong> Subject / chapter or unit courses</p><p><a href=""https://en.wikipedia.org/wiki/Special:Search?search=Commerce"" target=""_blank"" rel=""noopener noreferrer"">Wikipedia reference: Commerce</a></p>"
School,Commerce,Accountancy,CAT-GRD-011-COM-AC,"<p><strong>Accountancy</strong></p><p>Accountancy subject for the Classes 11 Commerce stream.</p><p><strong>Typical subjects or topics:</strong> Accountancy</p><p><strong>Recommended course structure:</strong> Chapter / unit-wise courses</p><p><a href=""https://en.wikipedia.org/wiki/Special:Search?search=Accountancy"" target=""_blank"" rel=""noopener noreferrer"">Wikipedia reference: Accountancy</a></p>"
School,Commerce,Business Studies,CAT-GRD-011-COM-BS,"<p><strong>Business Studies</strong></p><p>Business Studies subject for the Classes 11 Commerce stream.</p><p><strong>Typical subjects or topics:</strong> Business Studies</p><p><strong>Recommended course structure:</strong> Chapter / unit-wise courses</p><p><a href=""https://en.wikipedia.org/wiki/Special:Search?search=Business%20Studies"" target=""_blank"" rel=""noopener noreferrer"">Wikipedia reference: Business Studies</a></p>"
School,Commerce,Economics,CAT-GRD-011-COM-EC,"<p><strong>Economics</strong></p><p>Economics subject for the Classes 11 Commerce stream.</p><p><strong>Typical subjects or topics:</strong> Economics</p><p><strong>Recommended course structure:</strong> Chapter / unit-wise courses</p><p><a href=""https://en.wikipedia.org/wiki/Special:Search?search=Economics"" target=""_blank"" rel=""noopener noreferrer"">Wikipedia reference: Economics</a></p>"
School,Commerce,English,CAT-GRD-011-COM-EN,"<p><strong>English</strong></p><p>English subject for the Classes 11 Commerce stream.</p><p><strong>Typical subjects or topics:</strong> English</p><p><strong>Recommended course structure:</strong> Chapter / unit-wise courses</p><p><a href=""https://en.wikipedia.org/wiki/Special:Search?search=English"" target=""_blank"" rel=""noopener noreferrer"">Wikipedia reference: English</a></p>"
School,Commerce,Mathematics,CAT-GRD-011-COM-MA,"<p><strong>Mathematics</strong></p><p>Mathematics subject for the Classes 11 Commerce stream.</p><p><strong>Typical subjects or topics:</strong> Mathematics</p><p><strong>Recommended course structure:</strong> Chapter / unit-wise courses</p><p><a href=""https://en.wikipedia.org/wiki/Special:Search?search=Mathematics"" target=""_blank"" rel=""noopener noreferrer"">Wikipedia reference: Mathematics</a></p>"
School,Commerce,Informatics Practices,CAT-GRD-011-COM-IP,"<p><strong>Informatics Practices</strong></p><p>Informatics Practices subject for the Classes 11 Commerce stream.</p><p><strong>Typical subjects or topics:</strong> Informatics Practices</p><p><strong>Recommended course structure:</strong> Chapter / unit-wise courses</p><p><a href=""https://en.wikipedia.org/wiki/Special:Search?search=Informatics%20Practices"" target=""_blank"" rel=""noopener noreferrer"">Wikipedia reference: Informatics Practices</a></p>"
School,Commerce,Entrepreneurship,CAT-GRD-011-COM-ENT,"<p><strong>Entrepreneurship</strong></p><p>Entrepreneurship subject for the Classes 11 Commerce stream.</p><p><strong>Typical subjects or topics:</strong> Entrepreneurship</p><p><strong>Recommended course structure:</strong> Chapter / unit-wise courses</p><p><a href=""https://en.wikipedia.org/wiki/Special:Search?search=Entrepreneurship"" target=""_blank"" rel=""noopener noreferrer"">Wikipedia reference: Entrepreneurship</a></p>"
School,Commerce,Physical Education,CAT-GRD-011-COM-PE,"<p><strong>Physical Education</strong></p><p>Physical Education subject for the Classes 11 Commerce stream.</p><p><strong>Typical subjects or topics:</strong> Physical Education</p><p><strong>Recommended course structure:</strong> Chapter / unit-wise courses</p><p><a href=""https://en.wikipedia.org/wiki/Special:Search?search=Physical%20Education"" target=""_blank"" rel=""noopener noreferrer"">Wikipedia reference: Physical Education</a></p>"
School,Commerce,Commerce Electives,CAT-GRD-011-COM-EL,"<p><strong>Commerce Electives</strong></p><p>Commerce Electives subject for the Classes 11 Commerce stream.</p><p><strong>Typical subjects or topics:</strong> Commerce Electives</p><p><strong>Recommended course structure:</strong> Chapter / unit-wise courses</p><p><a href=""https://en.wikipedia.org/wiki/Special:Search?search=Commerce%20Electives"" target=""_blank"" rel=""noopener noreferrer"">Wikipedia reference: Commerce Electives</a></p>"
School,Classes 11,Humanities,CAT-GRD-011-HUM,"<p><strong>Humanities</strong></p><p>Humanities stream for Classes 11.</p><p><strong>Typical subjects or topics:</strong> History, Political Science, Geography, Psychology, Sociology, Economics, English, Philosophy, Fine Arts, Humanities Electives</p><p><strong>Recommended course structure:</strong> Subject / chapter or unit courses</p><p><a href=""https://en.wikipedia.org/wiki/Special:Search?search=Humanities"" target=""_blank"" rel=""noopener noreferrer"">Wikipedia reference: Humanities</a></p>"
School,Humanities,History,CAT-GRD-011-HUM-HI,"<p><strong>History</strong></p><p>History subject for the Classes 11 Humanities stream.</p><p><strong>Typical subjects or topics:</strong> History</p><p><strong>Recommended course structure:</strong> Chapter / unit-wise courses</p><p><a href=""https://en.wikipedia.org/wiki/Special:Search?search=History"" target=""_blank"" rel=""noopener noreferrer"">Wikipedia reference: History</a></p>"
School,Humanities,Political Science,CAT-GRD-011-HUM-PS,"<p><strong>Political Science</strong></p><p>Political Science subject for the Classes 11 Humanities stream.</p><p><strong>Typical subjects or topics:</strong> Political Science</p><p><strong>Recommended course structure:</strong> Chapter / unit-wise courses</p><p><a href=""https://en.wikipedia.org/wiki/Special:Search?search=Political%20Science"" target=""_blank"" rel=""noopener noreferrer"">Wikipedia reference: Political Science</a></p>"
School,Humanities,Geography,CAT-GRD-011-HUM-GE,"<p><strong>Geography</strong></p><p>Geography subject for the Classes 11 Humanities stream.</p><p><strong>Typical subjects or topics:</strong> Geography</p><p><strong>Recommended course structure:</strong> Chapter / unit-wise courses</p><p><a href=""https://en.wikipedia.org/wiki/Special:Search?search=Geography"" target=""_blank"" rel=""noopener noreferrer"">Wikipedia reference: Geography</a></p>"
School,Humanities,Psychology,CAT-GRD-011-HUM-PY,"<p><strong>Psychology</strong></p><p>Psychology subject for the Classes 11 Humanities stream.</p><p><strong>Typical subjects or topics:</strong> Psychology</p><p><strong>Recommended course structure:</strong> Chapter / unit-wise courses</p><p><a href=""https://en.wikipedia.org/wiki/Special:Search?search=Psychology"" target=""_blank"" rel=""noopener noreferrer"">Wikipedia reference: Psychology</a></p>"
School,Humanities,Sociology,CAT-GRD-011-HUM-SO,"<p><strong>Sociology</strong></p><p>Sociology subject for the Classes 11 Humanities stream.</p><p><strong>Typical subjects or topics:</strong> Sociology</p><p><strong>Recommended course structure:</strong> Chapter / unit-wise courses</p><p><a href=""https://en.wikipedia.org/wiki/Special:Search?search=Sociology"" target=""_blank"" rel=""noopener noreferrer"">Wikipedia reference: Sociology</a></p>"
School,Humanities,Economics,CAT-GRD-011-HUM-EC,"<p><strong>Economics</strong></p><p>Economics subject for the Classes 11 Humanities stream.</p><p><strong>Typical subjects or topics:</strong> Economics</p><p><strong>Recommended course structure:</strong> Chapter / unit-wise courses</p><p><a href=""https://en.wikipedia.org/wiki/Special:Search?search=Economics"" target=""_blank"" rel=""noopener noreferrer"">Wikipedia reference: Economics</a></p>"
School,Humanities,English,CAT-GRD-011-HUM-EN,"<p><strong>English</strong></p><p>English subject for the Classes 11 Humanities stream.</p><p><strong>Typical subjects or topics:</strong> English</p><p><strong>Recommended course structure:</strong> Chapter / unit-wise courses</p><p><a href=""https://en.wikipedia.org/wiki/Special:Search?search=English"" target=""_blank"" rel=""noopener noreferrer"">Wikipedia reference: English</a></p>"
School,Humanities,Philosophy,CAT-GRD-011-HUM-PI,"<p><strong>Philosophy</strong></p><p>Philosophy subject for the Classes 11 Humanities stream.</p><p><strong>Typical subjects or topics:</strong> Philosophy</p><p><strong>Recommended course structure:</strong> Chapter / unit-wise courses</p><p><a href=""https://en.wikipedia.org/wiki/Special:Search?search=Philosophy"" target=""_blank"" rel=""noopener noreferrer"">Wikipedia reference: Philosophy</a></p>"
School,Humanities,Fine Arts,CAT-GRD-011-HUM-FA,"<p><strong>Fine Arts</strong></p><p>Fine Arts subject for the Classes 11 Humanities stream.</p><p><strong>Typical subjects or topics:</strong> Fine Arts</p><p><strong>Recommended course structure:</strong> Chapter / unit-wise courses</p><p><a href=""https://en.wikipedia.org/wiki/Special:Search?search=Fine%20Arts"" target=""_blank"" rel=""noopener noreferrer"">Wikipedia reference: Fine Arts</a></p>"
School,Humanities,Humanities Electives,CAT-GRD-011-HUM-EL,"<p><strong>Humanities Electives</strong></p><p>Humanities Electives subject for the Classes 11 Humanities stream.</p><p><strong>Typical subjects or topics:</strong> Humanities Electives</p><p><strong>Recommended course structure:</strong> Chapter / unit-wise courses</p><p><a href=""https://en.wikipedia.org/wiki/Special:Search?search=Humanities%20Electives"" target=""_blank"" rel=""noopener noreferrer"">Wikipedia reference: Humanities Electives</a></p>"
School,Classes 11,Vocational,CAT-GRD-011-VOC,"<p><strong>Vocational</strong></p><p>Vocational stream for Classes 11.</p><p><strong>Typical subjects or topics:</strong> Information Technology, Retail, Tourism, Healthcare, Agriculture, Media, Banking and Finance, Automotive, Vocational Electives</p><p><strong>Recommended course structure:</strong> Subject / chapter or unit courses</p><p><a href=""https://en.wikipedia.org/wiki/Special:Search?search=Vocational"" target=""_blank"" rel=""noopener noreferrer"">Wikipedia reference: Vocational</a></p>"
School,Vocational,Information Technology,CAT-GRD-011-VOC-IT,"<p><strong>Information Technology</strong></p><p>Information Technology subject for the Classes 11 Vocational stream.</p><p><strong>Typical subjects or topics:</strong> Information Technology</p><p><strong>Recommended course structure:</strong> Chapter / unit-wise courses</p><p><a href=""https://en.wikipedia.org/wiki/Special:Search?search=Information%20Technology"" target=""_blank"" rel=""noopener noreferrer"">Wikipedia reference: Information Technology</a></p>"
School,Vocational,Retail,CAT-GRD-011-VOC-RET,"<p><strong>Retail</strong></p><p>Retail subject for the Classes 11 Vocational stream.</p><p><strong>Typical subjects or topics:</strong> Retail</p><p><strong>Recommended course structure:</strong> Chapter / unit-wise courses</p><p><a href=""https://en.wikipedia.org/wiki/Special:Search?search=Retail"" target=""_blank"" rel=""noopener noreferrer"">Wikipedia reference: Retail</a></p>"
School,Vocational,Tourism,CAT-GRD-011-VOC-TOU,"<p><strong>Tourism</strong></p><p>Tourism subject for the Classes 11 Vocational stream.</p><p><strong>Typical subjects or topics:</strong> Tourism</p><p><strong>Recommended course structure:</strong> Chapter / unit-wise courses</p><p><a href=""https://en.wikipedia.org/wiki/Special:Search?search=Tourism"" target=""_blank"" rel=""noopener noreferrer"">Wikipedia reference: Tourism</a></p>"
School,Vocational,Healthcare,CAT-GRD-011-VOC-HEA,"<p><strong>Healthcare</strong></p><p>Healthcare subject for the Classes 11 Vocational stream.</p><p><strong>Typical subjects or topics:</strong> Healthcare</p><p><strong>Recommended course structure:</strong> Chapter / unit-wise courses</p><p><a href=""https://en.wikipedia.org/wiki/Special:Search?search=Healthcare"" target=""_blank"" rel=""noopener noreferrer"">Wikipedia reference: Healthcare</a></p>"
School,Vocational,Agriculture,CAT-GRD-011-VOC-AGR,"<p><strong>Agriculture</strong></p><p>Agriculture subject for the Classes 11 Vocational stream.</p><p><strong>Typical subjects or topics:</strong> Agriculture</p><p><strong>Recommended course structure:</strong> Chapter / unit-wise courses</p><p><a href=""https://en.wikipedia.org/wiki/Special:Search?search=Agriculture"" target=""_blank"" rel=""noopener noreferrer"">Wikipedia reference: Agriculture</a></p>"
School,Vocational,Media,CAT-GRD-011-VOC-MED,"<p><strong>Media</strong></p><p>Media subject for the Classes 11 Vocational stream.</p><p><strong>Typical subjects or topics:</strong> Media</p><p><strong>Recommended course structure:</strong> Chapter / unit-wise courses</p><p><a href=""https://en.wikipedia.org/wiki/Special:Search?search=Media"" target=""_blank"" rel=""noopener noreferrer"">Wikipedia reference: Media</a></p>"
School,Vocational,Banking and Finance,CAT-GRD-011-VOC-BFS,"<p><strong>Banking and Finance</strong></p><p>Banking and Finance subject for the Classes 11 Vocational stream.</p><p><strong>Typical subjects or topics:</strong> Banking and Finance</p><p><strong>Recommended course structure:</strong> Chapter / unit-wise courses</p><p><a href=""https://en.wikipedia.org/wiki/Special:Search?search=Banking%20and%20Finance"" target=""_blank"" rel=""noopener noreferrer"">Wikipedia reference: Banking and Finance</a></p>"
School,Vocational,Automotive,CAT-GRD-011-VOC-AUT,"<p><strong>Automotive</strong></p><p>Automotive subject for the Classes 11 Vocational stream.</p><p><strong>Typical subjects or topics:</strong> Automotive</p><p><strong>Recommended course structure:</strong> Chapter / unit-wise courses</p><p><a href=""https://en.wikipedia.org/wiki/Special:Search?search=Automotive"" target=""_blank"" rel=""noopener noreferrer"">Wikipedia reference: Automotive</a></p>"
School,Vocational,Vocational Electives,CAT-GRD-011-VOC-EL,"<p><strong>Vocational Electives</strong></p><p>Vocational Electives subject for the Classes 11 Vocational stream.</p><p><strong>Typical subjects or topics:</strong> Vocational Electives</p><p><strong>Recommended course structure:</strong> Chapter / unit-wise courses</p><p><a href=""https://en.wikipedia.org/wiki/Special:Search?search=Vocational%20Electives"" target=""_blank"" rel=""noopener noreferrer"">Wikipedia reference: Vocational Electives</a></p>"
School,Senior Secondary (Classes 11-12),Classes 12,CAT-GRD-012,"<p><strong>Classes 12</strong></p><p>Curriculum category for Classes 12.</p><p><strong>Typical subjects or topics:</strong> Science, commerce, humanities and vocational streams</p><p><strong>Recommended course structure:</strong> Stream / subject / chapter or unit courses</p><p><a href=""https://en.wikipedia.org/wiki/Special:Search?search=Classes%2012"" target=""_blank"" rel=""noopener noreferrer"">Wikipedia reference: Classes 12</a></p>"
School,Classes 12,Science,CAT-GRD-012-SCI,"<p><strong>Science</strong></p><p>Science stream for Classes 12.</p><p><strong>Typical subjects or topics:</strong> Physics, Chemistry, Mathematics, Biology, English, Computer Science, Informatics Practices, Physical Education, Science Electives</p><p><strong>Recommended course structure:</strong> Subject / chapter or unit courses</p><p><a href=""https://en.wikipedia.org/wiki/Special:Search?search=Science"" target=""_blank"" rel=""noopener noreferrer"">Wikipedia reference: Science</a></p>"
School,Science,Physics,CAT-GRD-012-SCI-PH,"<p><strong>Physics</strong></p><p>Physics subject for the Classes 12 Science stream.</p><p><strong>Typical subjects or topics:</strong> Physics</p><p><strong>Recommended course structure:</strong> Chapter / unit-wise courses</p><p><a href=""https://en.wikipedia.org/wiki/Special:Search?search=Physics"" target=""_blank"" rel=""noopener noreferrer"">Wikipedia reference: Physics</a></p>"
School,Science,Chemistry,CAT-GRD-012-SCI-CH,"<p><strong>Chemistry</strong></p><p>Chemistry subject for the Classes 12 Science stream.</p><p><strong>Typical subjects or topics:</strong> Chemistry</p><p><strong>Recommended course structure:</strong> Chapter / unit-wise courses</p><p><a href=""https://en.wikipedia.org/wiki/Special:Search?search=Chemistry"" target=""_blank"" rel=""noopener noreferrer"">Wikipedia reference: Chemistry</a></p>"
School,Science,Mathematics,CAT-GRD-012-SCI-MA,"<p><strong>Mathematics</strong></p><p>Mathematics subject for the Classes 12 Science stream.</p><p><strong>Typical subjects or topics:</strong> Mathematics</p><p><strong>Recommended course structure:</strong> Chapter / unit-wise courses</p><p><a href=""https://en.wikipedia.org/wiki/Special:Search?search=Mathematics"" target=""_blank"" rel=""noopener noreferrer"">Wikipedia reference: Mathematics</a></p>"
School,Science,Biology,CAT-GRD-012-SCI-BI,"<p><strong>Biology</strong></p><p>Biology subject for the Classes 12 Science stream.</p><p><strong>Typical subjects or topics:</strong> Biology</p><p><strong>Recommended course structure:</strong> Chapter / unit-wise courses</p><p><a href=""https://en.wikipedia.org/wiki/Special:Search?search=Biology"" target=""_blank"" rel=""noopener noreferrer"">Wikipedia reference: Biology</a></p>"
School,Science,English,CAT-GRD-012-SCI-EN,"<p><strong>English</strong></p><p>English subject for the Classes 12 Science stream.</p><p><strong>Typical subjects or topics:</strong> English</p><p><strong>Recommended course structure:</strong> Chapter / unit-wise courses</p><p><a href=""https://en.wikipedia.org/wiki/Special:Search?search=English"" target=""_blank"" rel=""noopener noreferrer"">Wikipedia reference: English</a></p>"
School,Science,Computer Science,CAT-GRD-012-SCI-CS,"<p><strong>Computer Science</strong></p><p>Computer Science subject for the Classes 12 Science stream.</p><p><strong>Typical subjects or topics:</strong> Computer Science</p><p><strong>Recommended course structure:</strong> Chapter / unit-wise courses</p><p><a href=""https://en.wikipedia.org/wiki/Special:Search?search=Computer%20Science"" target=""_blank"" rel=""noopener noreferrer"">Wikipedia reference: Computer Science</a></p>"
School,Science,Informatics Practices,CAT-GRD-012-SCI-IP,"<p><strong>Informatics Practices</strong></p><p>Informatics Practices subject for the Classes 12 Science stream.</p><p><strong>Typical subjects or topics:</strong> Informatics Practices</p><p><strong>Recommended course structure:</strong> Chapter / unit-wise courses</p><p><a href=""https://en.wikipedia.org/wiki/Special:Search?search=Informatics%20Practices"" target=""_blank"" rel=""noopener noreferrer"">Wikipedia reference: Informatics Practices</a></p>"
School,Science,Physical Education,CAT-GRD-012-SCI-PE,"<p><strong>Physical Education</strong></p><p>Physical Education subject for the Classes 12 Science stream.</p><p><strong>Typical subjects or topics:</strong> Physical Education</p><p><strong>Recommended course structure:</strong> Chapter / unit-wise courses</p><p><a href=""https://en.wikipedia.org/wiki/Special:Search?search=Physical%20Education"" target=""_blank"" rel=""noopener noreferrer"">Wikipedia reference: Physical Education</a></p>"
School,Science,Science Electives,CAT-GRD-012-SCI-EL,"<p><strong>Science Electives</strong></p><p>Science Electives subject for the Classes 12 Science stream.</p><p><strong>Typical subjects or topics:</strong> Science Electives</p><p><strong>Recommended course structure:</strong> Chapter / unit-wise courses</p><p><a href=""https://en.wikipedia.org/wiki/Special:Search?search=Science%20Electives"" target=""_blank"" rel=""noopener noreferrer"">Wikipedia reference: Science Electives</a></p>"
School,Classes 12,Commerce,CAT-GRD-012-COM,"<p><strong>Commerce</strong></p><p>Commerce stream for Classes 12.</p><p><strong>Typical subjects or topics:</strong> Accountancy, Business Studies, Economics, English, Mathematics, Informatics Practices, Entrepreneurship, Physical Education, Commerce Electives</p><p><strong>Recommended course structure:</strong> Subject / chapter or unit courses</p><p><a href=""https://en.wikipedia.org/wiki/Special:Search?search=Commerce"" target=""_blank"" rel=""noopener noreferrer"">Wikipedia reference: Commerce</a></p>"
School,Commerce,Accountancy,CAT-GRD-012-COM-AC,"<p><strong>Accountancy</strong></p><p>Accountancy subject for the Classes 12 Commerce stream.</p><p><strong>Typical subjects or topics:</strong> Accountancy</p><p><strong>Recommended course structure:</strong> Chapter / unit-wise courses</p><p><a href=""https://en.wikipedia.org/wiki/Special:Search?search=Accountancy"" target=""_blank"" rel=""noopener noreferrer"">Wikipedia reference: Accountancy</a></p>"
School,Commerce,Business Studies,CAT-GRD-012-COM-BS,"<p><strong>Business Studies</strong></p><p>Business Studies subject for the Classes 12 Commerce stream.</p><p><strong>Typical subjects or topics:</strong> Business Studies</p><p><strong>Recommended course structure:</strong> Chapter / unit-wise courses</p><p><a href=""https://en.wikipedia.org/wiki/Special:Search?search=Business%20Studies"" target=""_blank"" rel=""noopener noreferrer"">Wikipedia reference: Business Studies</a></p>"
School,Commerce,Economics,CAT-GRD-012-COM-EC,"<p><strong>Economics</strong></p><p>Economics subject for the Classes 12 Commerce stream.</p><p><strong>Typical subjects or topics:</strong> Economics</p><p><strong>Recommended course structure:</strong> Chapter / unit-wise courses</p><p><a href=""https://en.wikipedia.org/wiki/Special:Search?search=Economics"" target=""_blank"" rel=""noopener noreferrer"">Wikipedia reference: Economics</a></p>"
School,Commerce,English,CAT-GRD-012-COM-EN,"<p><strong>English</strong></p><p>English subject for the Classes 12 Commerce stream.</p><p><strong>Typical subjects or topics:</strong> English</p><p><strong>Recommended course structure:</strong> Chapter / unit-wise courses</p><p><a href=""https://en.wikipedia.org/wiki/Special:Search?search=English"" target=""_blank"" rel=""noopener noreferrer"">Wikipedia reference: English</a></p>"
School,Commerce,Mathematics,CAT-GRD-012-COM-MA,"<p><strong>Mathematics</strong></p><p>Mathematics subject for the Classes 12 Commerce stream.</p><p><strong>Typical subjects or topics:</strong> Mathematics</p><p><strong>Recommended course structure:</strong> Chapter / unit-wise courses</p><p><a href=""https://en.wikipedia.org/wiki/Special:Search?search=Mathematics"" target=""_blank"" rel=""noopener noreferrer"">Wikipedia reference: Mathematics</a></p>"
School,Commerce,Informatics Practices,CAT-GRD-012-COM-IP,"<p><strong>Informatics Practices</strong></p><p>Informatics Practices subject for the Classes 12 Commerce stream.</p><p><strong>Typical subjects or topics:</strong> Informatics Practices</p><p><strong>Recommended course structure:</strong> Chapter / unit-wise courses</p><p><a href=""https://en.wikipedia.org/wiki/Special:Search?search=Informatics%20Practices"" target=""_blank"" rel=""noopener noreferrer"">Wikipedia reference: Informatics Practices</a></p>"
School,Commerce,Entrepreneurship,CAT-GRD-012-COM-ENT,"<p><strong>Entrepreneurship</strong></p><p>Entrepreneurship subject for the Classes 12 Commerce stream.</p><p><strong>Typical subjects or topics:</strong> Entrepreneurship</p><p><strong>Recommended course structure:</strong> Chapter / unit-wise courses</p><p><a href=""https://en.wikipedia.org/wiki/Special:Search?search=Entrepreneurship"" target=""_blank"" rel=""noopener noreferrer"">Wikipedia reference: Entrepreneurship</a></p>"
School,Commerce,Physical Education,CAT-GRD-012-COM-PE,"<p><strong>Physical Education</strong></p><p>Physical Education subject for the Classes 12 Commerce stream.</p><p><strong>Typical subjects or topics:</strong> Physical Education</p><p><strong>Recommended course structure:</strong> Chapter / unit-wise courses</p><p><a href=""https://en.wikipedia.org/wiki/Special:Search?search=Physical%20Education"" target=""_blank"" rel=""noopener noreferrer"">Wikipedia reference: Physical Education</a></p>"
School,Commerce,Commerce Electives,CAT-GRD-012-COM-EL,"<p><strong>Commerce Electives</strong></p><p>Commerce Electives subject for the Classes 12 Commerce stream.</p><p><strong>Typical subjects or topics:</strong> Commerce Electives</p><p><strong>Recommended course structure:</strong> Chapter / unit-wise courses</p><p><a href=""https://en.wikipedia.org/wiki/Special:Search?search=Commerce%20Electives"" target=""_blank"" rel=""noopener noreferrer"">Wikipedia reference: Commerce Electives</a></p>"
School,Classes 12,Humanities,CAT-GRD-012-HUM,"<p><strong>Humanities</strong></p><p>Humanities stream for Classes 12.</p><p><strong>Typical subjects or topics:</strong> History, Political Science, Geography, Psychology, Sociology, Economics, English, Philosophy, Fine Arts, Humanities Electives</p><p><strong>Recommended course structure:</strong> Subject / chapter or unit courses</p><p><a href=""https://en.wikipedia.org/wiki/Special:Search?search=Humanities"" target=""_blank"" rel=""noopener noreferrer"">Wikipedia reference: Humanities</a></p>"
School,Humanities,History,CAT-GRD-012-HUM-HI,"<p><strong>History</strong></p><p>History subject for the Classes 12 Humanities stream.</p><p><strong>Typical subjects or topics:</strong> History</p><p><strong>Recommended course structure:</strong> Chapter / unit-wise courses</p><p><a href=""https://en.wikipedia.org/wiki/Special:Search?search=History"" target=""_blank"" rel=""noopener noreferrer"">Wikipedia reference: History</a></p>"
School,Humanities,Political Science,CAT-GRD-012-HUM-PS,"<p><strong>Political Science</strong></p><p>Political Science subject for the Classes 12 Humanities stream.</p><p><strong>Typical subjects or topics:</strong> Political Science</p><p><strong>Recommended course structure:</strong> Chapter / unit-wise courses</p><p><a href=""https://en.wikipedia.org/wiki/Special:Search?search=Political%20Science"" target=""_blank"" rel=""noopener noreferrer"">Wikipedia reference: Political Science</a></p>"
School,Humanities,Geography,CAT-GRD-012-HUM-GE,"<p><strong>Geography</strong></p><p>Geography subject for the Classes 12 Humanities stream.</p><p><strong>Typical subjects or topics:</strong> Geography</p><p><strong>Recommended course structure:</strong> Chapter / unit-wise courses</p><p><a href=""https://en.wikipedia.org/wiki/Special:Search?search=Geography"" target=""_blank"" rel=""noopener noreferrer"">Wikipedia reference: Geography</a></p>"
School,Humanities,Psychology,CAT-GRD-012-HUM-PY,"<p><strong>Psychology</strong></p><p>Psychology subject for the Classes 12 Humanities stream.</p><p><strong>Typical subjects or topics:</strong> Psychology</p><p><strong>Recommended course structure:</strong> Chapter / unit-wise courses</p><p><a href=""https://en.wikipedia.org/wiki/Special:Search?search=Psychology"" target=""_blank"" rel=""noopener noreferrer"">Wikipedia reference: Psychology</a></p>"
School,Humanities,Sociology,CAT-GRD-012-HUM-SO,"<p><strong>Sociology</strong></p><p>Sociology subject for the Classes 12 Humanities stream.</p><p><strong>Typical subjects or topics:</strong> Sociology</p><p><strong>Recommended course structure:</strong> Chapter / unit-wise courses</p><p><a href=""https://en.wikipedia.org/wiki/Special:Search?search=Sociology"" target=""_blank"" rel=""noopener noreferrer"">Wikipedia reference: Sociology</a></p>"
School,Humanities,Economics,CAT-GRD-012-HUM-EC,"<p><strong>Economics</strong></p><p>Economics subject for the Classes 12 Humanities stream.</p><p><strong>Typical subjects or topics:</strong> Economics</p><p><strong>Recommended course structure:</strong> Chapter / unit-wise courses</p><p><a href=""https://en.wikipedia.org/wiki/Special:Search?search=Economics"" target=""_blank"" rel=""noopener noreferrer"">Wikipedia reference: Economics</a></p>"
School,Humanities,English,CAT-GRD-012-HUM-EN,"<p><strong>English</strong></p><p>English subject for the Classes 12 Humanities stream.</p><p><strong>Typical subjects or topics:</strong> English</p><p><strong>Recommended course structure:</strong> Chapter / unit-wise courses</p><p><a href=""https://en.wikipedia.org/wiki/Special:Search?search=English"" target=""_blank"" rel=""noopener noreferrer"">Wikipedia reference: English</a></p>"
School,Humanities,Philosophy,CAT-GRD-012-HUM-PI,"<p><strong>Philosophy</strong></p><p>Philosophy subject for the Classes 12 Humanities stream.</p><p><strong>Typical subjects or topics:</strong> Philosophy</p><p><strong>Recommended course structure:</strong> Chapter / unit-wise courses</p><p><a href=""https://en.wikipedia.org/wiki/Special:Search?search=Philosophy"" target=""_blank"" rel=""noopener noreferrer"">Wikipedia reference: Philosophy</a></p>"
School,Humanities,Fine Arts,CAT-GRD-012-HUM-FA,"<p><strong>Fine Arts</strong></p><p>Fine Arts subject for the Classes 12 Humanities stream.</p><p><strong>Typical subjects or topics:</strong> Fine Arts</p><p><strong>Recommended course structure:</strong> Chapter / unit-wise courses</p><p><a href=""https://en.wikipedia.org/wiki/Special:Search?search=Fine%20Arts"" target=""_blank"" rel=""noopener noreferrer"">Wikipedia reference: Fine Arts</a></p>"
School,Humanities,Humanities Electives,CAT-GRD-012-HUM-EL,"<p><strong>Humanities Electives</strong></p><p>Humanities Electives subject for the Classes 12 Humanities stream.</p><p><strong>Typical subjects or topics:</strong> Humanities Electives</p><p><strong>Recommended course structure:</strong> Chapter / unit-wise courses</p><p><a href=""https://en.wikipedia.org/wiki/Special:Search?search=Humanities%20Electives"" target=""_blank"" rel=""noopener noreferrer"">Wikipedia reference: Humanities Electives</a></p>"
School,Classes 12,Vocational,CAT-GRD-012-VOC,"<p><strong>Vocational</strong></p><p>Vocational stream for Classes 12.</p><p><strong>Typical subjects or topics:</strong> Information Technology, Retail, Tourism, Healthcare, Agriculture, Media, Banking and Finance, Automotive, Vocational Electives</p><p><strong>Recommended course structure:</strong> Subject / chapter or unit courses</p><p><a href=""https://en.wikipedia.org/wiki/Special:Search?search=Vocational"" target=""_blank"" rel=""noopener noreferrer"">Wikipedia reference: Vocational</a></p>"
School,Vocational,Information Technology,CAT-GRD-012-VOC-IT,"<p><strong>Information Technology</strong></p><p>Information Technology subject for the Classes 12 Vocational stream.</p><p><strong>Typical subjects or topics:</strong> Information Technology</p><p><strong>Recommended course structure:</strong> Chapter / unit-wise courses</p><p><a href=""https://en.wikipedia.org/wiki/Special:Search?search=Information%20Technology"" target=""_blank"" rel=""noopener noreferrer"">Wikipedia reference: Information Technology</a></p>"
School,Vocational,Retail,CAT-GRD-012-VOC-RET,"<p><strong>Retail</strong></p><p>Retail subject for the Classes 12 Vocational stream.</p><p><strong>Typical subjects or topics:</strong> Retail</p><p><strong>Recommended course structure:</strong> Chapter / unit-wise courses</p><p><a href=""https://en.wikipedia.org/wiki/Special:Search?search=Retail"" target=""_blank"" rel=""noopener noreferrer"">Wikipedia reference: Retail</a></p>"
School,Vocational,Tourism,CAT-GRD-012-VOC-TOU,"<p><strong>Tourism</strong></p><p>Tourism subject for the Classes 12 Vocational stream.</p><p><strong>Typical subjects or topics:</strong> Tourism</p><p><strong>Recommended course structure:</strong> Chapter / unit-wise courses</p><p><a href=""https://en.wikipedia.org/wiki/Special:Search?search=Tourism"" target=""_blank"" rel=""noopener noreferrer"">Wikipedia reference: Tourism</a></p>"
School,Vocational,Healthcare,CAT-GRD-012-VOC-HEA,"<p><strong>Healthcare</strong></p><p>Healthcare subject for the Classes 12 Vocational stream.</p><p><strong>Typical subjects or topics:</strong> Healthcare</p><p><strong>Recommended course structure:</strong> Chapter / unit-wise courses</p><p><a href=""https://en.wikipedia.org/wiki/Special:Search?search=Healthcare"" target=""_blank"" rel=""noopener noreferrer"">Wikipedia reference: Healthcare</a></p>"
School,Vocational,Agriculture,CAT-GRD-012-VOC-AGR,"<p><strong>Agriculture</strong></p><p>Agriculture subject for the Classes 12 Vocational stream.</p><p><strong>Typical subjects or topics:</strong> Agriculture</p><p><strong>Recommended course structure:</strong> Chapter / unit-wise courses</p><p><a href=""https://en.wikipedia.org/wiki/Special:Search?search=Agriculture"" target=""_blank"" rel=""noopener noreferrer"">Wikipedia reference: Agriculture</a></p>"
School,Vocational,Media,CAT-GRD-012-VOC-MED,"<p><strong>Media</strong></p><p>Media subject for the Classes 12 Vocational stream.</p><p><strong>Typical subjects or topics:</strong> Media</p><p><strong>Recommended course structure:</strong> Chapter / unit-wise courses</p><p><a href=""https://en.wikipedia.org/wiki/Special:Search?search=Media"" target=""_blank"" rel=""noopener noreferrer"">Wikipedia reference: Media</a></p>"
School,Vocational,Banking and Finance,CAT-GRD-012-VOC-BFS,"<p><strong>Banking and Finance</strong></p><p>Banking and Finance subject for the Classes 12 Vocational stream.</p><p><strong>Typical subjects or topics:</strong> Banking and Finance</p><p><strong>Recommended course structure:</strong> Chapter / unit-wise courses</p><p><a href=""https://en.wikipedia.org/wiki/Special:Search?search=Banking%20and%20Finance"" target=""_blank"" rel=""noopener noreferrer"">Wikipedia reference: Banking and Finance</a></p>"
School,Vocational,Automotive,CAT-GRD-012-VOC-AUT,"<p><strong>Automotive</strong></p><p>Automotive subject for the Classes 12 Vocational stream.</p><p><strong>Typical subjects or topics:</strong> Automotive</p><p><strong>Recommended course structure:</strong> Chapter / unit-wise courses</p><p><a href=""https://en.wikipedia.org/wiki/Special:Search?search=Automotive"" target=""_blank"" rel=""noopener noreferrer"">Wikipedia reference: Automotive</a></p>"
School,Vocational,Vocational Electives,CAT-GRD-012-VOC-EL,"<p><strong>Vocational Electives</strong></p><p>Vocational Electives subject for the Classes 12 Vocational stream.</p><p><strong>Typical subjects or topics:</strong> Vocational Electives</p><p><strong>Recommended course structure:</strong> Chapter / unit-wise courses</p><p><a href=""https://en.wikipedia.org/wiki/Special:Search?search=Vocational%20Electives"" target=""_blank"" rel=""noopener noreferrer"">Wikipedia reference: Vocational Electives</a></p>"
School,Pre-Primary,Nursery,CAT-GRD-NUR,"<p><strong>Nursery</strong></p><p>Nursery early-childhood learning category.</p><p><strong>Typical subjects or topics:</strong> Language readiness, pre-numeracy, environmental awareness, creative expression, motor development</p><p><strong>Recommended course structure:</strong> Theme / skill modules</p><p><a href=""https://en.wikipedia.org/wiki/Special:Search?search=Nursery"" target=""_blank"" rel=""noopener noreferrer"">Wikipedia reference: Nursery</a></p>"
School,Nursery,Language and Literacy Readiness,CAT-GRD-NUR-LNG,"<p><strong>Language and Literacy Readiness</strong></p><p>Language and Literacy Readiness specialization covering applied knowledge, procedures, tools, and role-relevant practice.</p><p><strong>Typical subjects or topics:</strong> Language and Literacy Readiness</p><p><strong>Recommended course structure:</strong> Theme / skill modules</p><p><a href=""https://en.wikipedia.org/wiki/Special:Search?search=Language%20and%20Literacy%20Readiness"" target=""_blank"" rel=""noopener noreferrer"">Wikipedia reference: Language and Literacy Readiness</a></p>"
School,Nursery,Numeracy Readiness,CAT-GRD-NUR-NUM,"<p><strong>Numeracy Readiness</strong></p><p>Numeracy Readiness specialization covering applied knowledge, procedures, tools, and role-relevant practice.</p><p><strong>Typical subjects or topics:</strong> Numeracy Readiness</p><p><strong>Recommended course structure:</strong> Theme / skill modules</p><p><a href=""https://en.wikipedia.org/wiki/Special:Search?search=Numeracy%20Readiness"" target=""_blank"" rel=""noopener noreferrer"">Wikipedia reference: Numeracy Readiness</a></p>"
School,Nursery,Environmental Awareness,CAT-GRD-NUR-EVS,"<p><strong>Environmental Awareness</strong></p><p>Environmental Awareness specialization covering applied knowledge, procedures, tools, and role-relevant practice.</p><p><strong>Typical subjects or topics:</strong> Environmental Awareness</p><p><strong>Recommended course structure:</strong> Theme / skill modules</p><p><a href=""https://en.wikipedia.org/wiki/Special:Search?search=Environmental%20Awareness"" target=""_blank"" rel=""noopener noreferrer"">Wikipedia reference: Environmental Awareness</a></p>"
School,Nursery,Creative Arts and Music,CAT-GRD-NUR-ART,"<p><strong>Creative Arts and Music</strong></p><p>Creative Arts and Music specialization covering applied knowledge, procedures, tools, and role-relevant practice.</p><p><strong>Typical subjects or topics:</strong> Creative Arts and Music</p><p><strong>Recommended course structure:</strong> Theme / skill modules</p><p><a href=""https://en.wikipedia.org/wiki/Special:Search?search=Creative%20Arts%20and%20Music"" target=""_blank"" rel=""noopener noreferrer"">Wikipedia reference: Creative Arts and Music</a></p>"
School,Nursery,Physical and Motor Development,CAT-GRD-NUR-PH,"<p><strong>Physical and Motor Development</strong></p><p>Physical and Motor Development specialization covering applied knowledge, procedures, tools, and role-relevant practice.</p><p><strong>Typical subjects or topics:</strong> Physical and Motor Development</p><p><strong>Recommended course structure:</strong> Theme / skill modules</p><p><a href=""https://en.wikipedia.org/wiki/Special:Search?search=Physical%20and%20Motor%20Development"" target=""_blank"" rel=""noopener noreferrer"">Wikipedia reference: Physical and Motor Development</a></p>"
School,Nursery,Social-Emotional Learning,CAT-GRD-NUR-SEL,"<p><strong>Social-Emotional Learning</strong></p><p>Social-Emotional Learning specialization covering applied knowledge, procedures, tools, and role-relevant practice.</p><p><strong>Typical subjects or topics:</strong> Social-Emotional Learning</p><p><strong>Recommended course structure:</strong> Theme / skill modules</p><p><a href=""https://en.wikipedia.org/wiki/Special:Search?search=Social-Emotional%20Learning"" target=""_blank"" rel=""noopener noreferrer"">Wikipedia reference: Social-Emotional Learning</a></p>"
School,Pre-Primary,Lower Kindergarten (LKG),CAT-GRD-LKG,"<p><strong>Lower Kindergarten (LKG)</strong></p><p>Lower Kindergarten (LKG) early-childhood learning category.</p><p><strong>Typical subjects or topics:</strong> Language readiness, pre-numeracy, environmental awareness, creative expression, motor development</p><p><strong>Recommended course structure:</strong> Theme / skill modules</p><p><a href=""https://en.wikipedia.org/wiki/Special:Search?search=Lower%20Kindergarten%20(LKG)"" target=""_blank"" rel=""noopener noreferrer"">Wikipedia reference: Lower Kindergarten (LKG)</a></p>"
School,Lower Kindergarten (LKG),Language and Literacy Readiness,CAT-GRD-LKG-LNG,"<p><strong>Language and Literacy Readiness</strong></p><p>Language and Literacy Readiness specialization covering applied knowledge, procedures, tools, and role-relevant practice.</p><p><strong>Typical subjects or topics:</strong> Language and Literacy Readiness</p><p><strong>Recommended course structure:</strong> Theme / skill modules</p><p><a href=""https://en.wikipedia.org/wiki/Special:Search?search=Language%20and%20Literacy%20Readiness"" target=""_blank"" rel=""noopener noreferrer"">Wikipedia reference: Language and Literacy Readiness</a></p>"
School,Lower Kindergarten (LKG),Numeracy Readiness,CAT-GRD-LKG-NUM,"<p><strong>Numeracy Readiness</strong></p><p>Numeracy Readiness specialization covering applied knowledge, procedures, tools, and role-relevant practice.</p><p><strong>Typical subjects or topics:</strong> Numeracy Readiness</p><p><strong>Recommended course structure:</strong> Theme / skill modules</p><p><a href=""https://en.wikipedia.org/wiki/Special:Search?search=Numeracy%20Readiness"" target=""_blank"" rel=""noopener noreferrer"">Wikipedia reference: Numeracy Readiness</a></p>"
School,Lower Kindergarten (LKG),Environmental Awareness,CAT-GRD-LKG-EVS,"<p><strong>Environmental Awareness</strong></p><p>Environmental Awareness specialization covering applied knowledge, procedures, tools, and role-relevant practice.</p><p><strong>Typical subjects or topics:</strong> Environmental Awareness</p><p><strong>Recommended course structure:</strong> Theme / skill modules</p><p><a href=""https://en.wikipedia.org/wiki/Special:Search?search=Environmental%20Awareness"" target=""_blank"" rel=""noopener noreferrer"">Wikipedia reference: Environmental Awareness</a></p>"
School,Lower Kindergarten (LKG),Creative Arts and Music,CAT-GRD-LKG-ART,"<p><strong>Creative Arts and Music</strong></p><p>Creative Arts and Music specialization covering applied knowledge, procedures, tools, and role-relevant practice.</p><p><strong>Typical subjects or topics:</strong> Creative Arts and Music</p><p><strong>Recommended course structure:</strong> Theme / skill modules</p><p><a href=""https://en.wikipedia.org/wiki/Special:Search?search=Creative%20Arts%20and%20Music"" target=""_blank"" rel=""noopener noreferrer"">Wikipedia reference: Creative Arts and Music</a></p>"
School,Lower Kindergarten (LKG),Physical and Motor Development,CAT-GRD-LKG-PH,"<p><strong>Physical and Motor Development</strong></p><p>Physical and Motor Development specialization covering applied knowledge, procedures, tools, and role-relevant practice.</p><p><strong>Typical subjects or topics:</strong> Physical and Motor Development</p><p><strong>Recommended course structure:</strong> Theme / skill modules</p><p><a href=""https://en.wikipedia.org/wiki/Special:Search?search=Physical%20and%20Motor%20Development"" target=""_blank"" rel=""noopener noreferrer"">Wikipedia reference: Physical and Motor Development</a></p>"
School,Lower Kindergarten (LKG),Social-Emotional Learning,CAT-GRD-LKG-SEL,"<p><strong>Social-Emotional Learning</strong></p><p>Social-Emotional Learning specialization covering applied knowledge, procedures, tools, and role-relevant practice.</p><p><strong>Typical subjects or topics:</strong> Social-Emotional Learning</p><p><strong>Recommended course structure:</strong> Theme / skill modules</p><p><a href=""https://en.wikipedia.org/wiki/Special:Search?search=Social-Emotional%20Learning"" target=""_blank"" rel=""noopener noreferrer"">Wikipedia reference: Social-Emotional Learning</a></p>"
School,Pre-Primary,Upper Kindergarten (UKG),CAT-GRD-UKG,"<p><strong>Upper Kindergarten (UKG)</strong></p><p>Upper Kindergarten (UKG) early-childhood learning category.</p><p><strong>Typical subjects or topics:</strong> Language readiness, pre-numeracy, environmental awareness, creative expression, motor development</p><p><strong>Recommended course structure:</strong> Theme / skill modules</p><p><a href=""https://en.wikipedia.org/wiki/Special:Search?search=Upper%20Kindergarten%20(UKG)"" target=""_blank"" rel=""noopener noreferrer"">Wikipedia reference: Upper Kindergarten (UKG)</a></p>"
School,Upper Kindergarten (UKG),Language and Literacy Readiness,CAT-GRD-UKG-LNG,"<p><strong>Language and Literacy Readiness</strong></p><p>Language and Literacy Readiness specialization covering applied knowledge, procedures, tools, and role-relevant practice.</p><p><strong>Typical subjects or topics:</strong> Language and Literacy Readiness</p><p><strong>Recommended course structure:</strong> Theme / skill modules</p><p><a href=""https://en.wikipedia.org/wiki/Special:Search?search=Language%20and%20Literacy%20Readiness"" target=""_blank"" rel=""noopener noreferrer"">Wikipedia reference: Language and Literacy Readiness</a></p>"
School,Upper Kindergarten (UKG),Numeracy Readiness,CAT-GRD-UKG-NUM,"<p><strong>Numeracy Readiness</strong></p><p>Numeracy Readiness specialization covering applied knowledge, procedures, tools, and role-relevant practice.</p><p><strong>Typical subjects or topics:</strong> Numeracy Readiness</p><p><strong>Recommended course structure:</strong> Theme / skill modules</p><p><a href=""https://en.wikipedia.org/wiki/Special:Search?search=Numeracy%20Readiness"" target=""_blank"" rel=""noopener noreferrer"">Wikipedia reference: Numeracy Readiness</a></p>"
School,Upper Kindergarten (UKG),Environmental Awareness,CAT-GRD-UKG-EVS,"<p><strong>Environmental Awareness</strong></p><p>Environmental Awareness specialization covering applied knowledge, procedures, tools, and role-relevant practice.</p><p><strong>Typical subjects or topics:</strong> Environmental Awareness</p><p><strong>Recommended course structure:</strong> Theme / skill modules</p><p><a href=""https://en.wikipedia.org/wiki/Special:Search?search=Environmental%20Awareness"" target=""_blank"" rel=""noopener noreferrer"">Wikipedia reference: Environmental Awareness</a></p>"
School,Upper Kindergarten (UKG),Creative Arts and Music,CAT-GRD-UKG-ART,"<p><strong>Creative Arts and Music</strong></p><p>Creative Arts and Music specialization covering applied knowledge, procedures, tools, and role-relevant practice.</p><p><strong>Typical subjects or topics:</strong> Creative Arts and Music</p><p><strong>Recommended course structure:</strong> Theme / skill modules</p><p><a href=""https://en.wikipedia.org/wiki/Special:Search?search=Creative%20Arts%20and%20Music"" target=""_blank"" rel=""noopener noreferrer"">Wikipedia reference: Creative Arts and Music</a></p>"
School,Upper Kindergarten (UKG),Physical and Motor Development,CAT-GRD-UKG-PH,"<p><strong>Physical and Motor Development</strong></p><p>Physical and Motor Development specialization covering applied knowledge, procedures, tools, and role-relevant practice.</p><p><strong>Typical subjects or topics:</strong> Physical and Motor Development</p><p><strong>Recommended course structure:</strong> Theme / skill modules</p><p><a href=""https://en.wikipedia.org/wiki/Special:Search?search=Physical%20and%20Motor%20Development"" target=""_blank"" rel=""noopener noreferrer"">Wikipedia reference: Physical and Motor Development</a></p>"
School,Upper Kindergarten (UKG),Social-Emotional Learning,CAT-GRD-UKG-SEL,"<p><strong>Social-Emotional Learning</strong></p><p>Social-Emotional Learning specialization covering applied knowledge, procedures, tools, and role-relevant practice.</p><p><strong>Typical subjects or topics:</strong> Social-Emotional Learning</p><p><strong>Recommended course structure:</strong> Theme / skill modules</p><p><a href=""https://en.wikipedia.org/wiki/Special:Search?search=Social-Emotional%20Learning"" target=""_blank"" rel=""noopener noreferrer"">Wikipedia reference: Social-Emotional Learning</a></p>"
School,Primary (Classes 1-5),Class 1,CAT-GRD-001,"<p><strong>Class 1</strong></p><p>Curriculum category for Class 1.</p><p><strong>Typical subjects or topics:</strong> English, Hindi or Regional Language, Mathematics, Environmental Studies, Art and Craft, Physical Education, Digital Awareness</p><p><strong>Recommended course structure:</strong> Subject / chapter courses</p><p><a href=""https://en.wikipedia.org/wiki/Special:Search?search=Class%201"" target=""_blank"" rel=""noopener noreferrer"">Wikipedia reference: Class 1</a></p>"
School,Class 1,English,CAT-GRD-001-EN,"<p><strong>English</strong></p><p>English specialization covering applied knowledge, procedures, tools, and role-relevant practice.</p><p><strong>Typical subjects or topics:</strong> English</p><p><strong>Recommended course structure:</strong> Chapter-wise courses</p><p><a href=""https://en.wikipedia.org/wiki/Special:Search?search=English"" target=""_blank"" rel=""noopener noreferrer"">Wikipedia reference: English</a></p>"
School,Class 1,Hindi or Regional Language,CAT-GRD-001-LAN,"<p><strong>Hindi or Regional Language</strong></p><p>Hindi or Regional Language specialization covering applied knowledge, procedures, tools, and role-relevant practice.</p><p><strong>Typical subjects or topics:</strong> Hindi or Regional Language</p><p><strong>Recommended course structure:</strong> Chapter-wise courses</p><p><a href=""https://en.wikipedia.org/wiki/Special:Search?search=Hindi%20or%20Regional%20Language"" target=""_blank"" rel=""noopener noreferrer"">Wikipedia reference: Hindi or Regional Language</a></p>"
School,Class 1,Mathematics,CAT-GRD-001-MA,"<p><strong>Mathematics</strong></p><p>Mathematics specialization covering applied knowledge, procedures, tools, and role-relevant practice.</p><p><strong>Typical subjects or topics:</strong> Mathematics</p><p><strong>Recommended course structure:</strong> Chapter-wise courses</p><p><a href=""https://en.wikipedia.org/wiki/Special:Search?search=Mathematics"" target=""_blank"" rel=""noopener noreferrer"">Wikipedia reference: Mathematics</a></p>"
School,Class 1,Environmental Studies,CAT-GRD-001-EVS,"<p><strong>Environmental Studies</strong></p><p>Environmental Studies specialization covering applied knowledge, procedures, tools, and role-relevant practice.</p><p><strong>Typical subjects or topics:</strong> Environmental Studies</p><p><strong>Recommended course structure:</strong> Chapter-wise courses</p><p><a href=""https://en.wikipedia.org/wiki/Special:Search?search=Environmental%20Studies"" target=""_blank"" rel=""noopener noreferrer"">Wikipedia reference: Environmental Studies</a></p>"
School,Class 1,Art and Craft,CAT-GRD-001-ART,"<p><strong>Art and Craft</strong></p><p>Art and Craft specialization covering applied knowledge, procedures, tools, and role-relevant practice.</p><p><strong>Typical subjects or topics:</strong> Art and Craft</p><p><strong>Recommended course structure:</strong> Chapter-wise courses</p><p><a href=""https://en.wikipedia.org/wiki/Special:Search?search=Art%20and%20Craft"" target=""_blank"" rel=""noopener noreferrer"">Wikipedia reference: Art and Craft</a></p>"
School,Class 1,Physical Education,CAT-GRD-001-PE,"<p><strong>Physical Education</strong></p><p>Physical Education specialization covering applied knowledge, procedures, tools, and role-relevant practice.</p><p><strong>Typical subjects or topics:</strong> Physical Education</p><p><strong>Recommended course structure:</strong> Chapter-wise courses</p><p><a href=""https://en.wikipedia.org/wiki/Special:Search?search=Physical%20Education"" target=""_blank"" rel=""noopener noreferrer"">Wikipedia reference: Physical Education</a></p>"
School,Class 1,Digital Awareness,CAT-GRD-001-DIG,"<p><strong>Digital Awareness</strong></p><p>Digital Awareness specialization covering applied knowledge, procedures, tools, and role-relevant practice.</p><p><strong>Typical subjects or topics:</strong> Digital Awareness</p><p><strong>Recommended course structure:</strong> Chapter-wise courses</p><p><a href=""https://en.wikipedia.org/wiki/Special:Search?search=Digital%20Awareness"" target=""_blank"" rel=""noopener noreferrer"">Wikipedia reference: Digital Awareness</a></p>"
School,Primary (Classes 1-5),Class 2,CAT-GRD-002,"<p><strong>Class 2</strong></p><p>Curriculum category for Class 2.</p><p><strong>Typical subjects or topics:</strong> English, Hindi or Regional Language, Mathematics, Environmental Studies, Art and Craft, Physical Education, Digital Awareness</p><p><strong>Recommended course structure:</strong> Subject / chapter courses</p><p><a href=""https://en.wikipedia.org/wiki/Special:Search?search=Class%202"" target=""_blank"" rel=""noopener noreferrer"">Wikipedia reference: Class 2</a></p>"
School,Class 2,English,CAT-GRD-002-EN,"<p><strong>English</strong></p><p>English specialization covering applied knowledge, procedures, tools, and role-relevant practice.</p><p><strong>Typical subjects or topics:</strong> English</p><p><strong>Recommended course structure:</strong> Chapter-wise courses</p><p><a href=""https://en.wikipedia.org/wiki/Special:Search?search=English"" target=""_blank"" rel=""noopener noreferrer"">Wikipedia reference: English</a></p>"
School,Class 2,Hindi or Regional Language,CAT-GRD-002-LAN,"<p><strong>Hindi or Regional Language</strong></p><p>Hindi or Regional Language specialization covering applied knowledge, procedures, tools, and role-relevant practice.</p><p><strong>Typical subjects or topics:</strong> Hindi or Regional Language</p><p><strong>Recommended course structure:</strong> Chapter-wise courses</p><p><a href=""https://en.wikipedia.org/wiki/Special:Search?search=Hindi%20or%20Regional%20Language"" target=""_blank"" rel=""noopener noreferrer"">Wikipedia reference: Hindi or Regional Language</a></p>"
School,Class 2,Mathematics,CAT-GRD-002-MA,"<p><strong>Mathematics</strong></p><p>Mathematics specialization covering applied knowledge, procedures, tools, and role-relevant practice.</p><p><strong>Typical subjects or topics:</strong> Mathematics</p><p><strong>Recommended course structure:</strong> Chapter-wise courses</p><p><a href=""https://en.wikipedia.org/wiki/Special:Search?search=Mathematics"" target=""_blank"" rel=""noopener noreferrer"">Wikipedia reference: Mathematics</a></p>"
School,Class 2,Environmental Studies,CAT-GRD-002-EVS,"<p><strong>Environmental Studies</strong></p><p>Environmental Studies specialization covering applied knowledge, procedures, tools, and role-relevant practice.</p><p><strong>Typical subjects or topics:</strong> Environmental Studies</p><p><strong>Recommended course structure:</strong> Chapter-wise courses</p><p><a href=""https://en.wikipedia.org/wiki/Special:Search?search=Environmental%20Studies"" target=""_blank"" rel=""noopener noreferrer"">Wikipedia reference: Environmental Studies</a></p>"
School,Class 2,Art and Craft,CAT-GRD-002-ART,"<p><strong>Art and Craft</strong></p><p>Art and Craft specialization covering applied knowledge, procedures, tools, and role-relevant practice.</p><p><strong>Typical subjects or topics:</strong> Art and Craft</p><p><strong>Recommended course structure:</strong> Chapter-wise courses</p><p><a href=""https://en.wikipedia.org/wiki/Special:Search?search=Art%20and%20Craft"" target=""_blank"" rel=""noopener noreferrer"">Wikipedia reference: Art and Craft</a></p>"
School,Class 2,Physical Education,CAT-GRD-002-PE,"<p><strong>Physical Education</strong></p><p>Physical Education specialization covering applied knowledge, procedures, tools, and role-relevant practice.</p><p><strong>Typical subjects or topics:</strong> Physical Education</p><p><strong>Recommended course structure:</strong> Chapter-wise courses</p><p><a href=""https://en.wikipedia.org/wiki/Special:Search?search=Physical%20Education"" target=""_blank"" rel=""noopener noreferrer"">Wikipedia reference: Physical Education</a></p>"
School,Class 2,Digital Awareness,CAT-GRD-002-DIG,"<p><strong>Digital Awareness</strong></p><p>Digital Awareness specialization covering applied knowledge, procedures, tools, and role-relevant practice.</p><p><strong>Typical subjects or topics:</strong> Digital Awareness</p><p><strong>Recommended course structure:</strong> Chapter-wise courses</p><p><a href=""https://en.wikipedia.org/wiki/Special:Search?search=Digital%20Awareness"" target=""_blank"" rel=""noopener noreferrer"">Wikipedia reference: Digital Awareness</a></p>"
School,Primary (Classes 1-5),Class 3,CAT-GRD-003,"<p><strong>Class 3</strong></p><p>Curriculum category for Class 3.</p><p><strong>Typical subjects or topics:</strong> English, Hindi or Regional Language, Mathematics, Environmental Studies, Art and Craft, Physical Education, Computer Awareness</p><p><strong>Recommended course structure:</strong> Subject / chapter courses</p><p><a href=""https://en.wikipedia.org/wiki/Special:Search?search=Class%203"" target=""_blank"" rel=""noopener noreferrer"">Wikipedia reference: Class 3</a></p>"
School,Class 3,English,CAT-GRD-003-EN,"<p><strong>English</strong></p><p>English specialization covering applied knowledge, procedures, tools, and role-relevant practice.</p><p><strong>Typical subjects or topics:</strong> English</p><p><strong>Recommended course structure:</strong> Chapter-wise courses</p><p><a href=""https://en.wikipedia.org/wiki/Special:Search?search=English"" target=""_blank"" rel=""noopener noreferrer"">Wikipedia reference: English</a></p>"
School,Class 3,Hindi or Regional Language,CAT-GRD-003-LAN,"<p><strong>Hindi or Regional Language</strong></p><p>Hindi or Regional Language specialization covering applied knowledge, procedures, tools, and role-relevant practice.</p><p><strong>Typical subjects or topics:</strong> Hindi or Regional Language</p><p><strong>Recommended course structure:</strong> Chapter-wise courses</p><p><a href=""https://en.wikipedia.org/wiki/Special:Search?search=Hindi%20or%20Regional%20Language"" target=""_blank"" rel=""noopener noreferrer"">Wikipedia reference: Hindi or Regional Language</a></p>"
School,Class 3,Mathematics,CAT-GRD-003-MA,"<p><strong>Mathematics</strong></p><p>Mathematics specialization covering applied knowledge, procedures, tools, and role-relevant practice.</p><p><strong>Typical subjects or topics:</strong> Mathematics</p><p><strong>Recommended course structure:</strong> Chapter-wise courses</p><p><a href=""https://en.wikipedia.org/wiki/Special:Search?search=Mathematics"" target=""_blank"" rel=""noopener noreferrer"">Wikipedia reference: Mathematics</a></p>"
School,Class 3,Environmental Studies,CAT-GRD-003-EVS,"<p><strong>Environmental Studies</strong></p><p>Environmental Studies specialization covering applied knowledge, procedures, tools, and role-relevant practice.</p><p><strong>Typical subjects or topics:</strong> Environmental Studies</p><p><strong>Recommended course structure:</strong> Chapter-wise courses</p><p><a href=""https://en.wikipedia.org/wiki/Special:Search?search=Environmental%20Studies"" target=""_blank"" rel=""noopener noreferrer"">Wikipedia reference: Environmental Studies</a></p>"
School,Class 3,Art and Craft,CAT-GRD-003-ART,"<p><strong>Art and Craft</strong></p><p>Art and Craft specialization covering applied knowledge, procedures, tools, and role-relevant practice.</p><p><strong>Typical subjects or topics:</strong> Art and Craft</p><p><strong>Recommended course structure:</strong> Chapter-wise courses</p><p><a href=""https://en.wikipedia.org/wiki/Special:Search?search=Art%20and%20Craft"" target=""_blank"" rel=""noopener noreferrer"">Wikipedia reference: Art and Craft</a></p>"
School,Class 3,Physical Education,CAT-GRD-003-PE,"<p><strong>Physical Education</strong></p><p>Physical Education specialization covering applied knowledge, procedures, tools, and role-relevant practice.</p><p><strong>Typical subjects or topics:</strong> Physical Education</p><p><strong>Recommended course structure:</strong> Chapter-wise courses</p><p><a href=""https://en.wikipedia.org/wiki/Special:Search?search=Physical%20Education"" target=""_blank"" rel=""noopener noreferrer"">Wikipedia reference: Physical Education</a></p>"
School,Class 3,Computer Awareness,CAT-GRD-003-DIG,"<p><strong>Computer Awareness</strong></p><p>Computer Awareness specialization covering applied knowledge, procedures, tools, and role-relevant practice.</p><p><strong>Typical subjects or topics:</strong> Computer Awareness</p><p><strong>Recommended course structure:</strong> Chapter-wise courses</p><p><a href=""https://en.wikipedia.org/wiki/Special:Search?search=Computer%20Awareness"" target=""_blank"" rel=""noopener noreferrer"">Wikipedia reference: Computer Awareness</a></p>"
School,Primary (Classes 1-5),Class 4,CAT-GRD-004,"<p><strong>Class 4</strong></p><p>Curriculum category for Class 4.</p><p><strong>Typical subjects or topics:</strong> English, Hindi or Regional Language, Mathematics, Environmental Studies, Art and Craft, Physical Education, Computer Studies</p><p><strong>Recommended course structure:</strong> Subject / chapter courses</p><p><a href=""https://en.wikipedia.org/wiki/Special:Search?search=Class%204"" target=""_blank"" rel=""noopener noreferrer"">Wikipedia reference: Class 4</a></p>"
School,Class 4,English,CAT-GRD-004-EN,"<p><strong>English</strong></p><p>English specialization covering applied knowledge, procedures, tools, and role-relevant practice.</p><p><strong>Typical subjects or topics:</strong> English</p><p><strong>Recommended course structure:</strong> Chapter-wise courses</p><p><a href=""https://en.wikipedia.org/wiki/Special:Search?search=English"" target=""_blank"" rel=""noopener noreferrer"">Wikipedia reference: English</a></p>"
School,Class 4,Hindi or Regional Language,CAT-GRD-004-LAN,"<p><strong>Hindi or Regional Language</strong></p><p>Hindi or Regional Language specialization covering applied knowledge, procedures, tools, and role-relevant practice.</p><p><strong>Typical subjects or topics:</strong> Hindi or Regional Language</p><p><strong>Recommended course structure:</strong> Chapter-wise courses</p><p><a href=""https://en.wikipedia.org/wiki/Special:Search?search=Hindi%20or%20Regional%20Language"" target=""_blank"" rel=""noopener noreferrer"">Wikipedia reference: Hindi or Regional Language</a></p>"
School,Class 4,Mathematics,CAT-GRD-004-MA,"<p><strong>Mathematics</strong></p><p>Mathematics specialization covering applied knowledge, procedures, tools, and role-relevant practice.</p><p><strong>Typical subjects or topics:</strong> Mathematics</p><p><strong>Recommended course structure:</strong> Chapter-wise courses</p><p><a href=""https://en.wikipedia.org/wiki/Special:Search?search=Mathematics"" target=""_blank"" rel=""noopener noreferrer"">Wikipedia reference: Mathematics</a></p>"
School,Class 4,Environmental Studies,CAT-GRD-004-EVS,"<p><strong>Environmental Studies</strong></p><p>Environmental Studies specialization covering applied knowledge, procedures, tools, and role-relevant practice.</p><p><strong>Typical subjects or topics:</strong> Environmental Studies</p><p><strong>Recommended course structure:</strong> Chapter-wise courses</p><p><a href=""https://en.wikipedia.org/wiki/Special:Search?search=Environmental%20Studies"" target=""_blank"" rel=""noopener noreferrer"">Wikipedia reference: Environmental Studies</a></p>"
School,Class 4,Art and Craft,CAT-GRD-004-ART,"<p><strong>Art and Craft</strong></p><p>Art and Craft specialization covering applied knowledge, procedures, tools, and role-relevant practice.</p><p><strong>Typical subjects or topics:</strong> Art and Craft</p><p><strong>Recommended course structure:</strong> Chapter-wise courses</p><p><a href=""https://en.wikipedia.org/wiki/Special:Search?search=Art%20and%20Craft"" target=""_blank"" rel=""noopener noreferrer"">Wikipedia reference: Art and Craft</a></p>"
School,Class 4,Physical Education,CAT-GRD-004-PE,"<p><strong>Physical Education</strong></p><p>Physical Education specialization covering applied knowledge, procedures, tools, and role-relevant practice.</p><p><strong>Typical subjects or topics:</strong> Physical Education</p><p><strong>Recommended course structure:</strong> Chapter-wise courses</p><p><a href=""https://en.wikipedia.org/wiki/Special:Search?search=Physical%20Education"" target=""_blank"" rel=""noopener noreferrer"">Wikipedia reference: Physical Education</a></p>"
School,Class 4,Computer Studies,CAT-GRD-004-DIG,"<p><strong>Computer Studies</strong></p><p>Computer Studies specialization covering applied knowledge, procedures, tools, and role-relevant practice.</p><p><strong>Typical subjects or topics:</strong> Computer Studies</p><p><strong>Recommended course structure:</strong> Chapter-wise courses</p><p><a href=""https://en.wikipedia.org/wiki/Special:Search?search=Computer%20Studies"" target=""_blank"" rel=""noopener noreferrer"">Wikipedia reference: Computer Studies</a></p>"
School,Primary (Classes 1-5),Class 5,CAT-GRD-005,"<p><strong>Class 5</strong></p><p>Curriculum category for Class 5.</p><p><strong>Typical subjects or topics:</strong> English, Hindi or Regional Language, Mathematics, Environmental Studies, Art and Craft, Physical Education, Computer Studies</p><p><strong>Recommended course structure:</strong> Subject / chapter courses</p><p><a href=""https://en.wikipedia.org/wiki/Special:Search?search=Class%205"" target=""_blank"" rel=""noopener noreferrer"">Wikipedia reference: Class 5</a></p>"
School,Class 5,English,CAT-GRD-005-EN,"<p><strong>English</strong></p><p>English specialization covering applied knowledge, procedures, tools, and role-relevant practice.</p><p><strong>Typical subjects or topics:</strong> English</p><p><strong>Recommended course structure:</strong> Chapter-wise courses</p><p><a href=""https://en.wikipedia.org/wiki/Special:Search?search=English"" target=""_blank"" rel=""noopener noreferrer"">Wikipedia reference: English</a></p>"
School,Class 5,Hindi or Regional Language,CAT-GRD-005-LAN,"<p><strong>Hindi or Regional Language</strong></p><p>Hindi or Regional Language specialization covering applied knowledge, procedures, tools, and role-relevant practice.</p><p><strong>Typical subjects or topics:</strong> Hindi or Regional Language</p><p><strong>Recommended course structure:</strong> Chapter-wise courses</p><p><a href=""https://en.wikipedia.org/wiki/Special:Search?search=Hindi%20or%20Regional%20Language"" target=""_blank"" rel=""noopener noreferrer"">Wikipedia reference: Hindi or Regional Language</a></p>"
School,Class 5,Mathematics,CAT-GRD-005-MA,"<p><strong>Mathematics</strong></p><p>Mathematics specialization covering applied knowledge, procedures, tools, and role-relevant practice.</p><p><strong>Typical subjects or topics:</strong> Mathematics</p><p><strong>Recommended course structure:</strong> Chapter-wise courses</p><p><a href=""https://en.wikipedia.org/wiki/Special:Search?search=Mathematics"" target=""_blank"" rel=""noopener noreferrer"">Wikipedia reference: Mathematics</a></p>"
School,Class 5,Environmental Studies,CAT-GRD-005-EVS,"<p><strong>Environmental Studies</strong></p><p>Environmental Studies specialization covering applied knowledge, procedures, tools, and role-relevant practice.</p><p><strong>Typical subjects or topics:</strong> Environmental Studies</p><p><strong>Recommended course structure:</strong> Chapter-wise courses</p><p><a href=""https://en.wikipedia.org/wiki/Special:Search?search=Environmental%20Studies"" target=""_blank"" rel=""noopener noreferrer"">Wikipedia reference: Environmental Studies</a></p>"
School,Class 5,Art and Craft,CAT-GRD-005-ART,"<p><strong>Art and Craft</strong></p><p>Art and Craft specialization covering applied knowledge, procedures, tools, and role-relevant practice.</p><p><strong>Typical subjects or topics:</strong> Art and Craft</p><p><strong>Recommended course structure:</strong> Chapter-wise courses</p><p><a href=""https://en.wikipedia.org/wiki/Special:Search?search=Art%20and%20Craft"" target=""_blank"" rel=""noopener noreferrer"">Wikipedia reference: Art and Craft</a></p>"
School,Class 5,Physical Education,CAT-GRD-005-PE,"<p><strong>Physical Education</strong></p><p>Physical Education specialization covering applied knowledge, procedures, tools, and role-relevant practice.</p><p><strong>Typical subjects or topics:</strong> Physical Education</p><p><strong>Recommended course structure:</strong> Chapter-wise courses</p><p><a href=""https://en.wikipedia.org/wiki/Special:Search?search=Physical%20Education"" target=""_blank"" rel=""noopener noreferrer"">Wikipedia reference: Physical Education</a></p>"
School,Class 5,Computer Studies,CAT-GRD-005-DIG,"<p><strong>Computer Studies</strong></p><p>Computer Studies specialization covering applied knowledge, procedures, tools, and role-relevant practice.</p><p><strong>Typical subjects or topics:</strong> Computer Studies</p><p><strong>Recommended course structure:</strong> Chapter-wise courses</p><p><a href=""https://en.wikipedia.org/wiki/Special:Search?search=Computer%20Studies"" target=""_blank"" rel=""noopener noreferrer"">Wikipedia reference: Computer Studies</a></p>"
School,Middle (Classes 6-8),Class 6,CAT-GRD-006,"<p><strong>Class 6</strong></p><p>Curriculum category for Class 6.</p><p><strong>Typical subjects or topics:</strong> English, Hindi or Regional Language, Third Language, Mathematics, Science, Social Science, Computer Science, Arts Education, Physical Education</p><p><strong>Recommended course structure:</strong> Subject / chapter courses</p><p><a href=""https://en.wikipedia.org/wiki/Special:Search?search=Class%206"" target=""_blank"" rel=""noopener noreferrer"">Wikipedia reference: Class 6</a></p>"
School,Class 6,English,CAT-GRD-006-EN,"<p><strong>English</strong></p><p>English specialization covering applied knowledge, procedures, tools, and role-relevant practice.</p><p><strong>Typical subjects or topics:</strong> English</p><p><strong>Recommended course structure:</strong> Chapter-wise courses</p><p><a href=""https://en.wikipedia.org/wiki/Special:Search?search=English"" target=""_blank"" rel=""noopener noreferrer"">Wikipedia reference: English</a></p>"
School,Class 6,Hindi or Regional Language,CAT-GRD-006-LAN1,"<p><strong>Hindi or Regional Language</strong></p><p>Hindi or Regional Language specialization covering applied knowledge, procedures, tools, and role-relevant practice.</p><p><strong>Typical subjects or topics:</strong> Hindi or Regional Language</p><p><strong>Recommended course structure:</strong> Chapter-wise courses</p><p><a href=""https://en.wikipedia.org/wiki/Special:Search?search=Hindi%20or%20Regional%20Language"" target=""_blank"" rel=""noopener noreferrer"">Wikipedia reference: Hindi or Regional Language</a></p>"
School,Class 6,Third Language,CAT-GRD-006-LAN2,"<p><strong>Third Language</strong></p><p>Third Language specialization covering applied knowledge, procedures, tools, and role-relevant practice.</p><p><strong>Typical subjects or topics:</strong> Third Language</p><p><strong>Recommended course structure:</strong> Chapter-wise courses</p><p><a href=""https://en.wikipedia.org/wiki/Special:Search?search=Third%20Language"" target=""_blank"" rel=""noopener noreferrer"">Wikipedia reference: Third Language</a></p>"
School,Class 6,Mathematics,CAT-GRD-006-MA,"<p><strong>Mathematics</strong></p><p>Mathematics specialization covering applied knowledge, procedures, tools, and role-relevant practice.</p><p><strong>Typical subjects or topics:</strong> Mathematics</p><p><strong>Recommended course structure:</strong> Chapter-wise courses</p><p><a href=""https://en.wikipedia.org/wiki/Special:Search?search=Mathematics"" target=""_blank"" rel=""noopener noreferrer"">Wikipedia reference: Mathematics</a></p>"
School,Class 6,Science,CAT-GRD-006-SCI,"<p><strong>Science</strong></p><p>Science specialization covering applied knowledge, procedures, tools, and role-relevant practice.</p><p><strong>Typical subjects or topics:</strong> Science</p><p><strong>Recommended course structure:</strong> Chapter-wise courses</p><p><a href=""https://en.wikipedia.org/wiki/Special:Search?search=Science"" target=""_blank"" rel=""noopener noreferrer"">Wikipedia reference: Science</a></p>"
School,Class 6,Social Science,CAT-GRD-006-SST,"<p><strong>Social Science</strong></p><p>Social Science specialization covering applied knowledge, procedures, tools, and role-relevant practice.</p><p><strong>Typical subjects or topics:</strong> Social Science</p><p><strong>Recommended course structure:</strong> Chapter-wise courses</p><p><a href=""https://en.wikipedia.org/wiki/Special:Search?search=Social%20Science"" target=""_blank"" rel=""noopener noreferrer"">Wikipedia reference: Social Science</a></p>"
School,Class 6,Computer Science,CAT-GRD-006-CS,"<p><strong>Computer Science</strong></p><p>Computer Science specialization covering applied knowledge, procedures, tools, and role-relevant practice.</p><p><strong>Typical subjects or topics:</strong> Computer Science</p><p><strong>Recommended course structure:</strong> Chapter-wise courses</p><p><a href=""https://en.wikipedia.org/wiki/Special:Search?search=Computer%20Science"" target=""_blank"" rel=""noopener noreferrer"">Wikipedia reference: Computer Science</a></p>"
School,Class 6,Arts Education,CAT-GRD-006-ART,"<p><strong>Arts Education</strong></p><p>Arts Education specialization covering applied knowledge, procedures, tools, and role-relevant practice.</p><p><strong>Typical subjects or topics:</strong> Arts Education</p><p><strong>Recommended course structure:</strong> Chapter-wise courses</p><p><a href=""https://en.wikipedia.org/wiki/Special:Search?search=Arts%20Education"" target=""_blank"" rel=""noopener noreferrer"">Wikipedia reference: Arts Education</a></p>"
School,Class 6,Physical Education,CAT-GRD-006-PE,"<p><strong>Physical Education</strong></p><p>Physical Education specialization covering applied knowledge, procedures, tools, and role-relevant practice.</p><p><strong>Typical subjects or topics:</strong> Physical Education</p><p><strong>Recommended course structure:</strong> Chapter-wise courses</p><p><a href=""https://en.wikipedia.org/wiki/Special:Search?search=Physical%20Education"" target=""_blank"" rel=""noopener noreferrer"">Wikipedia reference: Physical Education</a></p>"
School,Middle (Classes 6-8),Class 7,CAT-GRD-007,"<p><strong>Class 7</strong></p><p>Curriculum category for Class 7.</p><p><strong>Typical subjects or topics:</strong> English, Hindi or Regional Language, Third Language, Mathematics, Science, Social Science, Computer Science, Arts Education, Physical Education</p><p><strong>Recommended course structure:</strong> Subject / chapter courses</p><p><a href=""https://en.wikipedia.org/wiki/Special:Search?search=Class%207"" target=""_blank"" rel=""noopener noreferrer"">Wikipedia reference: Class 7</a></p>"
School,Class 7,English,CAT-GRD-007-EN,"<p><strong>English</strong></p><p>English specialization covering applied knowledge, procedures, tools, and role-relevant practice.</p><p><strong>Typical subjects or topics:</strong> English</p><p><strong>Recommended course structure:</strong> Chapter-wise courses</p><p><a href=""https://en.wikipedia.org/wiki/Special:Search?search=English"" target=""_blank"" rel=""noopener noreferrer"">Wikipedia reference: English</a></p>"
School,Class 7,Hindi or Regional Language,CAT-GRD-007-LAN1,"<p><strong>Hindi or Regional Language</strong></p><p>Hindi or Regional Language specialization covering applied knowledge, procedures, tools, and role-relevant practice.</p><p><strong>Typical subjects or topics:</strong> Hindi or Regional Language</p><p><strong>Recommended course structure:</strong> Chapter-wise courses</p><p><a href=""https://en.wikipedia.org/wiki/Special:Search?search=Hindi%20or%20Regional%20Language"" target=""_blank"" rel=""noopener noreferrer"">Wikipedia reference: Hindi or Regional Language</a></p>"
School,Class 7,Third Language,CAT-GRD-007-LAN2,"<p><strong>Third Language</strong></p><p>Third Language specialization covering applied knowledge, procedures, tools, and role-relevant practice.</p><p><strong>Typical subjects or topics:</strong> Third Language</p><p><strong>Recommended course structure:</strong> Chapter-wise courses</p><p><a href=""https://en.wikipedia.org/wiki/Special:Search?search=Third%20Language"" target=""_blank"" rel=""noopener noreferrer"">Wikipedia reference: Third Language</a></p>"
School,Class 7,Mathematics,CAT-GRD-007-MA,"<p><strong>Mathematics</strong></p><p>Mathematics specialization covering applied knowledge, procedures, tools, and role-relevant practice.</p><p><strong>Typical subjects or topics:</strong> Mathematics</p><p><strong>Recommended course structure:</strong> Chapter-wise courses</p><p><a href=""https://en.wikipedia.org/wiki/Special:Search?search=Mathematics"" target=""_blank"" rel=""noopener noreferrer"">Wikipedia reference: Mathematics</a></p>"
School,Class 7,Science,CAT-GRD-007-SCI,"<p><strong>Science</strong></p><p>Science specialization covering applied knowledge, procedures, tools, and role-relevant practice.</p><p><strong>Typical subjects or topics:</strong> Science</p><p><strong>Recommended course structure:</strong> Chapter-wise courses</p><p><a href=""https://en.wikipedia.org/wiki/Special:Search?search=Science"" target=""_blank"" rel=""noopener noreferrer"">Wikipedia reference: Science</a></p>"
School,Class 7,Social Science,CAT-GRD-007-SST,"<p><strong>Social Science</strong></p><p>Social Science specialization covering applied knowledge, procedures, tools, and role-relevant practice.</p><p><strong>Typical subjects or topics:</strong> Social Science</p><p><strong>Recommended course structure:</strong> Chapter-wise courses</p><p><a href=""https://en.wikipedia.org/wiki/Special:Search?search=Social%20Science"" target=""_blank"" rel=""noopener noreferrer"">Wikipedia reference: Social Science</a></p>"
School,Class 7,Computer Science,CAT-GRD-007-CS,"<p><strong>Computer Science</strong></p><p>Computer Science specialization covering applied knowledge, procedures, tools, and role-relevant practice.</p><p><strong>Typical subjects or topics:</strong> Computer Science</p><p><strong>Recommended course structure:</strong> Chapter-wise courses</p><p><a href=""https://en.wikipedia.org/wiki/Special:Search?search=Computer%20Science"" target=""_blank"" rel=""noopener noreferrer"">Wikipedia reference: Computer Science</a></p>"
School,Class 7,Arts Education,CAT-GRD-007-ART,"<p><strong>Arts Education</strong></p><p>Arts Education specialization covering applied knowledge, procedures, tools, and role-relevant practice.</p><p><strong>Typical subjects or topics:</strong> Arts Education</p><p><strong>Recommended course structure:</strong> Chapter-wise courses</p><p><a href=""https://en.wikipedia.org/wiki/Special:Search?search=Arts%20Education"" target=""_blank"" rel=""noopener noreferrer"">Wikipedia reference: Arts Education</a></p>"
School,Class 7,Physical Education,CAT-GRD-007-PE,"<p><strong>Physical Education</strong></p><p>Physical Education specialization covering applied knowledge, procedures, tools, and role-relevant practice.</p><p><strong>Typical subjects or topics:</strong> Physical Education</p><p><strong>Recommended course structure:</strong> Chapter-wise courses</p><p><a href=""https://en.wikipedia.org/wiki/Special:Search?search=Physical%20Education"" target=""_blank"" rel=""noopener noreferrer"">Wikipedia reference: Physical Education</a></p>"
School,Middle (Classes 6-8),Class 8,CAT-GRD-008,"<p><strong>Class 8</strong></p><p>Curriculum category for Class 8.</p><p><strong>Typical subjects or topics:</strong> English, Hindi or Regional Language, Third Language, Mathematics, Science, Social Science, Computer Science, Arts Education, Physical Education</p><p><strong>Recommended course structure:</strong> Subject / chapter courses</p><p><a href=""https://en.wikipedia.org/wiki/Special:Search?search=Class%208"" target=""_blank"" rel=""noopener noreferrer"">Wikipedia reference: Class 8</a></p>"
School,Class 8,English,CAT-GRD-008-EN,"<p><strong>English</strong></p><p>English specialization covering applied knowledge, procedures, tools, and role-relevant practice.</p><p><strong>Typical subjects or topics:</strong> English</p><p><strong>Recommended course structure:</strong> Chapter-wise courses</p><p><a href=""https://en.wikipedia.org/wiki/Special:Search?search=English"" target=""_blank"" rel=""noopener noreferrer"">Wikipedia reference: English</a></p>"
School,Class 8,Hindi or Regional Language,CAT-GRD-008-LAN1,"<p><strong>Hindi or Regional Language</strong></p><p>Hindi or Regional Language specialization covering applied knowledge, procedures, tools, and role-relevant practice.</p><p><strong>Typical subjects or topics:</strong> Hindi or Regional Language</p><p><strong>Recommended course structure:</strong> Chapter-wise courses</p><p><a href=""https://en.wikipedia.org/wiki/Special:Search?search=Hindi%20or%20Regional%20Language"" target=""_blank"" rel=""noopener noreferrer"">Wikipedia reference: Hindi or Regional Language</a></p>"
School,Class 8,Third Language,CAT-GRD-008-LAN2,"<p><strong>Third Language</strong></p><p>Third Language specialization covering applied knowledge, procedures, tools, and role-relevant practice.</p><p><strong>Typical subjects or topics:</strong> Third Language</p><p><strong>Recommended course structure:</strong> Chapter-wise courses</p><p><a href=""https://en.wikipedia.org/wiki/Special:Search?search=Third%20Language"" target=""_blank"" rel=""noopener noreferrer"">Wikipedia reference: Third Language</a></p>"
School,Class 8,Mathematics,CAT-GRD-008-MA,"<p><strong>Mathematics</strong></p><p>Mathematics specialization covering applied knowledge, procedures, tools, and role-relevant practice.</p><p><strong>Typical subjects or topics:</strong> Mathematics</p><p><strong>Recommended course structure:</strong> Chapter-wise courses</p><p><a href=""https://en.wikipedia.org/wiki/Special:Search?search=Mathematics"" target=""_blank"" rel=""noopener noreferrer"">Wikipedia reference: Mathematics</a></p>"
School,Class 8,Science,CAT-GRD-008-SCI,"<p><strong>Science</strong></p><p>Science specialization covering applied knowledge, procedures, tools, and role-relevant practice.</p><p><strong>Typical subjects or topics:</strong> Science</p><p><strong>Recommended course structure:</strong> Chapter-wise courses</p><p><a href=""https://en.wikipedia.org/wiki/Special:Search?search=Science"" target=""_blank"" rel=""noopener noreferrer"">Wikipedia reference: Science</a></p>"
School,Class 8,Social Science,CAT-GRD-008-SST,"<p><strong>Social Science</strong></p><p>Social Science specialization covering applied knowledge, procedures, tools, and role-relevant practice.</p><p><strong>Typical subjects or topics:</strong> Social Science</p><p><strong>Recommended course structure:</strong> Chapter-wise courses</p><p><a href=""https://en.wikipedia.org/wiki/Special:Search?search=Social%20Science"" target=""_blank"" rel=""noopener noreferrer"">Wikipedia reference: Social Science</a></p>"
School,Class 8,Computer Science,CAT-GRD-008-CS,"<p><strong>Computer Science</strong></p><p>Computer Science specialization covering applied knowledge, procedures, tools, and role-relevant practice.</p><p><strong>Typical subjects or topics:</strong> Computer Science</p><p><strong>Recommended course structure:</strong> Chapter-wise courses</p><p><a href=""https://en.wikipedia.org/wiki/Special:Search?search=Computer%20Science"" target=""_blank"" rel=""noopener noreferrer"">Wikipedia reference: Computer Science</a></p>"
School,Class 8,Arts Education,CAT-GRD-008-ART,"<p><strong>Arts Education</strong></p><p>Arts Education specialization covering applied knowledge, procedures, tools, and role-relevant practice.</p><p><strong>Typical subjects or topics:</strong> Arts Education</p><p><strong>Recommended course structure:</strong> Chapter-wise courses</p><p><a href=""https://en.wikipedia.org/wiki/Special:Search?search=Arts%20Education"" target=""_blank"" rel=""noopener noreferrer"">Wikipedia reference: Arts Education</a></p>"
School,Class 8,Physical Education,CAT-GRD-008-PE,"<p><strong>Physical Education</strong></p><p>Physical Education specialization covering applied knowledge, procedures, tools, and role-relevant practice.</p><p><strong>Typical subjects or topics:</strong> Physical Education</p><p><strong>Recommended course structure:</strong> Chapter-wise courses</p><p><a href=""https://en.wikipedia.org/wiki/Special:Search?search=Physical%20Education"" target=""_blank"" rel=""noopener noreferrer"">Wikipedia reference: Physical Education</a></p>"
School,Secondary (Classes 9-10),Class 9,CAT-GRD-009,"<p><strong>Class 9</strong></p><p>Curriculum category for Class 9.</p><p><strong>Typical subjects or topics:</strong> English, Second Language, Mathematics, Science, Social Science, Information Technology, Artificial Intelligence, Arts Education, Physical Education</p><p><strong>Recommended course structure:</strong> Subject / chapter courses</p><p><a href=""https://en.wikipedia.org/wiki/Special:Search?search=Class%209"" target=""_blank"" rel=""noopener noreferrer"">Wikipedia reference: Class 9</a></p>"
School,Class 9,English,CAT-GRD-009-EN,"<p><strong>English</strong></p><p>English specialization covering applied knowledge, procedures, tools, and role-relevant practice.</p><p><strong>Typical subjects or topics:</strong> English</p><p><strong>Recommended course structure:</strong> Chapter-wise courses</p><p><a href=""https://en.wikipedia.org/wiki/Special:Search?search=English"" target=""_blank"" rel=""noopener noreferrer"">Wikipedia reference: English</a></p>"
School,Class 9,Second Language,CAT-GRD-009-LAN,"<p><strong>Second Language</strong></p><p>Second Language specialization covering applied knowledge, procedures, tools, and role-relevant practice.</p><p><strong>Typical subjects or topics:</strong> Second Language</p><p><strong>Recommended course structure:</strong> Chapter-wise courses</p><p><a href=""https://en.wikipedia.org/wiki/Special:Search?search=Second%20Language"" target=""_blank"" rel=""noopener noreferrer"">Wikipedia reference: Second Language</a></p>"
School,Class 9,Mathematics,CAT-GRD-009-MA,"<p><strong>Mathematics</strong></p><p>Mathematics specialization covering applied knowledge, procedures, tools, and role-relevant practice.</p><p><strong>Typical subjects or topics:</strong> Mathematics</p><p><strong>Recommended course structure:</strong> Chapter-wise courses</p><p><a href=""https://en.wikipedia.org/wiki/Special:Search?search=Mathematics"" target=""_blank"" rel=""noopener noreferrer"">Wikipedia reference: Mathematics</a></p>"
School,Class 9,Science,CAT-GRD-009-SCI,"<p><strong>Science</strong></p><p>Science specialization covering applied knowledge, procedures, tools, and role-relevant practice.</p><p><strong>Typical subjects or topics:</strong> Science</p><p><strong>Recommended course structure:</strong> Chapter-wise courses</p><p><a href=""https://en.wikipedia.org/wiki/Special:Search?search=Science"" target=""_blank"" rel=""noopener noreferrer"">Wikipedia reference: Science</a></p>"
School,Class 9,Social Science,CAT-GRD-009-SST,"<p><strong>Social Science</strong></p><p>Social Science specialization covering applied knowledge, procedures, tools, and role-relevant practice.</p><p><strong>Typical subjects or topics:</strong> Social Science</p><p><strong>Recommended course structure:</strong> Chapter-wise courses</p><p><a href=""https://en.wikipedia.org/wiki/Special:Search?search=Social%20Science"" target=""_blank"" rel=""noopener noreferrer"">Wikipedia reference: Social Science</a></p>"
School,Class 9,Information Technology,CAT-GRD-009-IT,"<p><strong>Information Technology</strong></p><p>Information Technology specialization covering applied knowledge, procedures, tools, and role-relevant practice.</p><p><strong>Typical subjects or topics:</strong> Information Technology</p><p><strong>Recommended course structure:</strong> Chapter-wise courses</p><p><a href=""https://en.wikipedia.org/wiki/Special:Search?search=Information%20Technology"" target=""_blank"" rel=""noopener noreferrer"">Wikipedia reference: Information Technology</a></p>"
School,Class 9,Artificial Intelligence,CAT-GRD-009-AI,"<p><strong>Artificial Intelligence</strong></p><p>Artificial Intelligence specialization covering applied knowledge, procedures, tools, and role-relevant practice.</p><p><strong>Typical subjects or topics:</strong> Artificial Intelligence</p><p><strong>Recommended course structure:</strong> Chapter-wise courses</p><p><a href=""https://en.wikipedia.org/wiki/Special:Search?search=Artificial%20Intelligence"" target=""_blank"" rel=""noopener noreferrer"">Wikipedia reference: Artificial Intelligence</a></p>"
School,Class 9,Arts Education,CAT-GRD-009-ART,"<p><strong>Arts Education</strong></p><p>Arts Education specialization covering applied knowledge, procedures, tools, and role-relevant practice.</p><p><strong>Typical subjects or topics:</strong> Arts Education</p><p><strong>Recommended course structure:</strong> Chapter-wise courses</p><p><a href=""https://en.wikipedia.org/wiki/Special:Search?search=Arts%20Education"" target=""_blank"" rel=""noopener noreferrer"">Wikipedia reference: Arts Education</a></p>"
School,Class 9,Physical Education,CAT-GRD-009-PE,"<p><strong>Physical Education</strong></p><p>Physical Education specialization covering applied knowledge, procedures, tools, and role-relevant practice.</p><p><strong>Typical subjects or topics:</strong> Physical Education</p><p><strong>Recommended course structure:</strong> Chapter-wise courses</p><p><a href=""https://en.wikipedia.org/wiki/Special:Search?search=Physical%20Education"" target=""_blank"" rel=""noopener noreferrer"">Wikipedia reference: Physical Education</a></p>"
School,Secondary (Classes 9-10),Class 10,CAT-GRD-010,"<p><strong>Class 10</strong></p><p>Curriculum category for Class 10.</p><p><strong>Typical subjects or topics:</strong> English, Second Language, Mathematics, Science, Social Science, Information Technology, Artificial Intelligence, Arts Education, Physical Education</p><p><strong>Recommended course structure:</strong> Subject / chapter courses</p><p><a href=""https://en.wikipedia.org/wiki/Special:Search?search=Class%2010"" target=""_blank"" rel=""noopener noreferrer"">Wikipedia reference: Class 10</a></p>"
School,Class 10,English,CAT-GRD-010-EN,"<p><strong>English</strong></p><p>English specialization covering applied knowledge, procedures, tools, and role-relevant practice.</p><p><strong>Typical subjects or topics:</strong> English</p><p><strong>Recommended course structure:</strong> Chapter-wise courses</p><p><a href=""https://en.wikipedia.org/wiki/Special:Search?search=English"" target=""_blank"" rel=""noopener noreferrer"">Wikipedia reference: English</a></p>"
School,Class 10,Second Language,CAT-GRD-010-LAN,"<p><strong>Second Language</strong></p><p>Second Language specialization covering applied knowledge, procedures, tools, and role-relevant practice.</p><p><strong>Typical subjects or topics:</strong> Second Language</p><p><strong>Recommended course structure:</strong> Chapter-wise courses</p><p><a href=""https://en.wikipedia.org/wiki/Special:Search?search=Second%20Language"" target=""_blank"" rel=""noopener noreferrer"">Wikipedia reference: Second Language</a></p>"
School,Class 10,Mathematics,CAT-GRD-010-MA,"<p><strong>Mathematics</strong></p><p>Mathematics specialization covering applied knowledge, procedures, tools, and role-relevant practice.</p><p><strong>Typical subjects or topics:</strong> Mathematics</p><p><strong>Recommended course structure:</strong> Chapter-wise courses</p><p><a href=""https://en.wikipedia.org/wiki/Special:Search?search=Mathematics"" target=""_blank"" rel=""noopener noreferrer"">Wikipedia reference: Mathematics</a></p>"
School,Class 10,Science,CAT-GRD-010-SCI,"<p><strong>Science</strong></p><p>Science specialization covering applied knowledge, procedures, tools, and role-relevant practice.</p><p><strong>Typical subjects or topics:</strong> Science</p><p><strong>Recommended course structure:</strong> Chapter-wise courses</p><p><a href=""https://en.wikipedia.org/wiki/Special:Search?search=Science"" target=""_blank"" rel=""noopener noreferrer"">Wikipedia reference: Science</a></p>"
School,Class 10,Social Science,CAT-GRD-010-SST,"<p><strong>Social Science</strong></p><p>Social Science specialization covering applied knowledge, procedures, tools, and role-relevant practice.</p><p><strong>Typical subjects or topics:</strong> Social Science</p><p><strong>Recommended course structure:</strong> Chapter-wise courses</p><p><a href=""https://en.wikipedia.org/wiki/Special:Search?search=Social%20Science"" target=""_blank"" rel=""noopener noreferrer"">Wikipedia reference: Social Science</a></p>"
School,Class 10,Information Technology,CAT-GRD-010-IT,"<p><strong>Information Technology</strong></p><p>Information Technology specialization covering applied knowledge, procedures, tools, and role-relevant practice.</p><p><strong>Typical subjects or topics:</strong> Information Technology</p><p><strong>Recommended course structure:</strong> Chapter-wise courses</p><p><a href=""https://en.wikipedia.org/wiki/Special:Search?search=Information%20Technology"" target=""_blank"" rel=""noopener noreferrer"">Wikipedia reference: Information Technology</a></p>"
School,Class 10,Artificial Intelligence,CAT-GRD-010-AI,"<p><strong>Artificial Intelligence</strong></p><p>Artificial Intelligence specialization covering applied knowledge, procedures, tools, and role-relevant practice.</p><p><strong>Typical subjects or topics:</strong> Artificial Intelligence</p><p><strong>Recommended course structure:</strong> Chapter-wise courses</p><p><a href=""https://en.wikipedia.org/wiki/Special:Search?search=Artificial%20Intelligence"" target=""_blank"" rel=""noopener noreferrer"">Wikipedia reference: Artificial Intelligence</a></p>"
School,Class 10,Arts Education,CAT-GRD-010-ART,"<p><strong>Arts Education</strong></p><p>Arts Education specialization covering applied knowledge, procedures, tools, and role-relevant practice.</p><p><strong>Typical subjects or topics:</strong> Arts Education</p><p><strong>Recommended course structure:</strong> Chapter-wise courses</p><p><a href=""https://en.wikipedia.org/wiki/Special:Search?search=Arts%20Education"" target=""_blank"" rel=""noopener noreferrer"">Wikipedia reference: Arts Education</a></p>"
School,Class 10,Physical Education,CAT-GRD-010-PE,"<p><strong>Physical Education</strong></p><p>Physical Education specialization covering applied knowledge, procedures, tools, and role-relevant practice.</p><p><strong>Typical subjects or topics:</strong> Physical Education</p><p><strong>Recommended course structure:</strong> Chapter-wise courses</p><p><a href=""https://en.wikipedia.org/wiki/Special:Search?search=Physical%20Education"" target=""_blank"" rel=""noopener noreferrer"">Wikipedia reference: Physical Education</a></p>"
University,Education and Academia,University,CAT-UNI,"<p><strong>University</strong></p><p>University and college education across undergraduate, postgraduate, doctoral, diploma and certificate programs.</p><p><strong>Typical subjects or topics:</strong> Undergraduate, postgraduate, doctoral, diploma, certificate and continuing higher education</p><p><strong>Recommended course structure:</strong> Faculty / program / semester / subject / unit courses</p><p><a href=""https://en.wikipedia.org/wiki/Special:Search?search=University"" target=""_blank"" rel=""noopener noreferrer"">Wikipedia reference: University</a></p>"
University,University,Science,CAT-UNI-SCI,"<p><strong>Science</strong></p><p>Science higher-education programs and academic disciplines.</p><p><strong>Typical subjects or topics:</strong> Bachelor of Science (B.Sc.), Master of Science (M.Sc.), Integrated Science Programs</p><p><strong>Recommended course structure:</strong> Program / semester / subject / unit courses</p><p><a href=""https://en.wikipedia.org/wiki/Special:Search?search=Science"" target=""_blank"" rel=""noopener noreferrer"">Wikipedia reference: Science</a></p>"
University,Science,Bachelor of Science (B.Sc.),CAT-UNI-SCI-BSC,"<p><strong>Bachelor of Science (B.Sc.)</strong></p><p>Bachelor of Science (B.Sc.) curriculum category.</p><p><strong>Typical subjects or topics:</strong> Physics, chemistry, mathematics, computer science, biology, environmental science</p><p><strong>Recommended course structure:</strong> Semester or term / subject / unit courses</p><p><a href=""https://en.wikipedia.org/wiki/Special:Search?search=Bachelor%20of%20Science%20(B.Sc.)"" target=""_blank"" rel=""noopener noreferrer"">Wikipedia reference: Bachelor of Science (B.Sc.)</a></p>"
University,Science,Master of Science (M.Sc.),CAT-UNI-SCI-MSC,"<p><strong>Master of Science (M.Sc.)</strong></p><p>Master of Science (M.Sc.) curriculum category.</p><p><strong>Typical subjects or topics:</strong> Advanced disciplinary study, research methods, laboratory work, dissertation</p><p><strong>Recommended course structure:</strong> Semester or term / subject / unit courses</p><p><a href=""https://en.wikipedia.org/wiki/Special:Search?search=Master%20of%20Science%20(M.Sc.)"" target=""_blank"" rel=""noopener noreferrer"">Wikipedia reference: Master of Science (M.Sc.)</a></p>"
University,Science,Integrated Science Programs,CAT-UNI-SCI-INT,"<p><strong>Integrated Science Programs</strong></p><p>Integrated Science Programs curriculum category.</p><p><strong>Typical subjects or topics:</strong> Integrated bachelor-master pathways and interdisciplinary sciences</p><p><strong>Recommended course structure:</strong> Semester or term / subject / unit courses</p><p><a href=""https://en.wikipedia.org/wiki/Special:Search?search=Integrated%20Science%20Programs"" target=""_blank"" rel=""noopener noreferrer"">Wikipedia reference: Integrated Science Programs</a></p>"
University,University,Commerce,CAT-UNI-COM,"<p><strong>Commerce</strong></p><p>Commerce higher-education programs and academic disciplines.</p><p><strong>Typical subjects or topics:</strong> Bachelor of Commerce (B.Com.), Master of Commerce (M.Com.)</p><p><strong>Recommended course structure:</strong> Program / semester / subject / unit courses</p><p><a href=""https://en.wikipedia.org/wiki/Special:Search?search=Commerce"" target=""_blank"" rel=""noopener noreferrer"">Wikipedia reference: Commerce</a></p>"
University,Commerce,Bachelor of Commerce (B.Com.),CAT-UNI-COM-BCOM,"<p><strong>Bachelor of Commerce (B.Com.)</strong></p><p>Bachelor of Commerce (B.Com.) curriculum category.</p><p><strong>Typical subjects or topics:</strong> Accounting, business law, economics, taxation, finance, auditing</p><p><strong>Recommended course structure:</strong> Semester or term / subject / unit courses</p><p><a href=""https://en.wikipedia.org/wiki/Special:Search?search=Bachelor%20of%20Commerce%20(B.Com.)"" target=""_blank"" rel=""noopener noreferrer"">Wikipedia reference: Bachelor of Commerce (B.Com.)</a></p>"
University,Commerce,Master of Commerce (M.Com.),CAT-UNI-COM-MCOM,"<p><strong>Master of Commerce (M.Com.)</strong></p><p>Master of Commerce (M.Com.) curriculum category.</p><p><strong>Typical subjects or topics:</strong> Advanced accounting, finance, commerce research, taxation, corporate governance</p><p><strong>Recommended course structure:</strong> Semester or term / subject / unit courses</p><p><a href=""https://en.wikipedia.org/wiki/Special:Search?search=Master%20of%20Commerce%20(M.Com.)"" target=""_blank"" rel=""noopener noreferrer"">Wikipedia reference: Master of Commerce (M.Com.)</a></p>"
University,University,Computer Applications,CAT-UNI-CA,"<p><strong>Computer Applications</strong></p><p>Computer Applications higher-education programs and academic disciplines.</p><p><strong>Typical subjects or topics:</strong> Bachelor of Computer Applications (BCA), Master of Computer Applications (MCA)</p><p><strong>Recommended course structure:</strong> Program / semester / subject / unit courses</p><p><a href=""https://en.wikipedia.org/wiki/Special:Search?search=Computer%20Applications"" target=""_blank"" rel=""noopener noreferrer"">Wikipedia reference: Computer Applications</a></p>"
University,Computer Applications,Bachelor of Computer Applications (BCA),CAT-UNI-CA-BCA,"<p><strong>Bachelor of Computer Applications (BCA)</strong></p><p>Bachelor of Computer Applications (BCA) curriculum category.</p><p><strong>Typical subjects or topics:</strong> Programming, data structures, DBMS, web, networks, software engineering</p><p><strong>Recommended course structure:</strong> Semester or term / subject / unit courses</p><p><a href=""https://en.wikipedia.org/wiki/Special:Search?search=Bachelor%20of%20Computer%20Applications%20(BCA)"" target=""_blank"" rel=""noopener noreferrer"">Wikipedia reference: Bachelor of Computer Applications (BCA)</a></p>"
University,Computer Applications,Master of Computer Applications (MCA),CAT-UNI-CA-MCA,"<p><strong>Master of Computer Applications (MCA)</strong></p><p>Master of Computer Applications (MCA) curriculum category.</p><p><strong>Typical subjects or topics:</strong> Advanced programming, algorithms, cloud, AI/ML, cybersecurity, projects</p><p><strong>Recommended course structure:</strong> Semester or term / subject / unit courses</p><p><a href=""https://en.wikipedia.org/wiki/Special:Search?search=Master%20of%20Computer%20Applications%20(MCA)"" target=""_blank"" rel=""noopener noreferrer"">Wikipedia reference: Master of Computer Applications (MCA)</a></p>"
University,University,Management,CAT-UNI-MGT,"<p><strong>Management</strong></p><p>Management higher-education programs and academic disciplines.</p><p><strong>Typical subjects or topics:</strong> Bachelor of Business Administration (BBA), Master of Business Administration (MBA), Postgraduate Diploma in Management (PGDM)</p><p><strong>Recommended course structure:</strong> Program / semester / subject / unit courses</p><p><a href=""https://en.wikipedia.org/wiki/Special:Search?search=Management"" target=""_blank"" rel=""noopener noreferrer"">Wikipedia reference: Management</a></p>"
University,Management,Bachelor of Business Administration (BBA),CAT-UNI-MGT-BBA,"<p><strong>Bachelor of Business Administration (BBA)</strong></p><p>Bachelor of Business Administration (BBA) curriculum category.</p><p><strong>Typical subjects or topics:</strong> Management, marketing, finance, HR, operations, entrepreneurship</p><p><strong>Recommended course structure:</strong> Semester or term / subject / unit courses</p><p><a href=""https://en.wikipedia.org/wiki/Special:Search?search=Bachelor%20of%20Business%20Administration%20(BBA)"" target=""_blank"" rel=""noopener noreferrer"">Wikipedia reference: Bachelor of Business Administration (BBA)</a></p>"
University,Management,Master of Business Administration (MBA),CAT-UNI-MGT-MBA,"<p><strong>Master of Business Administration (MBA)</strong></p><p>Master of Business Administration (MBA) curriculum category.</p><p><strong>Typical subjects or topics:</strong> Core management plus finance, marketing, HR, operations, analytics specializations</p><p><strong>Recommended course structure:</strong> Semester or term / subject / unit courses</p><p><a href=""https://en.wikipedia.org/wiki/Special:Search?search=Master%20of%20Business%20Administration%20(MBA)"" target=""_blank"" rel=""noopener noreferrer"">Wikipedia reference: Master of Business Administration (MBA)</a></p>"
University,Management,Postgraduate Diploma in Management (PGDM),CAT-UNI-MGT-PGDM,"<p><strong>Postgraduate Diploma in Management (PGDM)</strong></p><p>Postgraduate Diploma in Management (PGDM) curriculum category.</p><p><strong>Typical subjects or topics:</strong> Applied management, industry projects, specializations</p><p><strong>Recommended course structure:</strong> Semester or term / subject / unit courses</p><p><a href=""https://en.wikipedia.org/wiki/Special:Search?search=Postgraduate%20Diploma%20in%20Management%20(PGDM)"" target=""_blank"" rel=""noopener noreferrer"">Wikipedia reference: Postgraduate Diploma in Management (PGDM)</a></p>"
University,University,Engineering and Technology,CAT-UNI-EN,"<p><strong>Engineering and Technology</strong></p><p>Engineering and Technology higher-education programs and academic disciplines.</p><p><strong>Typical subjects or topics:</strong> Bachelor of Technology or Engineering, Master of Technology or Engineering, Engineering Diploma</p><p><strong>Recommended course structure:</strong> Program / semester / subject / unit courses</p><p><a href=""https://en.wikipedia.org/wiki/Special:Search?search=Engineering%20and%20Technology"" target=""_blank"" rel=""noopener noreferrer"">Wikipedia reference: Engineering and Technology</a></p>"
University,Engineering and Technology,Bachelor of Technology or Engineering,CAT-UNI-EN-BTECH,"<p><strong>Bachelor of Technology or Engineering</strong></p><p>Bachelor of Technology or Engineering curriculum category.</p><p><strong>Typical subjects or topics:</strong> Branch subjects, laboratories, design, internships, capstone projects</p><p><strong>Recommended course structure:</strong> Semester or term / subject / unit courses</p><p><a href=""https://en.wikipedia.org/wiki/Special:Search?search=Bachelor%20of%20Technology%20or%20Engineering"" target=""_blank"" rel=""noopener noreferrer"">Wikipedia reference: Bachelor of Technology or Engineering</a></p>"
University,Engineering and Technology,Master of Technology or Engineering,CAT-UNI-EN-MTECH,"<p><strong>Master of Technology or Engineering</strong></p><p>Master of Technology or Engineering curriculum category.</p><p><strong>Typical subjects or topics:</strong> Advanced branch study, research, laboratories, thesis</p><p><strong>Recommended course structure:</strong> Semester or term / subject / unit courses</p><p><a href=""https://en.wikipedia.org/wiki/Special:Search?search=Master%20of%20Technology%20or%20Engineering"" target=""_blank"" rel=""noopener noreferrer"">Wikipedia reference: Master of Technology or Engineering</a></p>"
University,Engineering and Technology,Engineering Diploma,CAT-UNI-EN-DIP,"<p><strong>Engineering Diploma</strong></p><p>Engineering Diploma curriculum category.</p><p><strong>Typical subjects or topics:</strong> Applied engineering fundamentals, workshops, industrial training</p><p><strong>Recommended course structure:</strong> Semester or term / subject / unit courses</p><p><a href=""https://en.wikipedia.org/wiki/Special:Search?search=Engineering%20Diploma"" target=""_blank"" rel=""noopener noreferrer"">Wikipedia reference: Engineering Diploma</a></p>"
University,University,Arts and Humanities,CAT-UNI-ART,"<p><strong>Arts and Humanities</strong></p><p>Arts and Humanities higher-education programs and academic disciplines.</p><p><strong>Typical subjects or topics:</strong> Bachelor of Arts (B.A.), Master of Arts (M.A.)</p><p><strong>Recommended course structure:</strong> Program / semester / subject / unit courses</p><p><a href=""https://en.wikipedia.org/wiki/Special:Search?search=Arts%20and%20Humanities"" target=""_blank"" rel=""noopener noreferrer"">Wikipedia reference: Arts and Humanities</a></p>"
University,Arts and Humanities,Bachelor of Arts (B.A.),CAT-UNI-ART-BA,"<p><strong>Bachelor of Arts (B.A.)</strong></p><p>Bachelor of Arts (B.A.) curriculum category.</p><p><strong>Typical subjects or topics:</strong> Languages, history, economics, political science, sociology, philosophy</p><p><strong>Recommended course structure:</strong> Semester or term / subject / unit courses</p><p><a href=""https://en.wikipedia.org/wiki/Special:Search?search=Bachelor%20of%20Arts%20(B.A.)"" target=""_blank"" rel=""noopener noreferrer"">Wikipedia reference: Bachelor of Arts (B.A.)</a></p>"
University,Arts and Humanities,Master of Arts (M.A.),CAT-UNI-ART-MA,"<p><strong>Master of Arts (M.A.)</strong></p><p>Master of Arts (M.A.) curriculum category.</p><p><strong>Typical subjects or topics:</strong> Advanced humanities and social science specialization, research, dissertation</p><p><strong>Recommended course structure:</strong> Semester or term / subject / unit courses</p><p><a href=""https://en.wikipedia.org/wiki/Special:Search?search=Master%20of%20Arts%20(M.A.)"" target=""_blank"" rel=""noopener noreferrer"">Wikipedia reference: Master of Arts (M.A.)</a></p>"
University,University,Medicine,CAT-UNI-MED,"<p><strong>Medicine</strong></p><p>Medicine higher-education programs and academic disciplines.</p><p><strong>Typical subjects or topics:</strong> Bachelor of Medicine and Bachelor of Surgery (MBBS), Doctor of Medicine (MD), Master of Surgery (MS)</p><p><strong>Recommended course structure:</strong> Program / semester / subject / unit courses</p><p><a href=""https://en.wikipedia.org/wiki/Special:Search?search=Medicine"" target=""_blank"" rel=""noopener noreferrer"">Wikipedia reference: Medicine</a></p>"
University,Medicine,Bachelor of Medicine and Bachelor of Surgery (MBBS),CAT-UNI-MED-MBBS,"<p><strong>Bachelor of Medicine and Bachelor of Surgery (MBBS)</strong></p><p>Bachelor of Medicine and Bachelor of Surgery (MBBS) curriculum category.</p><p><strong>Typical subjects or topics:</strong> Pre-clinical, para-clinical, clinical subjects, rotations, internship</p><p><strong>Recommended course structure:</strong> Semester or term / subject / unit courses</p><p><a href=""https://en.wikipedia.org/wiki/Special:Search?search=Bachelor%20of%20Medicine%20and%20Bachelor%20of%20Surgery%20(MBBS)"" target=""_blank"" rel=""noopener noreferrer"">Wikipedia reference: Bachelor of Medicine and Bachelor of Surgery (MBBS)</a></p>"
University,Medicine,Doctor of Medicine (MD),CAT-UNI-MED-MD,"<p><strong>Doctor of Medicine (MD)</strong></p><p>Doctor of Medicine (MD) curriculum category.</p><p><strong>Typical subjects or topics:</strong> Medical specialty training, clinical practice, research</p><p><strong>Recommended course structure:</strong> Semester or term / subject / unit courses</p><p><a href=""https://en.wikipedia.org/wiki/Special:Search?search=Doctor%20of%20Medicine%20(MD)"" target=""_blank"" rel=""noopener noreferrer"">Wikipedia reference: Doctor of Medicine (MD)</a></p>"
University,Medicine,Master of Surgery (MS),CAT-UNI-MED-MS,"<p><strong>Master of Surgery (MS)</strong></p><p>Master of Surgery (MS) curriculum category.</p><p><strong>Typical subjects or topics:</strong> Surgical specialty training, procedures, clinical practice, research</p><p><strong>Recommended course structure:</strong> Semester or term / subject / unit courses</p><p><a href=""https://en.wikipedia.org/wiki/Special:Search?search=Master%20of%20Surgery%20(MS)"" target=""_blank"" rel=""noopener noreferrer"">Wikipedia reference: Master of Surgery (MS)</a></p>"
University,University,Dentistry,CAT-UNI-DEN,"<p><strong>Dentistry</strong></p><p>Dentistry higher-education programs and academic disciplines.</p><p><strong>Typical subjects or topics:</strong> Bachelor of Dental Surgery (BDS), Master of Dental Surgery (MDS)</p><p><strong>Recommended course structure:</strong> Program / semester / subject / unit courses</p><p><a href=""https://en.wikipedia.org/wiki/Special:Search?search=Dentistry"" target=""_blank"" rel=""noopener noreferrer"">Wikipedia reference: Dentistry</a></p>"
University,Dentistry,Bachelor of Dental Surgery (BDS),CAT-UNI-DEN-BDS,"<p><strong>Bachelor of Dental Surgery (BDS)</strong></p><p>Bachelor of Dental Surgery (BDS) curriculum category.</p><p><strong>Typical subjects or topics:</strong> Dental sciences, pre-clinical labs, clinical dentistry, internship</p><p><strong>Recommended course structure:</strong> Semester or term / subject / unit courses</p><p><a href=""https://en.wikipedia.org/wiki/Special:Search?search=Bachelor%20of%20Dental%20Surgery%20(BDS)"" target=""_blank"" rel=""noopener noreferrer"">Wikipedia reference: Bachelor of Dental Surgery (BDS)</a></p>"
University,Dentistry,Master of Dental Surgery (MDS),CAT-UNI-DEN-MDS,"<p><strong>Master of Dental Surgery (MDS)</strong></p><p>Master of Dental Surgery (MDS) curriculum category.</p><p><strong>Typical subjects or topics:</strong> Dental specialties, advanced clinical practice, research</p><p><strong>Recommended course structure:</strong> Semester or term / subject / unit courses</p><p><a href=""https://en.wikipedia.org/wiki/Special:Search?search=Master%20of%20Dental%20Surgery%20(MDS)"" target=""_blank"" rel=""noopener noreferrer"">Wikipedia reference: Master of Dental Surgery (MDS)</a></p>"
University,University,Pharmacy,CAT-UNI-PHA,"<p><strong>Pharmacy</strong></p><p>Pharmacy higher-education programs and academic disciplines.</p><p><strong>Typical subjects or topics:</strong> Bachelor of Pharmacy (B.Pharm.), Master of Pharmacy (M.Pharm.), Diploma in Pharmacy (D.Pharm.)</p><p><strong>Recommended course structure:</strong> Program / semester / subject / unit courses</p><p><a href=""https://en.wikipedia.org/wiki/Special:Search?search=Pharmacy"" target=""_blank"" rel=""noopener noreferrer"">Wikipedia reference: Pharmacy</a></p>"
University,Pharmacy,Bachelor of Pharmacy (B.Pharm.),CAT-UNI-PHA-BPH,"<p><strong>Bachelor of Pharmacy (B.Pharm.)</strong></p><p>Bachelor of Pharmacy (B.Pharm.) curriculum category.</p><p><strong>Typical subjects or topics:</strong> Pharmaceutics, pharmacology, medicinal chemistry, pharmacognosy, practice</p><p><strong>Recommended course structure:</strong> Semester or term / subject / unit courses</p><p><a href=""https://en.wikipedia.org/wiki/Special:Search?search=Bachelor%20of%20Pharmacy%20(B.Pharm.)"" target=""_blank"" rel=""noopener noreferrer"">Wikipedia reference: Bachelor of Pharmacy (B.Pharm.)</a></p>"
University,Pharmacy,Master of Pharmacy (M.Pharm.),CAT-UNI-PHA-MPH,"<p><strong>Master of Pharmacy (M.Pharm.)</strong></p><p>Master of Pharmacy (M.Pharm.) curriculum category.</p><p><strong>Typical subjects or topics:</strong> Advanced pharmacy specializations, research, dissertation</p><p><strong>Recommended course structure:</strong> Semester or term / subject / unit courses</p><p><a href=""https://en.wikipedia.org/wiki/Special:Search?search=Master%20of%20Pharmacy%20(M.Pharm.)"" target=""_blank"" rel=""noopener noreferrer"">Wikipedia reference: Master of Pharmacy (M.Pharm.)</a></p>"
University,Pharmacy,Diploma in Pharmacy (D.Pharm.),CAT-UNI-PHA-DPH,"<p><strong>Diploma in Pharmacy (D.Pharm.)</strong></p><p>Diploma in Pharmacy (D.Pharm.) curriculum category.</p><p><strong>Typical subjects or topics:</strong> Dispensing, pharmacology, pharmacy law, community and hospital practice</p><p><strong>Recommended course structure:</strong> Semester or term / subject / unit courses</p><p><a href=""https://en.wikipedia.org/wiki/Special:Search?search=Diploma%20in%20Pharmacy%20(D.Pharm.)"" target=""_blank"" rel=""noopener noreferrer"">Wikipedia reference: Diploma in Pharmacy (D.Pharm.)</a></p>"
University,University,Nursing,CAT-UNI-NUR,"<p><strong>Nursing</strong></p><p>Nursing higher-education programs and academic disciplines.</p><p><strong>Typical subjects or topics:</strong> Bachelor of Science in Nursing, Master of Science in Nursing, General Nursing and Midwifery</p><p><strong>Recommended course structure:</strong> Program / semester / subject / unit courses</p><p><a href=""https://en.wikipedia.org/wiki/Special:Search?search=Nursing"" target=""_blank"" rel=""noopener noreferrer"">Wikipedia reference: Nursing</a></p>"
University,Nursing,Bachelor of Science in Nursing,CAT-UNI-NUR-BSCN,"<p><strong>Bachelor of Science in Nursing</strong></p><p>Bachelor of Science in Nursing curriculum category.</p><p><strong>Typical subjects or topics:</strong> Foundations, medical-surgical nursing, community health, pediatrics, mental health</p><p><strong>Recommended course structure:</strong> Semester or term / subject / unit courses</p><p><a href=""https://en.wikipedia.org/wiki/Special:Search?search=Bachelor%20of%20Science%20in%20Nursing"" target=""_blank"" rel=""noopener noreferrer"">Wikipedia reference: Bachelor of Science in Nursing</a></p>"
University,Nursing,Master of Science in Nursing,CAT-UNI-NUR-MSCN,"<p><strong>Master of Science in Nursing</strong></p><p>Master of Science in Nursing curriculum category.</p><p><strong>Typical subjects or topics:</strong> Advanced nursing specialties, leadership, research, clinical practice</p><p><strong>Recommended course structure:</strong> Semester or term / subject / unit courses</p><p><a href=""https://en.wikipedia.org/wiki/Special:Search?search=Master%20of%20Science%20in%20Nursing"" target=""_blank"" rel=""noopener noreferrer"">Wikipedia reference: Master of Science in Nursing</a></p>"
University,Nursing,General Nursing and Midwifery,CAT-UNI-NUR-GNM,"<p><strong>General Nursing and Midwifery</strong></p><p>General Nursing and Midwifery curriculum category.</p><p><strong>Typical subjects or topics:</strong> Nursing practice, midwifery, community health, clinical placements</p><p><strong>Recommended course structure:</strong> Semester or term / subject / unit courses</p><p><a href=""https://en.wikipedia.org/wiki/Special:Search?search=General%20Nursing%20and%20Midwifery"" target=""_blank"" rel=""noopener noreferrer"">Wikipedia reference: General Nursing and Midwifery</a></p>"
University,University,Law,CAT-UNI-LAW,"<p><strong>Law</strong></p><p>Law higher-education programs and academic disciplines.</p><p><strong>Typical subjects or topics:</strong> Bachelor of Laws (LL.B.), Master of Laws (LL.M.), Integrated Law Programs</p><p><strong>Recommended course structure:</strong> Program / semester / subject / unit courses</p><p><a href=""https://en.wikipedia.org/wiki/Special:Search?search=Law"" target=""_blank"" rel=""noopener noreferrer"">Wikipedia reference: Law</a></p>"
University,Law,Bachelor of Laws (LL.B.),CAT-UNI-LAW-LLB,"<p><strong>Bachelor of Laws (LL.B.)</strong></p><p>Bachelor of Laws (LL.B.) curriculum category.</p><p><strong>Typical subjects or topics:</strong> Constitutional, criminal, civil, corporate, procedural and clinical legal education</p><p><strong>Recommended course structure:</strong> Semester or term / subject / unit courses</p><p><a href=""https://en.wikipedia.org/wiki/Special:Search?search=Bachelor%20of%20Laws%20(LL.B.)"" target=""_blank"" rel=""noopener noreferrer"">Wikipedia reference: Bachelor of Laws (LL.B.)</a></p>"
University,Law,Master of Laws (LL.M.),CAT-UNI-LAW-LLM,"<p><strong>Master of Laws (LL.M.)</strong></p><p>Master of Laws (LL.M.) curriculum category.</p><p><strong>Typical subjects or topics:</strong> Advanced legal specialization, research methods, dissertation</p><p><strong>Recommended course structure:</strong> Semester or term / subject / unit courses</p><p><a href=""https://en.wikipedia.org/wiki/Special:Search?search=Master%20of%20Laws%20(LL.M.)"" target=""_blank"" rel=""noopener noreferrer"">Wikipedia reference: Master of Laws (LL.M.)</a></p>"
University,Law,Integrated Law Programs,CAT-UNI-LAW-INTLAW,"<p><strong>Integrated Law Programs</strong></p><p>Integrated Law Programs curriculum category.</p><p><strong>Typical subjects or topics:</strong> Integrated arts, business or commerce with professional law curriculum</p><p><strong>Recommended course structure:</strong> Semester or term / subject / unit courses</p><p><a href=""https://en.wikipedia.org/wiki/Special:Search?search=Integrated%20Law%20Programs"" target=""_blank"" rel=""noopener noreferrer"">Wikipedia reference: Integrated Law Programs</a></p>"
University,University,Education,CAT-UNI-EDU,"<p><strong>Education</strong></p><p>Education higher-education programs and academic disciplines.</p><p><strong>Typical subjects or topics:</strong> Bachelor of Education (B.Ed.), Master of Education (M.Ed.), Diploma in Elementary Education</p><p><strong>Recommended course structure:</strong> Program / semester / subject / unit courses</p><p><a href=""https://en.wikipedia.org/wiki/Special:Search?search=Education"" target=""_blank"" rel=""noopener noreferrer"">Wikipedia reference: Education</a></p>"
University,Education,Bachelor of Education (B.Ed.),CAT-UNI-EDU-BED,"<p><strong>Bachelor of Education (B.Ed.)</strong></p><p>Bachelor of Education (B.Ed.) curriculum category.</p><p><strong>Typical subjects or topics:</strong> Pedagogy, curriculum, assessment, inclusive education, teaching practicum</p><p><strong>Recommended course structure:</strong> Semester or term / subject / unit courses</p><p><a href=""https://en.wikipedia.org/wiki/Special:Search?search=Bachelor%20of%20Education%20(B.Ed.)"" target=""_blank"" rel=""noopener noreferrer"">Wikipedia reference: Bachelor of Education (B.Ed.)</a></p>"
University,Education,Master of Education (M.Ed.),CAT-UNI-EDU-MED,"<p><strong>Master of Education (M.Ed.)</strong></p><p>Master of Education (M.Ed.) curriculum category.</p><p><strong>Typical subjects or topics:</strong> Advanced pedagogy, leadership, policy, research</p><p><strong>Recommended course structure:</strong> Semester or term / subject / unit courses</p><p><a href=""https://en.wikipedia.org/wiki/Special:Search?search=Master%20of%20Education%20(M.Ed.)"" target=""_blank"" rel=""noopener noreferrer"">Wikipedia reference: Master of Education (M.Ed.)</a></p>"
University,Education,Diploma in Elementary Education,CAT-UNI-EDU-DELED,"<p><strong>Diploma in Elementary Education</strong></p><p>Diploma in Elementary Education curriculum category.</p><p><strong>Typical subjects or topics:</strong> Child development, primary pedagogy, practicum</p><p><strong>Recommended course structure:</strong> Semester or term / subject / unit courses</p><p><a href=""https://en.wikipedia.org/wiki/Special:Search?search=Diploma%20in%20Elementary%20Education"" target=""_blank"" rel=""noopener noreferrer"">Wikipedia reference: Diploma in Elementary Education</a></p>"
University,University,Architecture and Planning,CAT-UNI-ARC,"<p><strong>Architecture and Planning</strong></p><p>Architecture and Planning higher-education programs and academic disciplines.</p><p><strong>Typical subjects or topics:</strong> Bachelor of Architecture (B.Arch.), Master of Architecture (M.Arch.), Planning Programs</p><p><strong>Recommended course structure:</strong> Program / semester / subject / unit courses</p><p><a href=""https://en.wikipedia.org/wiki/Special:Search?search=Architecture%20and%20Planning"" target=""_blank"" rel=""noopener noreferrer"">Wikipedia reference: Architecture and Planning</a></p>"
University,Architecture and Planning,Bachelor of Architecture (B.Arch.),CAT-UNI-ARC-BARCH,"<p><strong>Bachelor of Architecture (B.Arch.)</strong></p><p>Bachelor of Architecture (B.Arch.) curriculum category.</p><p><strong>Typical subjects or topics:</strong> Design studio, building technology, history, structures, professional practice</p><p><strong>Recommended course structure:</strong> Semester or term / subject / unit courses</p><p><a href=""https://en.wikipedia.org/wiki/Special:Search?search=Bachelor%20of%20Architecture%20(B.Arch.)"" target=""_blank"" rel=""noopener noreferrer"">Wikipedia reference: Bachelor of Architecture (B.Arch.)</a></p>"
University,Architecture and Planning,Master of Architecture (M.Arch.),CAT-UNI-ARC-MARCH,"<p><strong>Master of Architecture (M.Arch.)</strong></p><p>Master of Architecture (M.Arch.) curriculum category.</p><p><strong>Typical subjects or topics:</strong> Advanced architectural specialization, studio, research</p><p><strong>Recommended course structure:</strong> Semester or term / subject / unit courses</p><p><a href=""https://en.wikipedia.org/wiki/Special:Search?search=Master%20of%20Architecture%20(M.Arch.)"" target=""_blank"" rel=""noopener noreferrer"">Wikipedia reference: Master of Architecture (M.Arch.)</a></p>"
University,Architecture and Planning,Planning Programs,CAT-UNI-ARC-PLAN,"<p><strong>Planning Programs</strong></p><p>Planning Programs curriculum category.</p><p><strong>Typical subjects or topics:</strong> Urban, regional, transport and environmental planning</p><p><strong>Recommended course structure:</strong> Semester or term / subject / unit courses</p><p><a href=""https://en.wikipedia.org/wiki/Special:Search?search=Planning%20Programs"" target=""_blank"" rel=""noopener noreferrer"">Wikipedia reference: Planning Programs</a></p>"
University,University,Agriculture and Allied Sciences,CAT-UNI-AGR,"<p><strong>Agriculture and Allied Sciences</strong></p><p>Agriculture and Allied Sciences higher-education programs and academic disciplines.</p><p><strong>Typical subjects or topics:</strong> Bachelor of Science in Agriculture, Master of Science in Agriculture, Forestry Programs, Fisheries Programs</p><p><strong>Recommended course structure:</strong> Program / semester / subject / unit courses</p><p><a href=""https://en.wikipedia.org/wiki/Special:Search?search=Agriculture%20and%20Allied%20Sciences"" target=""_blank"" rel=""noopener noreferrer"">Wikipedia reference: Agriculture and Allied Sciences</a></p>"
University,Agriculture and Allied Sciences,Bachelor of Science in Agriculture,CAT-UNI-AGR-BAGR,"<p><strong>Bachelor of Science in Agriculture</strong></p><p>Bachelor of Science in Agriculture curriculum category.</p><p><strong>Typical subjects or topics:</strong> Agronomy, soil science, horticulture, genetics, economics, extension</p><p><strong>Recommended course structure:</strong> Semester or term / subject / unit courses</p><p><a href=""https://en.wikipedia.org/wiki/Special:Search?search=Bachelor%20of%20Science%20in%20Agriculture"" target=""_blank"" rel=""noopener noreferrer"">Wikipedia reference: Bachelor of Science in Agriculture</a></p>"
University,Agriculture and Allied Sciences,Master of Science in Agriculture,CAT-UNI-AGR-MAGR,"<p><strong>Master of Science in Agriculture</strong></p><p>Master of Science in Agriculture curriculum category.</p><p><strong>Typical subjects or topics:</strong> Agricultural specializations, research, thesis</p><p><strong>Recommended course structure:</strong> Semester or term / subject / unit courses</p><p><a href=""https://en.wikipedia.org/wiki/Special:Search?search=Master%20of%20Science%20in%20Agriculture"" target=""_blank"" rel=""noopener noreferrer"">Wikipedia reference: Master of Science in Agriculture</a></p>"
University,Agriculture and Allied Sciences,Forestry Programs,CAT-UNI-AGR-FOR,"<p><strong>Forestry Programs</strong></p><p>Forestry Programs curriculum category.</p><p><strong>Typical subjects or topics:</strong> Silviculture, forest management, ecology, conservation</p><p><strong>Recommended course structure:</strong> Semester or term / subject / unit courses</p><p><a href=""https://en.wikipedia.org/wiki/Special:Search?search=Forestry%20Programs"" target=""_blank"" rel=""noopener noreferrer"">Wikipedia reference: Forestry Programs</a></p>"
University,Agriculture and Allied Sciences,Fisheries Programs,CAT-UNI-AGR-FIS,"<p><strong>Fisheries Programs</strong></p><p>Fisheries Programs curriculum category.</p><p><strong>Typical subjects or topics:</strong> Aquaculture, fisheries science, processing, resource management</p><p><strong>Recommended course structure:</strong> Semester or term / subject / unit courses</p><p><a href=""https://en.wikipedia.org/wiki/Special:Search?search=Fisheries%20Programs"" target=""_blank"" rel=""noopener noreferrer"">Wikipedia reference: Fisheries Programs</a></p>"
University,University,Veterinary and Animal Sciences,CAT-UNI-VET,"<p><strong>Veterinary and Animal Sciences</strong></p><p>Veterinary and Animal Sciences higher-education programs and academic disciplines.</p><p><strong>Typical subjects or topics:</strong> Bachelor of Veterinary Science, Master of Veterinary Science</p><p><strong>Recommended course structure:</strong> Program / semester / subject / unit courses</p><p><a href=""https://en.wikipedia.org/wiki/Special:Search?search=Veterinary%20and%20Animal%20Sciences"" target=""_blank"" rel=""noopener noreferrer"">Wikipedia reference: Veterinary and Animal Sciences</a></p>"
University,Veterinary and Animal Sciences,Bachelor of Veterinary Science,CAT-UNI-VET-BVSC,"<p><strong>Bachelor of Veterinary Science</strong></p><p>Bachelor of Veterinary Science curriculum category.</p><p><strong>Typical subjects or topics:</strong> Anatomy, pathology, medicine, surgery, livestock production, clinical practice</p><p><strong>Recommended course structure:</strong> Semester or term / subject / unit courses</p><p><a href=""https://en.wikipedia.org/wiki/Special:Search?search=Bachelor%20of%20Veterinary%20Science"" target=""_blank"" rel=""noopener noreferrer"">Wikipedia reference: Bachelor of Veterinary Science</a></p>"
University,Veterinary and Animal Sciences,Master of Veterinary Science,CAT-UNI-VET-MVSC,"<p><strong>Master of Veterinary Science</strong></p><p>Master of Veterinary Science curriculum category.</p><p><strong>Typical subjects or topics:</strong> Veterinary specialties, research, clinical practice</p><p><strong>Recommended course structure:</strong> Semester or term / subject / unit courses</p><p><a href=""https://en.wikipedia.org/wiki/Special:Search?search=Master%20of%20Veterinary%20Science"" target=""_blank"" rel=""noopener noreferrer"">Wikipedia reference: Master of Veterinary Science</a></p>"
University,University,Allied Health and Rehabilitation,CAT-UNI-AHS,"<p><strong>Allied Health and Rehabilitation</strong></p><p>Allied Health and Rehabilitation higher-education programs and academic disciplines.</p><p><strong>Typical subjects or topics:</strong> Bachelor of Physiotherapy, Master of Physiotherapy, Medical Laboratory Technology, Medical Imaging Technology</p><p><strong>Recommended course structure:</strong> Program / semester / subject / unit courses</p><p><a href=""https://en.wikipedia.org/wiki/Special:Search?search=Allied%20Health%20and%20Rehabilitation"" target=""_blank"" rel=""noopener noreferrer"">Wikipedia reference: Allied Health and Rehabilitation</a></p>"
University,Allied Health and Rehabilitation,Bachelor of Physiotherapy,CAT-UNI-AHS-BPT,"<p><strong>Bachelor of Physiotherapy</strong></p><p>Bachelor of Physiotherapy curriculum category.</p><p><strong>Typical subjects or topics:</strong> Anatomy, exercise therapy, electrotherapy, clinical rehabilitation</p><p><strong>Recommended course structure:</strong> Semester or term / subject / unit courses</p><p><a href=""https://en.wikipedia.org/wiki/Special:Search?search=Bachelor%20of%20Physiotherapy"" target=""_blank"" rel=""noopener noreferrer"">Wikipedia reference: Bachelor of Physiotherapy</a></p>"
University,Allied Health and Rehabilitation,Master of Physiotherapy,CAT-UNI-AHS-MPT,"<p><strong>Master of Physiotherapy</strong></p><p>Master of Physiotherapy curriculum category.</p><p><strong>Typical subjects or topics:</strong> Advanced rehabilitation specialties, evidence-based practice, research</p><p><strong>Recommended course structure:</strong> Semester or term / subject / unit courses</p><p><a href=""https://en.wikipedia.org/wiki/Special:Search?search=Master%20of%20Physiotherapy"" target=""_blank"" rel=""noopener noreferrer"">Wikipedia reference: Master of Physiotherapy</a></p>"
University,Allied Health and Rehabilitation,Medical Laboratory Technology,CAT-UNI-AHS-MLT,"<p><strong>Medical Laboratory Technology</strong></p><p>Medical Laboratory Technology curriculum category.</p><p><strong>Typical subjects or topics:</strong> Clinical biochemistry, microbiology, hematology, laboratory quality</p><p><strong>Recommended course structure:</strong> Semester or term / subject / unit courses</p><p><a href=""https://en.wikipedia.org/wiki/Special:Search?search=Medical%20Laboratory%20Technology"" target=""_blank"" rel=""noopener noreferrer"">Wikipedia reference: Medical Laboratory Technology</a></p>"
University,Allied Health and Rehabilitation,Medical Imaging Technology,CAT-UNI-AHS-IMG,"<p><strong>Medical Imaging Technology</strong></p><p>Medical Imaging Technology curriculum category.</p><p><strong>Typical subjects or topics:</strong> Radiography, imaging modalities, radiation safety, patient care</p><p><strong>Recommended course structure:</strong> Semester or term / subject / unit courses</p><p><a href=""https://en.wikipedia.org/wiki/Special:Search?search=Medical%20Imaging%20Technology"" target=""_blank"" rel=""noopener noreferrer"">Wikipedia reference: Medical Imaging Technology</a></p>"
University,University,Public Health,CAT-UNI-PHE,"<p><strong>Public Health</strong></p><p>Public Health higher-education programs and academic disciplines.</p><p><strong>Typical subjects or topics:</strong> Bachelor of Public Health, Master of Public Health</p><p><strong>Recommended course structure:</strong> Program / semester / subject / unit courses</p><p><a href=""https://en.wikipedia.org/wiki/Special:Search?search=Public%20Health"" target=""_blank"" rel=""noopener noreferrer"">Wikipedia reference: Public Health</a></p>"
University,Public Health,Bachelor of Public Health,CAT-UNI-PHE-BPH,"<p><strong>Bachelor of Public Health</strong></p><p>Bachelor of Public Health curriculum category.</p><p><strong>Typical subjects or topics:</strong> Epidemiology, biostatistics, health systems, environmental and community health</p><p><strong>Recommended course structure:</strong> Semester or term / subject / unit courses</p><p><a href=""https://en.wikipedia.org/wiki/Special:Search?search=Bachelor%20of%20Public%20Health"" target=""_blank"" rel=""noopener noreferrer"">Wikipedia reference: Bachelor of Public Health</a></p>"
University,Public Health,Master of Public Health,CAT-UNI-PHE-MPH,"<p><strong>Master of Public Health</strong></p><p>Master of Public Health curriculum category.</p><p><strong>Typical subjects or topics:</strong> Advanced epidemiology, policy, program management, research</p><p><strong>Recommended course structure:</strong> Semester or term / subject / unit courses</p><p><a href=""https://en.wikipedia.org/wiki/Special:Search?search=Master%20of%20Public%20Health"" target=""_blank"" rel=""noopener noreferrer"">Wikipedia reference: Master of Public Health</a></p>"
University,University,Social Work,CAT-UNI-SW,"<p><strong>Social Work</strong></p><p>Social Work higher-education programs and academic disciplines.</p><p><strong>Typical subjects or topics:</strong> Bachelor of Social Work, Master of Social Work</p><p><strong>Recommended course structure:</strong> Program / semester / subject / unit courses</p><p><a href=""https://en.wikipedia.org/wiki/Special:Search?search=Social%20Work"" target=""_blank"" rel=""noopener noreferrer"">Wikipedia reference: Social Work</a></p>"
University,Social Work,Bachelor of Social Work,CAT-UNI-SW-BSW,"<p><strong>Bachelor of Social Work</strong></p><p>Bachelor of Social Work curriculum category.</p><p><strong>Typical subjects or topics:</strong> Social systems, casework, community organization, fieldwork</p><p><strong>Recommended course structure:</strong> Semester or term / subject / unit courses</p><p><a href=""https://en.wikipedia.org/wiki/Special:Search?search=Bachelor%20of%20Social%20Work"" target=""_blank"" rel=""noopener noreferrer"">Wikipedia reference: Bachelor of Social Work</a></p>"
University,Social Work,Master of Social Work,CAT-UNI-SW-MSW,"<p><strong>Master of Social Work</strong></p><p>Master of Social Work curriculum category.</p><p><strong>Typical subjects or topics:</strong> Advanced practice, policy, research, specialization, fieldwork</p><p><strong>Recommended course structure:</strong> Semester or term / subject / unit courses</p><p><a href=""https://en.wikipedia.org/wiki/Special:Search?search=Master%20of%20Social%20Work"" target=""_blank"" rel=""noopener noreferrer"">Wikipedia reference: Master of Social Work</a></p>"
University,University,Journalism and Mass Communication,CAT-UNI-MCM,"<p><strong>Journalism and Mass Communication</strong></p><p>Journalism and Mass Communication higher-education programs and academic disciplines.</p><p><strong>Typical subjects or topics:</strong> Bachelor of Journalism and Mass Communication, Master of Journalism and Mass Communication</p><p><strong>Recommended course structure:</strong> Program / semester / subject / unit courses</p><p><a href=""https://en.wikipedia.org/wiki/Special:Search?search=Journalism%20and%20Mass%20Communication"" target=""_blank"" rel=""noopener noreferrer"">Wikipedia reference: Journalism and Mass Communication</a></p>"
University,Journalism and Mass Communication,Bachelor of Journalism and Mass Communication,CAT-UNI-MCM-BJMC,"<p><strong>Bachelor of Journalism and Mass Communication</strong></p><p>Bachelor of Journalism and Mass Communication curriculum category.</p><p><strong>Typical subjects or topics:</strong> Reporting, editing, media law, digital media, production</p><p><strong>Recommended course structure:</strong> Semester or term / subject / unit courses</p><p><a href=""https://en.wikipedia.org/wiki/Special:Search?search=Bachelor%20of%20Journalism%20and%20Mass%20Communication"" target=""_blank"" rel=""noopener noreferrer"">Wikipedia reference: Bachelor of Journalism and Mass Communication</a></p>"
University,Journalism and Mass Communication,Master of Journalism and Mass Communication,CAT-UNI-MCM-MJMC,"<p><strong>Master of Journalism and Mass Communication</strong></p><p>Master of Journalism and Mass Communication curriculum category.</p><p><strong>Typical subjects or topics:</strong> Advanced journalism, media research, strategy, production</p><p><strong>Recommended course structure:</strong> Semester or term / subject / unit courses</p><p><a href=""https://en.wikipedia.org/wiki/Special:Search?search=Master%20of%20Journalism%20and%20Mass%20Communication"" target=""_blank"" rel=""noopener noreferrer"">Wikipedia reference: Master of Journalism and Mass Communication</a></p>"
University,University,Design and Creative Disciplines,CAT-UNI-DES,"<p><strong>Design and Creative Disciplines</strong></p><p>Design and Creative Disciplines higher-education programs and academic disciplines.</p><p><strong>Typical subjects or topics:</strong> Bachelor of Design, Master of Design</p><p><strong>Recommended course structure:</strong> Program / semester / subject / unit courses</p><p><a href=""https://en.wikipedia.org/wiki/Special:Search?search=Design%20and%20Creative%20Disciplines"" target=""_blank"" rel=""noopener noreferrer"">Wikipedia reference: Design and Creative Disciplines</a></p>"
University,Design and Creative Disciplines,Bachelor of Design,CAT-UNI-DES-BDES,"<p><strong>Bachelor of Design</strong></p><p>Bachelor of Design curriculum category.</p><p><strong>Typical subjects or topics:</strong> Communication, product, interaction, fashion or spatial design studios</p><p><strong>Recommended course structure:</strong> Semester or term / subject / unit courses</p><p><a href=""https://en.wikipedia.org/wiki/Special:Search?search=Bachelor%20of%20Design"" target=""_blank"" rel=""noopener noreferrer"">Wikipedia reference: Bachelor of Design</a></p>"
University,Design and Creative Disciplines,Master of Design,CAT-UNI-DES-MDES,"<p><strong>Master of Design</strong></p><p>Master of Design curriculum category.</p><p><strong>Typical subjects or topics:</strong> Advanced design practice, research, systems and strategy</p><p><strong>Recommended course structure:</strong> Semester or term / subject / unit courses</p><p><a href=""https://en.wikipedia.org/wiki/Special:Search?search=Master%20of%20Design"" target=""_blank"" rel=""noopener noreferrer"">Wikipedia reference: Master of Design</a></p>"
University,University,Hospitality and Tourism,CAT-UNI-HOS,"<p><strong>Hospitality and Tourism</strong></p><p>Hospitality and Tourism higher-education programs and academic disciplines.</p><p><strong>Typical subjects or topics:</strong> Bachelor of Hotel Management, Master of Hotel Management, Tourism Studies</p><p><strong>Recommended course structure:</strong> Program / semester / subject / unit courses</p><p><a href=""https://en.wikipedia.org/wiki/Special:Search?search=Hospitality%20and%20Tourism"" target=""_blank"" rel=""noopener noreferrer"">Wikipedia reference: Hospitality and Tourism</a></p>"
University,Hospitality and Tourism,Bachelor of Hotel Management,CAT-UNI-HOS-BHM,"<p><strong>Bachelor of Hotel Management</strong></p><p>Bachelor of Hotel Management curriculum category.</p><p><strong>Typical subjects or topics:</strong> Food production, service, front office, housekeeping, hospitality management</p><p><strong>Recommended course structure:</strong> Semester or term / subject / unit courses</p><p><a href=""https://en.wikipedia.org/wiki/Special:Search?search=Bachelor%20of%20Hotel%20Management"" target=""_blank"" rel=""noopener noreferrer"">Wikipedia reference: Bachelor of Hotel Management</a></p>"
University,Hospitality and Tourism,Master of Hotel Management,CAT-UNI-HOS-MHM,"<p><strong>Master of Hotel Management</strong></p><p>Master of Hotel Management curriculum category.</p><p><strong>Typical subjects or topics:</strong> Advanced hospitality strategy, operations, research</p><p><strong>Recommended course structure:</strong> Semester or term / subject / unit courses</p><p><a href=""https://en.wikipedia.org/wiki/Special:Search?search=Master%20of%20Hotel%20Management"" target=""_blank"" rel=""noopener noreferrer"">Wikipedia reference: Master of Hotel Management</a></p>"
University,Hospitality and Tourism,Tourism Studies,CAT-UNI-HOS-TOU,"<p><strong>Tourism Studies</strong></p><p>Tourism Studies curriculum category.</p><p><strong>Typical subjects or topics:</strong> Travel operations, destination management, tourism marketing, sustainability</p><p><strong>Recommended course structure:</strong> Semester or term / subject / unit courses</p><p><a href=""https://en.wikipedia.org/wiki/Special:Search?search=Tourism%20Studies"" target=""_blank"" rel=""noopener noreferrer"">Wikipedia reference: Tourism Studies</a></p>"
University,University,Fine and Performing Arts,CAT-UNI-FAS,"<p><strong>Fine and Performing Arts</strong></p><p>Fine and Performing Arts higher-education programs and academic disciplines.</p><p><strong>Typical subjects or topics:</strong> Bachelor of Fine Arts, Master of Fine Arts, Performing Arts Programs</p><p><strong>Recommended course structure:</strong> Program / semester / subject / unit courses</p><p><a href=""https://en.wikipedia.org/wiki/Special:Search?search=Fine%20and%20Performing%20Arts"" target=""_blank"" rel=""noopener noreferrer"">Wikipedia reference: Fine and Performing Arts</a></p>"
University,Fine and Performing Arts,Bachelor of Fine Arts,CAT-UNI-FAS-BFA,"<p><strong>Bachelor of Fine Arts</strong></p><p>Bachelor of Fine Arts curriculum category.</p><p><strong>Typical subjects or topics:</strong> Painting, sculpture, applied arts, art history, studio practice</p><p><strong>Recommended course structure:</strong> Semester or term / subject / unit courses</p><p><a href=""https://en.wikipedia.org/wiki/Special:Search?search=Bachelor%20of%20Fine%20Arts"" target=""_blank"" rel=""noopener noreferrer"">Wikipedia reference: Bachelor of Fine Arts</a></p>"
University,Fine and Performing Arts,Master of Fine Arts,CAT-UNI-FAS-MFA,"<p><strong>Master of Fine Arts</strong></p><p>Master of Fine Arts curriculum category.</p><p><strong>Typical subjects or topics:</strong> Advanced studio practice, criticism, research</p><p><strong>Recommended course structure:</strong> Semester or term / subject / unit courses</p><p><a href=""https://en.wikipedia.org/wiki/Special:Search?search=Master%20of%20Fine%20Arts"" target=""_blank"" rel=""noopener noreferrer"">Wikipedia reference: Master of Fine Arts</a></p>"
University,Fine and Performing Arts,Performing Arts Programs,CAT-UNI-FAS-PERF,"<p><strong>Performing Arts Programs</strong></p><p>Performing Arts Programs curriculum category.</p><p><strong>Typical subjects or topics:</strong> Music, dance, theatre, performance studies, production</p><p><strong>Recommended course structure:</strong> Semester or term / subject / unit courses</p><p><a href=""https://en.wikipedia.org/wiki/Special:Search?search=Performing%20Arts%20Programs"" target=""_blank"" rel=""noopener noreferrer"">Wikipedia reference: Performing Arts Programs</a></p>"
University,University,Doctoral and Research Degrees,CAT-UNI-PHD,"<p><strong>Doctoral and Research Degrees</strong></p><p>Doctoral and Research Degrees learning and development for Education and Academia contexts.</p><p><strong>Typical subjects or topics:</strong> Doctor of Philosophy, professional doctorates, research methods, ethics, thesis, viva</p><p><strong>Recommended course structure:</strong> Program / module / unit courses</p><p><a href=""https://en.wikipedia.org/wiki/Special:Search?search=Doctoral%20and%20Research%20Degrees"" target=""_blank"" rel=""noopener noreferrer"">Wikipedia reference: Doctoral and Research Degrees</a></p>"
University,University,Diploma and Advanced Diploma,CAT-UNI-DIP,"<p><strong>Diploma and Advanced Diploma</strong></p><p>Diploma and Advanced Diploma learning and development for Education and Academia contexts.</p><p><strong>Typical subjects or topics:</strong> Post-secondary and higher-education diplomas across academic and professional fields</p><p><strong>Recommended course structure:</strong> Program / module / unit courses</p><p><a href=""https://en.wikipedia.org/wiki/Special:Search?search=Diploma%20and%20Advanced%20Diploma"" target=""_blank"" rel=""noopener noreferrer"">Wikipedia reference: Diploma and Advanced Diploma</a></p>"
University,University,Certificate and Micro-Credentials,CAT-UNI-CERT,"<p><strong>Certificate and Micro-Credentials</strong></p><p>Certificate and Micro-Credentials learning and development for Education and Academia contexts.</p><p><strong>Typical subjects or topics:</strong> Short higher-education certificates, stackable credentials, continuing education</p><p><strong>Recommended course structure:</strong> Program / module / unit courses</p><p><a href=""https://en.wikipedia.org/wiki/Special:Search?search=Certificate%20and%20Micro-Credentials"" target=""_blank"" rel=""noopener noreferrer"">Wikipedia reference: Certificate and Micro-Credentials</a></p>"
University,University,Open and Distance Learning,CAT-UNI-ODL,"<p><strong>Open and Distance Learning</strong></p><p>Open and Distance Learning learning and development for Education and Academia contexts.</p><p><strong>Typical subjects or topics:</strong> Online, blended, correspondence and flexible higher-education delivery</p><p><strong>Recommended course structure:</strong> Program / module / unit courses</p><p><a href=""https://en.wikipedia.org/wiki/Special:Search?search=Open%20and%20Distance%20Learning"" target=""_blank"" rel=""noopener noreferrer"">Wikipedia reference: Open and Distance Learning</a></p>"
University,University,Foundation and Bridge Programs,CAT-UNI-FND,"<p><strong>Foundation and Bridge Programs</strong></p><p>Foundation and Bridge Programs learning and development for Education and Academia contexts.</p><p><strong>Typical subjects or topics:</strong> Academic readiness, pathway, remedial and transition education</p><p><strong>Recommended course structure:</strong> Program / module / unit courses</p><p><a href=""https://en.wikipedia.org/wiki/Special:Search?search=Foundation%20and%20Bridge%20Programs"" target=""_blank"" rel=""noopener noreferrer"">Wikipedia reference: Foundation and Bridge Programs</a></p>"
Education and Academia,Education and Academia,Early Childhood Education and Care,CAT-EDU-ECE,"<p><strong>Early Childhood Education and Care</strong></p><p>Early Childhood Education and Care learning and development for Education and Academia contexts.</p><p><strong>Typical subjects or topics:</strong> Child development, play-based learning, safeguarding, family engagement</p><p><strong>Recommended course structure:</strong> Role / competency / module courses</p><p><a href=""https://en.wikipedia.org/wiki/Special:Search?search=Early%20Childhood%20Education%20and%20Care"" target=""_blank"" rel=""noopener noreferrer"">Wikipedia reference: Early Childhood Education and Care</a></p>"
Education and Academia,Education and Academia,Teacher Professional Development,CAT-EDU-TCH,"<p><strong>Teacher Professional Development</strong></p><p>Teacher Professional Development learning and development for Education and Academia contexts.</p><p><strong>Typical subjects or topics:</strong> Subject pedagogy, classroom practice, assessment, inclusive education, reflective practice</p><p><strong>Recommended course structure:</strong> Role / competency / module courses</p><p><a href=""https://en.wikipedia.org/wiki/Special:Search?search=Teacher%20Professional%20Development"" target=""_blank"" rel=""noopener noreferrer"">Wikipedia reference: Teacher Professional Development</a></p>"
Education and Academia,Education and Academia,Education Leadership and Administration,CAT-EDU-LEAD,"<p><strong>Education Leadership and Administration</strong></p><p>Education Leadership and Administration learning and development for Education and Academia contexts.</p><p><strong>Typical subjects or topics:</strong> School leadership, governance, finance, operations, academic planning</p><p><strong>Recommended course structure:</strong> Role / competency / module courses</p><p><a href=""https://en.wikipedia.org/wiki/Special:Search?search=Education%20Leadership%20and%20Administration"" target=""_blank"" rel=""noopener noreferrer"">Wikipedia reference: Education Leadership and Administration</a></p>"
Education and Academia,Education and Academia,"Curriculum, Instruction and Assessment",CAT-EDU-CUR,"<p><strong>Curriculum, Instruction and Assessment</strong></p><p>Curriculum, Instruction and Assessment learning and development for Education and Academia contexts.</p><p><strong>Typical subjects or topics:</strong> Curriculum design, instructional design, assessment literacy, learning outcomes</p><p><strong>Recommended course structure:</strong> Role / competency / module courses</p><p><a href=""https://en.wikipedia.org/wiki/Special:Search?search=Curriculum%2C%20Instruction%20and%20Assessment"" target=""_blank"" rel=""noopener noreferrer"">Wikipedia reference: Curriculum, Instruction and Assessment</a></p>"
Education and Academia,Education and Academia,Special and Inclusive Education,CAT-EDU-SEN,"<p><strong>Special and Inclusive Education</strong></p><p>Special and Inclusive Education learning and development for Education and Academia contexts.</p><p><strong>Typical subjects or topics:</strong> Learning differences, accommodations, assistive technology, individualized education</p><p><strong>Recommended course structure:</strong> Role / competency / module courses</p><p><a href=""https://en.wikipedia.org/wiki/Special:Search?search=Special%20and%20Inclusive%20Education"" target=""_blank"" rel=""noopener noreferrer"">Wikipedia reference: Special and Inclusive Education</a></p>"
Education and Academia,Education and Academia,Educational Technology,CAT-EDU-EDT,"<p><strong>Educational Technology</strong></p><p>Educational Technology learning and development for Education and Academia contexts.</p><p><strong>Typical subjects or topics:</strong> Learning management systems, digital pedagogy, multimedia, learning analytics</p><p><strong>Recommended course structure:</strong> Role / competency / module courses</p><p><a href=""https://en.wikipedia.org/wiki/Special:Search?search=Educational%20Technology"" target=""_blank"" rel=""noopener noreferrer"">Wikipedia reference: Educational Technology</a></p>"
Education and Academia,Education and Academia,Library and Information Services,CAT-EDU-LIB,"<p><strong>Library and Information Services</strong></p><p>Library and Information Services learning and development for Education and Academia contexts.</p><p><strong>Typical subjects or topics:</strong> Cataloguing, information literacy, digital libraries, research support</p><p><strong>Recommended course structure:</strong> Role / competency / module courses</p><p><a href=""https://en.wikipedia.org/wiki/Special:Search?search=Library%20and%20Information%20Services"" target=""_blank"" rel=""noopener noreferrer"">Wikipedia reference: Library and Information Services</a></p>"
Education and Academia,Education and Academia,Student Services and Counselling,CAT-EDU-STU,"<p><strong>Student Services and Counselling</strong></p><p>Student Services and Counselling learning and development for Education and Academia contexts.</p><p><strong>Typical subjects or topics:</strong> Admissions, advising, counselling, career services, student wellbeing</p><p><strong>Recommended course structure:</strong> Role / competency / module courses</p><p><a href=""https://en.wikipedia.org/wiki/Special:Search?search=Student%20Services%20and%20Counselling"" target=""_blank"" rel=""noopener noreferrer"">Wikipedia reference: Student Services and Counselling</a></p>"
Education and Academia,Education and Academia,Quality Assurance and Accreditation,CAT-EDU-QA,"<p><strong>Quality Assurance and Accreditation</strong></p><p>Quality Assurance and Accreditation learning and development for Education and Academia contexts.</p><p><strong>Typical subjects or topics:</strong> Academic quality, program review, accreditation, outcomes assessment</p><p><strong>Recommended course structure:</strong> Role / competency / module courses</p><p><a href=""https://en.wikipedia.org/wiki/Special:Search?search=Quality%20Assurance%20and%20Accreditation"" target=""_blank"" rel=""noopener noreferrer"">Wikipedia reference: Quality Assurance and Accreditation</a></p>"
Education and Academia,Education and Academia,Adult and Continuing Education,CAT-EDU-ADU,"<p><strong>Adult and Continuing Education</strong></p><p>Adult and Continuing Education learning and development for Education and Academia contexts.</p><p><strong>Typical subjects or topics:</strong> Adult literacy, continuing education, community learning, lifelong learning</p><p><strong>Recommended course structure:</strong> Role / competency / module courses</p><p><a href=""https://en.wikipedia.org/wiki/Special:Search?search=Adult%20and%20Continuing%20Education"" target=""_blank"" rel=""noopener noreferrer"">Wikipedia reference: Adult and Continuing Education</a></p>"
"Business, Management and Entrepreneurship",Organization,"Business, Management and Entrepreneurship",CAT-BUS,"<p><strong>Business, Management and Entrepreneurship</strong></p><p>Strategy, leadership, operations, entrepreneurship and organizational capabilities</p><p><strong>Typical subjects or topics:</strong> Strategy and Corporate Planning, Leadership and People Management, Human Resources and Talent, Marketing and Brand, Sales and Business Development, Operations and Process Excellence, Supply Chain and Procurement, Project and Program Management, Entrepreneurship and Startups, Customer Service and Experience, Business Analysis and Analytics, International Business</p><p><strong>Recommended course structure:</strong> Domain / specialization / competency / module courses</p><p><a href=""https://en.wikipedia.org/wiki/Special:Search?search=Business%2C%20Management%20and%20Entrepreneurship"" target=""_blank"" rel=""noopener noreferrer"">Wikipedia reference: Business, Management and Entrepreneurship</a></p>"
"Business, Management and Entrepreneurship","Business, Management and Entrepreneurship",Strategy and Corporate Planning,CAT-BUS-STR,"<p><strong>Strategy and Corporate Planning</strong></p><p>Strategy and Corporate Planning learning and development for Business, Management and Entrepreneurship contexts.</p><p><strong>Typical subjects or topics:</strong> Strategic analysis, business models, objectives, execution, performance</p><p><strong>Recommended course structure:</strong> Domain / competency / module courses</p><p><a href=""https://en.wikipedia.org/wiki/Special:Search?search=Strategy%20and%20Corporate%20Planning"" target=""_blank"" rel=""noopener noreferrer"">Wikipedia reference: Strategy and Corporate Planning</a></p>"
"Business, Management and Entrepreneurship","Business, Management and Entrepreneurship",Leadership and People Management,CAT-BUS-LDR,"<p><strong>Leadership and People Management</strong></p><p>Leadership and People Management learning and development for Business, Management and Entrepreneurship contexts.</p><p><strong>Typical subjects or topics:</strong> Leadership, delegation, coaching, team effectiveness, change leadership</p><p><strong>Recommended course structure:</strong> Domain / competency / module courses</p><p><a href=""https://en.wikipedia.org/wiki/Special:Search?search=Leadership%20and%20People%20Management"" target=""_blank"" rel=""noopener noreferrer"">Wikipedia reference: Leadership and People Management</a></p>"
"Business, Management and Entrepreneurship","Business, Management and Entrepreneurship",Human Resources and Talent,CAT-BUS-HR,"<p><strong>Human Resources and Talent</strong></p><p>Human Resources and Talent learning and development for Business, Management and Entrepreneurship contexts.</p><p><strong>Typical subjects or topics:</strong> Recruitment, onboarding, performance, compensation, employee relations, L&amp;D</p><p><strong>Recommended course structure:</strong> Domain / competency / module courses</p><p><a href=""https://en.wikipedia.org/wiki/Special:Search?search=Human%20Resources%20and%20Talent"" target=""_blank"" rel=""noopener noreferrer"">Wikipedia reference: Human Resources and Talent</a></p>"
"Business, Management and Entrepreneurship","Business, Management and Entrepreneurship",Marketing and Brand,CAT-BUS-MKT,"<p><strong>Marketing and Brand</strong></p><p>Marketing and Brand learning and development for Business, Management and Entrepreneurship contexts.</p><p><strong>Typical subjects or topics:</strong> Market research, brand, campaigns, content, digital marketing, analytics</p><p><strong>Recommended course structure:</strong> Domain / competency / module courses</p><p><a href=""https://en.wikipedia.org/wiki/Special:Search?search=Marketing%20and%20Brand"" target=""_blank"" rel=""noopener noreferrer"">Wikipedia reference: Marketing and Brand</a></p>"
"Business, Management and Entrepreneurship","Business, Management and Entrepreneurship",Sales and Business Development,CAT-BUS-SAL,"<p><strong>Sales and Business Development</strong></p><p>Sales and Business Development learning and development for Business, Management and Entrepreneurship contexts.</p><p><strong>Typical subjects or topics:</strong> Prospecting, consultative selling, account management, negotiation, CRM</p><p><strong>Recommended course structure:</strong> Domain / competency / module courses</p><p><a href=""https://en.wikipedia.org/wiki/Special:Search?search=Sales%20and%20Business%20Development"" target=""_blank"" rel=""noopener noreferrer"">Wikipedia reference: Sales and Business Development</a></p>"
"Business, Management and Entrepreneurship","Business, Management and Entrepreneurship",Operations and Process Excellence,CAT-BUS-OPS,"<p><strong>Operations and Process Excellence</strong></p><p>Operations and Process Excellence learning and development for Business, Management and Entrepreneurship contexts.</p><p><strong>Typical subjects or topics:</strong> Process design, SOPs, lean, quality, capacity, service operations</p><p><strong>Recommended course structure:</strong> Domain / competency / module courses</p><p><a href=""https://en.wikipedia.org/wiki/Special:Search?search=Operations%20and%20Process%20Excellence"" target=""_blank"" rel=""noopener noreferrer"">Wikipedia reference: Operations and Process Excellence</a></p>"
"Business, Management and Entrepreneurship","Business, Management and Entrepreneurship",Supply Chain and Procurement,CAT-BUS-SCM,"<p><strong>Supply Chain and Procurement</strong></p><p>Supply Chain and Procurement learning and development for Business, Management and Entrepreneurship contexts.</p><p><strong>Typical subjects or topics:</strong> Planning, sourcing, procurement, inventory, supplier management</p><p><strong>Recommended course structure:</strong> Domain / competency / module courses</p><p><a href=""https://en.wikipedia.org/wiki/Special:Search?search=Supply%20Chain%20and%20Procurement"" target=""_blank"" rel=""noopener noreferrer"">Wikipedia reference: Supply Chain and Procurement</a></p>"
"Business, Management and Entrepreneurship","Business, Management and Entrepreneurship",Project and Program Management,CAT-BUS-PM,"<p><strong>Project and Program Management</strong></p><p>Project and Program Management learning and development for Business, Management and Entrepreneurship contexts.</p><p><strong>Typical subjects or topics:</strong> Scope, schedule, cost, risk, agile, portfolio and benefits management</p><p><strong>Recommended course structure:</strong> Domain / competency / module courses</p><p><a href=""https://en.wikipedia.org/wiki/Special:Search?search=Project%20and%20Program%20Management"" target=""_blank"" rel=""noopener noreferrer"">Wikipedia reference: Project and Program Management</a></p>"
"Business, Management and Entrepreneurship","Business, Management and Entrepreneurship",Entrepreneurship and Startups,CAT-BUS-ENT,"<p><strong>Entrepreneurship and Startups</strong></p><p>Entrepreneurship and Startups learning and development for Business, Management and Entrepreneurship contexts.</p><p><strong>Typical subjects or topics:</strong> Ideation, validation, business planning, funding, scaling, governance</p><p><strong>Recommended course structure:</strong> Domain / competency / module courses</p><p><a href=""https://en.wikipedia.org/wiki/Special:Search?search=Entrepreneurship%20and%20Startups"" target=""_blank"" rel=""noopener noreferrer"">Wikipedia reference: Entrepreneurship and Startups</a></p>"
"Business, Management and Entrepreneurship","Business, Management and Entrepreneurship",Customer Service and Experience,CAT-BUS-CS,"<p><strong>Customer Service and Experience</strong></p><p>Customer Service and Experience learning and development for Business, Management and Entrepreneurship contexts.</p><p><strong>Typical subjects or topics:</strong> Service skills, contact centres, complaints, customer success, CX design</p><p><strong>Recommended course structure:</strong> Domain / competency / module courses</p><p><a href=""https://en.wikipedia.org/wiki/Special:Search?search=Customer%20Service%20and%20Experience"" target=""_blank"" rel=""noopener noreferrer"">Wikipedia reference: Customer Service and Experience</a></p>"
"Business, Management and Entrepreneurship","Business, Management and Entrepreneurship",Business Analysis and Analytics,CAT-BUS-ANL,"<p><strong>Business Analysis and Analytics</strong></p><p>Business Analysis and Analytics learning and development for Business, Management and Entrepreneurship contexts.</p><p><strong>Typical subjects or topics:</strong> Requirements, process analysis, dashboards, decision science</p><p><strong>Recommended course structure:</strong> Domain / competency / module courses</p><p><a href=""https://en.wikipedia.org/wiki/Special:Search?search=Business%20Analysis%20and%20Analytics"" target=""_blank"" rel=""noopener noreferrer"">Wikipedia reference: Business Analysis and Analytics</a></p>"
"Business, Management and Entrepreneurship","Business, Management and Entrepreneurship",International Business,CAT-BUS-IB,"<p><strong>International Business</strong></p><p>International Business learning and development for Business, Management and Entrepreneurship contexts.</p><p><strong>Typical subjects or topics:</strong> Trade, cross-cultural management, market entry, global operations</p><p><strong>Recommended course structure:</strong> Domain / competency / module courses</p><p><a href=""https://en.wikipedia.org/wiki/Special:Search?search=International%20Business"" target=""_blank"" rel=""noopener noreferrer"">Wikipedia reference: International Business</a></p>"
IT,Organization,IT,CAT-ITD,"<p><strong>IT</strong></p><p>Information technology and digital learning across computing, software, data, infrastructure, security and emerging technologies.</p><p><strong>Typical subjects or topics:</strong> Digital and Computing Foundations, Software Development, Web and Mobile Development, Data Engineering and Databases, Data Science and Artificial Intelligence, Cybersecurity, Networks and Telecommunications, Cloud Computing and DevOps, IT Service Management, User Experience and Product Design, Digital Product Management, Blockchain and Distributed Systems, Internet of Things and Embedded Systems, AR, VR and Spatial Computing</p><p><strong>Recommended course structure:</strong> Domain / specialization / competency / module courses</p><p><a href=""https://en.wikipedia.org/wiki/Special:Search?search=IT"" target=""_blank"" rel=""noopener noreferrer"">Wikipedia reference: IT</a></p>"
IT,IT,Digital and Computing Foundations,CAT-ITD-FND,"<p><strong>Digital and Computing Foundations</strong></p><p>Digital and Computing Foundations learning and development for Information Technology and Digital contexts.</p><p><strong>Typical subjects or topics:</strong> Digital literacy, computing concepts, productivity tools, responsible use</p><p><strong>Recommended course structure:</strong> Domain / competency / module courses</p><p><a href=""https://en.wikipedia.org/wiki/Special:Search?search=Digital%20and%20Computing%20Foundations"" target=""_blank"" rel=""noopener noreferrer"">Wikipedia reference: Digital and Computing Foundations</a></p>"
IT,IT,Software Development,CAT-ITD-DEV,"<p><strong>Software Development</strong></p><p>Software Development learning and development for Information Technology and Digital contexts.</p><p><strong>Typical subjects or topics:</strong> Programming, algorithms, testing, version control, software architecture</p><p><strong>Recommended course structure:</strong> Domain / competency / module courses</p><p><a href=""https://en.wikipedia.org/wiki/Special:Search?search=Software%20Development"" target=""_blank"" rel=""noopener noreferrer"">Wikipedia reference: Software Development</a></p>"
IT,IT,Web and Mobile Development,CAT-ITD-WEB,"<p><strong>Web and Mobile Development</strong></p><p>Web and Mobile Development learning and development for Information Technology and Digital contexts.</p><p><strong>Typical subjects or topics:</strong> Front end, back end, APIs, mobile apps, accessibility, performance</p><p><strong>Recommended course structure:</strong> Domain / competency / module courses</p><p><a href=""https://en.wikipedia.org/wiki/Special:Search?search=Web%20and%20Mobile%20Development"" target=""_blank"" rel=""noopener noreferrer"">Wikipedia reference: Web and Mobile Development</a></p>"
IT,IT,Data Engineering and Databases,CAT-ITD-DAT,"<p><strong>Data Engineering and Databases</strong></p><p>Data Engineering and Databases learning and development for Information Technology and Digital contexts.</p><p><strong>Typical subjects or topics:</strong> Data modeling, SQL, ETL, warehousing, pipelines, governance</p><p><strong>Recommended course structure:</strong> Domain / competency / module courses</p><p><a href=""https://en.wikipedia.org/wiki/Special:Search?search=Data%20Engineering%20and%20Databases"" target=""_blank"" rel=""noopener noreferrer"">Wikipedia reference: Data Engineering and Databases</a></p>"
IT,IT,Data Science and Artificial Intelligence,CAT-ITD-DSAI,"<p><strong>Data Science and Artificial Intelligence</strong></p><p>Data Science and Artificial Intelligence learning and development for Information Technology and Digital contexts.</p><p><strong>Typical subjects or topics:</strong> Statistics, machine learning, deep learning, generative AI, MLOps</p><p><strong>Recommended course structure:</strong> Domain / competency / module courses</p><p><a href=""https://en.wikipedia.org/wiki/Special:Search?search=Data%20Science%20and%20Artificial%20Intelligence"" target=""_blank"" rel=""noopener noreferrer"">Wikipedia reference: Data Science and Artificial Intelligence</a></p>"
IT,IT,Cybersecurity,CAT-ITD-CYB,"<p><strong>Cybersecurity</strong></p><p>Cybersecurity learning and development for Information Technology and Digital contexts.</p><p><strong>Typical subjects or topics:</strong> Security operations, application security, IAM, incident response, governance</p><p><strong>Recommended course structure:</strong> Domain / competency / module courses</p><p><a href=""https://en.wikipedia.org/wiki/Special:Search?search=Cybersecurity"" target=""_blank"" rel=""noopener noreferrer"">Wikipedia reference: Cybersecurity</a></p>"
IT,IT,Networks and Telecommunications,CAT-ITD-NET,"<p><strong>Networks and Telecommunications</strong></p><p>Networks and Telecommunications learning and development for Information Technology and Digital contexts.</p><p><strong>Typical subjects or topics:</strong> Networking, wireless, routing, switching, telecom systems</p><p><strong>Recommended course structure:</strong> Domain / competency / module courses</p><p><a href=""https://en.wikipedia.org/wiki/Special:Search?search=Networks%20and%20Telecommunications"" target=""_blank"" rel=""noopener noreferrer"">Wikipedia reference: Networks and Telecommunications</a></p>"
IT,IT,Cloud Computing and DevOps,CAT-ITD-CLD,"<p><strong>Cloud Computing and DevOps</strong></p><p>Cloud Computing and DevOps learning and development for Information Technology and Digital contexts.</p><p><strong>Typical subjects or topics:</strong> Cloud architecture, containers, CI/CD, infrastructure as code, SRE</p><p><strong>Recommended course structure:</strong> Domain / competency / module courses</p><p><a href=""https://en.wikipedia.org/wiki/Special:Search?search=Cloud%20Computing%20and%20DevOps"" target=""_blank"" rel=""noopener noreferrer"">Wikipedia reference: Cloud Computing and DevOps</a></p>"
IT,IT,IT Service Management,CAT-ITD-ITSM,"<p><strong>IT Service Management</strong></p><p>IT Service Management learning and development for Information Technology and Digital contexts.</p><p><strong>Typical subjects or topics:</strong> Service desk, incident, problem, change, configuration, service design</p><p><strong>Recommended course structure:</strong> Domain / competency / module courses</p><p><a href=""https://en.wikipedia.org/wiki/Special:Search?search=IT%20Service%20Management"" target=""_blank"" rel=""noopener noreferrer"">Wikipedia reference: IT Service Management</a></p>"
IT,IT,User Experience and Product Design,CAT-ITD-UX,"<p><strong>User Experience and Product Design</strong></p><p>User Experience and Product Design learning and development for Information Technology and Digital contexts.</p><p><strong>Typical subjects or topics:</strong> User research, interaction design, prototyping, usability, design systems</p><p><strong>Recommended course structure:</strong> Domain / competency / module courses</p><p><a href=""https://en.wikipedia.org/wiki/Special:Search?search=User%20Experience%20and%20Product%20Design"" target=""_blank"" rel=""noopener noreferrer"">Wikipedia reference: User Experience and Product Design</a></p>"
IT,IT,Digital Product Management,CAT-ITD-PM,"<p><strong>Digital Product Management</strong></p><p>Digital Product Management learning and development for Information Technology and Digital contexts.</p><p><strong>Typical subjects or topics:</strong> Discovery, roadmaps, metrics, experimentation, product operations</p><p><strong>Recommended course structure:</strong> Domain / competency / module courses</p><p><a href=""https://en.wikipedia.org/wiki/Special:Search?search=Digital%20Product%20Management"" target=""_blank"" rel=""noopener noreferrer"">Wikipedia reference: Digital Product Management</a></p>"
IT,IT,Blockchain and Distributed Systems,CAT-ITD-BC,"<p><strong>Blockchain and Distributed Systems</strong></p><p>Blockchain and Distributed Systems learning and development for Information Technology and Digital contexts.</p><p><strong>Typical subjects or topics:</strong> Distributed ledgers, smart contracts, decentralized applications</p><p><strong>Recommended course structure:</strong> Domain / competency / module courses</p><p><a href=""https://en.wikipedia.org/wiki/Special:Search?search=Blockchain%20and%20Distributed%20Systems"" target=""_blank"" rel=""noopener noreferrer"">Wikipedia reference: Blockchain and Distributed Systems</a></p>"
IT,IT,Internet of Things and Embedded Systems,CAT-ITD-IOT,"<p><strong>Internet of Things and Embedded Systems</strong></p><p>Internet of Things and Embedded Systems learning and development for Information Technology and Digital contexts.</p><p><strong>Typical subjects or topics:</strong> Sensors, embedded programming, connectivity, edge systems</p><p><strong>Recommended course structure:</strong> Domain / competency / module courses</p><p><a href=""https://en.wikipedia.org/wiki/Special:Search?search=Internet%20of%20Things%20and%20Embedded%20Systems"" target=""_blank"" rel=""noopener noreferrer"">Wikipedia reference: Internet of Things and Embedded Systems</a></p>"
IT,IT,"AR, VR and Spatial Computing",CAT-ITD-XR,"<p><strong>AR, VR and Spatial Computing</strong></p><p>AR, VR and Spatial Computing learning and development for Information Technology and Digital contexts.</p><p><strong>Typical subjects or topics:</strong> Immersive design, 3D interaction, simulation, spatial applications</p><p><strong>Recommended course structure:</strong> Domain / competency / module courses</p><p><a href=""https://en.wikipedia.org/wiki/Special:Search?search=AR%2C%20VR%20and%20Spatial%20Computing"" target=""_blank"" rel=""noopener noreferrer"">Wikipedia reference: AR, VR and Spatial Computing</a></p>"
"Banking, Financial Services and Insurance",Organization,"Banking, Financial Services and Insurance",CAT-BFS,"<p><strong>Banking, Financial Services and Insurance</strong></p><p>Financial services, accounting, investment, insurance, risk and fintech</p><p><strong>Typical subjects or topics:</strong> Accounting and Bookkeeping, Corporate Finance and Treasury, Banking Operations, Investment and Capital Markets, Insurance, Risk Management, Audit and Assurance, Taxation, AML, KYC and Financial Crime, FinTech and Digital Payments, Microfinance and Financial Inclusion</p><p><strong>Recommended course structure:</strong> Domain / specialization / competency / module courses</p><p><a href=""https://en.wikipedia.org/wiki/Special:Search?search=Banking%2C%20Financial%20Services%20and%20Insurance"" target=""_blank"" rel=""noopener noreferrer"">Wikipedia reference: Banking, Financial Services and Insurance</a></p>"
"Banking, Financial Services and Insurance","Banking, Financial Services and Insurance",Accounting and Bookkeeping,CAT-BFS-AC,"<p><strong>Accounting and Bookkeeping</strong></p><p>Accounting and Bookkeeping learning and development for Banking, Financial Services and Insurance contexts.</p><p><strong>Typical subjects or topics:</strong> Financial accounting, ledgers, reporting, closing, accounting systems</p><p><strong>Recommended course structure:</strong> Domain / competency / module courses</p><p><a href=""https://en.wikipedia.org/wiki/Special:Search?search=Accounting%20and%20Bookkeeping"" target=""_blank"" rel=""noopener noreferrer"">Wikipedia reference: Accounting and Bookkeeping</a></p>"
"Banking, Financial Services and Insurance","Banking, Financial Services and Insurance",Corporate Finance and Treasury,CAT-BFS-FIN,"<p><strong>Corporate Finance and Treasury</strong></p><p>Corporate Finance and Treasury learning and development for Banking, Financial Services and Insurance contexts.</p><p><strong>Typical subjects or topics:</strong> Budgeting, valuation, capital, cash, treasury, financial planning</p><p><strong>Recommended course structure:</strong> Domain / competency / module courses</p><p><a href=""https://en.wikipedia.org/wiki/Special:Search?search=Corporate%20Finance%20and%20Treasury"" target=""_blank"" rel=""noopener noreferrer"">Wikipedia reference: Corporate Finance and Treasury</a></p>"
"Banking, Financial Services and Insurance","Banking, Financial Services and Insurance",Banking Operations,CAT-BFS-BNK,"<p><strong>Banking Operations</strong></p><p>Banking Operations learning and development for Banking, Financial Services and Insurance contexts.</p><p><strong>Typical subjects or topics:</strong> Retail banking, commercial banking, lending, payments, branch operations</p><p><strong>Recommended course structure:</strong> Domain / competency / module courses</p><p><a href=""https://en.wikipedia.org/wiki/Special:Search?search=Banking%20Operations"" target=""_blank"" rel=""noopener noreferrer"">Wikipedia reference: Banking Operations</a></p>"
"Banking, Financial Services and Insurance","Banking, Financial Services and Insurance",Investment and Capital Markets,CAT-BFS-INV,"<p><strong>Investment and Capital Markets</strong></p><p>Investment and Capital Markets learning and development for Banking, Financial Services and Insurance contexts.</p><p><strong>Typical subjects or topics:</strong> Securities, portfolio management, research, trading, market operations</p><p><strong>Recommended course structure:</strong> Domain / competency / module courses</p><p><a href=""https://en.wikipedia.org/wiki/Special:Search?search=Investment%20and%20Capital%20Markets"" target=""_blank"" rel=""noopener noreferrer"">Wikipedia reference: Investment and Capital Markets</a></p>"
"Banking, Financial Services and Insurance","Banking, Financial Services and Insurance",Insurance,CAT-BFS-INS,"<p><strong>Insurance</strong></p><p>Insurance learning and development for Banking, Financial Services and Insurance contexts.</p><p><strong>Typical subjects or topics:</strong> Life, health, property, casualty, underwriting, claims, distribution</p><p><strong>Recommended course structure:</strong> Domain / competency / module courses</p><p><a href=""https://en.wikipedia.org/wiki/Special:Search?search=Insurance"" target=""_blank"" rel=""noopener noreferrer"">Wikipedia reference: Insurance</a></p>"
"Banking, Financial Services and Insurance","Banking, Financial Services and Insurance",Risk Management,CAT-BFS-RISK,"<p><strong>Risk Management</strong></p><p>Risk Management learning and development for Banking, Financial Services and Insurance contexts.</p><p><strong>Typical subjects or topics:</strong> Credit, market, liquidity, operational and enterprise risk</p><p><strong>Recommended course structure:</strong> Domain / competency / module courses</p><p><a href=""https://en.wikipedia.org/wiki/Special:Search?search=Risk%20Management"" target=""_blank"" rel=""noopener noreferrer"">Wikipedia reference: Risk Management</a></p>"
"Banking, Financial Services and Insurance","Banking, Financial Services and Insurance",Audit and Assurance,CAT-BFS-AUD,"<p><strong>Audit and Assurance</strong></p><p>Audit and Assurance learning and development for Banking, Financial Services and Insurance contexts.</p><p><strong>Typical subjects or topics:</strong> Internal audit, external audit, controls, evidence, assurance reporting</p><p><strong>Recommended course structure:</strong> Domain / competency / module courses</p><p><a href=""https://en.wikipedia.org/wiki/Special:Search?search=Audit%20and%20Assurance"" target=""_blank"" rel=""noopener noreferrer"">Wikipedia reference: Audit and Assurance</a></p>"
"Banking, Financial Services and Insurance","Banking, Financial Services and Insurance",Taxation,CAT-BFS-TAX,"<p><strong>Taxation</strong></p><p>Taxation learning and development for Banking, Financial Services and Insurance contexts.</p><p><strong>Typical subjects or topics:</strong> Direct and indirect tax, compliance, planning, transfer pricing</p><p><strong>Recommended course structure:</strong> Domain / competency / module courses</p><p><a href=""https://en.wikipedia.org/wiki/Special:Search?search=Taxation"" target=""_blank"" rel=""noopener noreferrer"">Wikipedia reference: Taxation</a></p>"
"Banking, Financial Services and Insurance","Banking, Financial Services and Insurance","AML, KYC and Financial Crime",CAT-BFS-AML,"<p><strong>AML, KYC and Financial Crime</strong></p><p>AML, KYC and Financial Crime learning and development for Banking, Financial Services and Insurance contexts.</p><p><strong>Typical subjects or topics:</strong> Customer due diligence, sanctions, transaction monitoring, investigations</p><p><strong>Recommended course structure:</strong> Domain / competency / module courses</p><p><a href=""https://en.wikipedia.org/wiki/Special:Search?search=AML%2C%20KYC%20and%20Financial%20Crime"" target=""_blank"" rel=""noopener noreferrer"">Wikipedia reference: AML, KYC and Financial Crime</a></p>"
"Banking, Financial Services and Insurance","Banking, Financial Services and Insurance",FinTech and Digital Payments,CAT-BFS-FINTECH,"<p><strong>FinTech and Digital Payments</strong></p><p>FinTech and Digital Payments learning and development for Banking, Financial Services and Insurance contexts.</p><p><strong>Typical subjects or topics:</strong> Payment systems, digital banking, open finance, regtech</p><p><strong>Recommended course structure:</strong> Domain / competency / module courses</p><p><a href=""https://en.wikipedia.org/wiki/Special:Search?search=FinTech%20and%20Digital%20Payments"" target=""_blank"" rel=""noopener noreferrer"">Wikipedia reference: FinTech and Digital Payments</a></p>"
"Banking, Financial Services and Insurance","Banking, Financial Services and Insurance",Microfinance and Financial Inclusion,CAT-BFS-MIC,"<p><strong>Microfinance and Financial Inclusion</strong></p><p>Microfinance and Financial Inclusion learning and development for Banking, Financial Services and Insurance contexts.</p><p><strong>Typical subjects or topics:</strong> Microcredit, savings, inclusion, community finance</p><p><strong>Recommended course structure:</strong> Domain / competency / module courses</p><p><a href=""https://en.wikipedia.org/wiki/Special:Search?search=Microfinance%20and%20Financial%20Inclusion"" target=""_blank"" rel=""noopener noreferrer"">Wikipedia reference: Microfinance and Financial Inclusion</a></p>"
Healthcare and Life Sciences,Organization,Healthcare and Life Sciences,CAT-HLT,"<p><strong>Healthcare and Life Sciences</strong></p><p>Clinical, allied health, public health, pharmaceuticals, biotechnology and health administration</p><p><strong>Typical subjects or topics:</strong> Medicine and Clinical Practice, Nursing and Midwifery, Allied Health Professions, Emergency Medical Services, Public and Community Health, Healthcare Administration, Pharmaceutical Sciences and Practice, Biotechnology and Biosciences, Clinical Research, Mental and Behavioral Health, Infection Prevention and Control, Digital Health and Health Informatics, Geriatric and Long-Term Care, Nutrition and Dietetics</p><p><strong>Recommended course structure:</strong> Domain / specialization / competency / module courses</p><p><a href=""https://en.wikipedia.org/wiki/Special:Search?search=Healthcare%20and%20Life%20Sciences"" target=""_blank"" rel=""noopener noreferrer"">Wikipedia reference: Healthcare and Life Sciences</a></p>"
Healthcare and Life Sciences,Healthcare and Life Sciences,Medicine and Clinical Practice,CAT-HLT-MED,"<p><strong>Medicine and Clinical Practice</strong></p><p>Medicine and Clinical Practice learning and development for Healthcare and Life Sciences contexts.</p><p><strong>Typical subjects or topics:</strong> Diagnosis, treatment, clinical reasoning, specialties, patient safety</p><p><strong>Recommended course structure:</strong> Domain / competency / module courses</p><p><a href=""https://en.wikipedia.org/wiki/Special:Search?search=Medicine%20and%20Clinical%20Practice"" target=""_blank"" rel=""noopener noreferrer"">Wikipedia reference: Medicine and Clinical Practice</a></p>"
Healthcare and Life Sciences,Healthcare and Life Sciences,Nursing and Midwifery,CAT-HLT-NUR,"<p><strong>Nursing and Midwifery</strong></p><p>Nursing and Midwifery learning and development for Healthcare and Life Sciences contexts.</p><p><strong>Typical subjects or topics:</strong> Nursing practice, maternal care, clinical skills, documentation</p><p><strong>Recommended course structure:</strong> Domain / competency / module courses</p><p><a href=""https://en.wikipedia.org/wiki/Special:Search?search=Nursing%20and%20Midwifery"" target=""_blank"" rel=""noopener noreferrer"">Wikipedia reference: Nursing and Midwifery</a></p>"
Healthcare and Life Sciences,Healthcare and Life Sciences,Allied Health Professions,CAT-HLT-AHP,"<p><strong>Allied Health Professions</strong></p><p>Allied Health Professions learning and development for Healthcare and Life Sciences contexts.</p><p><strong>Typical subjects or topics:</strong> Physiotherapy, occupational therapy, imaging, laboratory, rehabilitation</p><p><strong>Recommended course structure:</strong> Domain / competency / module courses</p><p><a href=""https://en.wikipedia.org/wiki/Special:Search?search=Allied%20Health%20Professions"" target=""_blank"" rel=""noopener noreferrer"">Wikipedia reference: Allied Health Professions</a></p>"
Healthcare and Life Sciences,Healthcare and Life Sciences,Emergency Medical Services,CAT-HLT-EMS,"<p><strong>Emergency Medical Services</strong></p><p>Emergency Medical Services learning and development for Healthcare and Life Sciences contexts.</p><p><strong>Typical subjects or topics:</strong> First response, triage, pre-hospital care, resuscitation</p><p><strong>Recommended course structure:</strong> Domain / competency / module courses</p><p><a href=""https://en.wikipedia.org/wiki/Special:Search?search=Emergency%20Medical%20Services"" target=""_blank"" rel=""noopener noreferrer"">Wikipedia reference: Emergency Medical Services</a></p>"
Healthcare and Life Sciences,Healthcare and Life Sciences,Public and Community Health,CAT-HLT-PH,"<p><strong>Public and Community Health</strong></p><p>Public and Community Health learning and development for Healthcare and Life Sciences contexts.</p><p><strong>Typical subjects or topics:</strong> Epidemiology, prevention, health promotion, community programs</p><p><strong>Recommended course structure:</strong> Domain / competency / module courses</p><p><a href=""https://en.wikipedia.org/wiki/Special:Search?search=Public%20and%20Community%20Health"" target=""_blank"" rel=""noopener noreferrer"">Wikipedia reference: Public and Community Health</a></p>"
Healthcare and Life Sciences,Healthcare and Life Sciences,Healthcare Administration,CAT-HLT-MHA,"<p><strong>Healthcare Administration</strong></p><p>Healthcare Administration learning and development for Healthcare and Life Sciences contexts.</p><p><strong>Typical subjects or topics:</strong> Hospital operations, health information, revenue cycle, quality</p><p><strong>Recommended course structure:</strong> Domain / competency / module courses</p><p><a href=""https://en.wikipedia.org/wiki/Special:Search?search=Healthcare%20Administration"" target=""_blank"" rel=""noopener noreferrer"">Wikipedia reference: Healthcare Administration</a></p>"
Healthcare and Life Sciences,Healthcare and Life Sciences,Pharmaceutical Sciences and Practice,CAT-HLT-PHA,"<p><strong>Pharmaceutical Sciences and Practice</strong></p><p>Pharmaceutical Sciences and Practice learning and development for Healthcare and Life Sciences contexts.</p><p><strong>Typical subjects or topics:</strong> Drug development, manufacturing, dispensing, pharmacovigilance</p><p><strong>Recommended course structure:</strong> Domain / competency / module courses</p><p><a href=""https://en.wikipedia.org/wiki/Special:Search?search=Pharmaceutical%20Sciences%20and%20Practice"" target=""_blank"" rel=""noopener noreferrer"">Wikipedia reference: Pharmaceutical Sciences and Practice</a></p>"
Healthcare and Life Sciences,Healthcare and Life Sciences,Biotechnology and Biosciences,CAT-HLT-BI,"<p><strong>Biotechnology and Biosciences</strong></p><p>Biotechnology and Biosciences learning and development for Healthcare and Life Sciences contexts.</p><p><strong>Typical subjects or topics:</strong> Molecular biology, bioprocessing, bioinformatics, laboratory practice</p><p><strong>Recommended course structure:</strong> Domain / competency / module courses</p><p><a href=""https://en.wikipedia.org/wiki/Special:Search?search=Biotechnology%20and%20Biosciences"" target=""_blank"" rel=""noopener noreferrer"">Wikipedia reference: Biotechnology and Biosciences</a></p>"
Healthcare and Life Sciences,Healthcare and Life Sciences,Clinical Research,CAT-HLT-CR,"<p><strong>Clinical Research</strong></p><p>Clinical Research learning and development for Healthcare and Life Sciences contexts.</p><p><strong>Typical subjects or topics:</strong> Trial design, good clinical practice, data, monitoring, ethics</p><p><strong>Recommended course structure:</strong> Domain / competency / module courses</p><p><a href=""https://en.wikipedia.org/wiki/Special:Search?search=Clinical%20Research"" target=""_blank"" rel=""noopener noreferrer"">Wikipedia reference: Clinical Research</a></p>"
Healthcare and Life Sciences,Healthcare and Life Sciences,Mental and Behavioral Health,CAT-HLT-MHS,"<p><strong>Mental and Behavioral Health</strong></p><p>Mental and Behavioral Health learning and development for Healthcare and Life Sciences contexts.</p><p><strong>Typical subjects or topics:</strong> Psychology, psychiatry, counselling, substance use, crisis support</p><p><strong>Recommended course structure:</strong> Domain / competency / module courses</p><p><a href=""https://en.wikipedia.org/wiki/Special:Search?search=Mental%20and%20Behavioral%20Health"" target=""_blank"" rel=""noopener noreferrer"">Wikipedia reference: Mental and Behavioral Health</a></p>"
Healthcare and Life Sciences,Healthcare and Life Sciences,Infection Prevention and Control,CAT-HLT-IPC,"<p><strong>Infection Prevention and Control</strong></p><p>Infection Prevention and Control learning and development for Healthcare and Life Sciences contexts.</p><p><strong>Typical subjects or topics:</strong> Standard precautions, surveillance, sterilization, outbreak response</p><p><strong>Recommended course structure:</strong> Domain / competency / module courses</p><p><a href=""https://en.wikipedia.org/wiki/Special:Search?search=Infection%20Prevention%20and%20Control"" target=""_blank"" rel=""noopener noreferrer"">Wikipedia reference: Infection Prevention and Control</a></p>"
Healthcare and Life Sciences,Healthcare and Life Sciences,Digital Health and Health Informatics,CAT-HLT-DHS,"<p><strong>Digital Health and Health Informatics</strong></p><p>Digital Health and Health Informatics learning and development for Healthcare and Life Sciences contexts.</p><p><strong>Typical subjects or topics:</strong> Electronic health records, telehealth, interoperability, analytics</p><p><strong>Recommended course structure:</strong> Domain / competency / module courses</p><p><a href=""https://en.wikipedia.org/wiki/Special:Search?search=Digital%20Health%20and%20Health%20Informatics"" target=""_blank"" rel=""noopener noreferrer"">Wikipedia reference: Digital Health and Health Informatics</a></p>"
Healthcare and Life Sciences,Healthcare and Life Sciences,Geriatric and Long-Term Care,CAT-HLT-GER,"<p><strong>Geriatric and Long-Term Care</strong></p><p>Geriatric and Long-Term Care learning and development for Healthcare and Life Sciences contexts.</p><p><strong>Typical subjects or topics:</strong> Ageing, dementia care, rehabilitation, palliative and residential care</p><p><strong>Recommended course structure:</strong> Domain / competency / module courses</p><p><a href=""https://en.wikipedia.org/wiki/Special:Search?search=Geriatric%20and%20Long-Term%20Care"" target=""_blank"" rel=""noopener noreferrer"">Wikipedia reference: Geriatric and Long-Term Care</a></p>"
Healthcare and Life Sciences,Healthcare and Life Sciences,Nutrition and Dietetics,CAT-HLT-NUT,"<p><strong>Nutrition and Dietetics</strong></p><p>Nutrition and Dietetics learning and development for Healthcare and Life Sciences contexts.</p><p><strong>Typical subjects or topics:</strong> Clinical nutrition, community nutrition, food service, diet counselling</p><p><strong>Recommended course structure:</strong> Domain / competency / module courses</p><p><a href=""https://en.wikipedia.org/wiki/Special:Search?search=Nutrition%20and%20Dietetics"" target=""_blank"" rel=""noopener noreferrer"">Wikipedia reference: Nutrition and Dietetics</a></p>"
Engineering and Manufacturing,Organization,Engineering and Manufacturing,CAT-EN,"<p><strong>Engineering and Manufacturing</strong></p><p>Engineering disciplines, industrial production, maintenance, quality and advanced manufacturing</p><p><strong>Typical subjects or topics:</strong> Civil Engineering, Mechanical Engineering, Electrical Engineering, Electronics and Communication Engineering, Chemical and Process Engineering, Industrial and Systems Engineering, Manufacturing Operations, Maintenance and Reliability, Quality Management, Automation and Robotics, Materials and Metallurgy, Aerospace Engineering, Marine and Naval Engineering, Biomedical Engineering</p><p><strong>Recommended course structure:</strong> Domain / specialization / competency / module courses</p><p><a href=""https://en.wikipedia.org/wiki/Special:Search?search=Engineering%20and%20Manufacturing"" target=""_blank"" rel=""noopener noreferrer"">Wikipedia reference: Engineering and Manufacturing</a></p>"
Engineering and Manufacturing,Engineering and Manufacturing,Civil Engineering,CAT-EN-CIV,"<p><strong>Civil Engineering</strong></p><p>Civil Engineering learning and development for Engineering and Manufacturing contexts.</p><p><strong>Typical subjects or topics:</strong> Structures, geotechnical, transportation, water, surveying, construction</p><p><strong>Recommended course structure:</strong> Domain / competency / module courses</p><p><a href=""https://en.wikipedia.org/wiki/Special:Search?search=Civil%20Engineering"" target=""_blank"" rel=""noopener noreferrer"">Wikipedia reference: Civil Engineering</a></p>"
Engineering and Manufacturing,Engineering and Manufacturing,Mechanical Engineering,CAT-EN-MEC,"<p><strong>Mechanical Engineering</strong></p><p>Mechanical Engineering learning and development for Engineering and Manufacturing contexts.</p><p><strong>Typical subjects or topics:</strong> Mechanics, thermodynamics, design, machines, manufacturing</p><p><strong>Recommended course structure:</strong> Domain / competency / module courses</p><p><a href=""https://en.wikipedia.org/wiki/Special:Search?search=Mechanical%20Engineering"" target=""_blank"" rel=""noopener noreferrer"">Wikipedia reference: Mechanical Engineering</a></p>"
Engineering and Manufacturing,Engineering and Manufacturing,Electrical Engineering,CAT-EN-EL,"<p><strong>Electrical Engineering</strong></p><p>Electrical Engineering learning and development for Engineering and Manufacturing contexts.</p><p><strong>Typical subjects or topics:</strong> Circuits, power systems, machines, protection, controls</p><p><strong>Recommended course structure:</strong> Domain / competency / module courses</p><p><a href=""https://en.wikipedia.org/wiki/Special:Search?search=Electrical%20Engineering"" target=""_blank"" rel=""noopener noreferrer"">Wikipedia reference: Electrical Engineering</a></p>"
Engineering and Manufacturing,Engineering and Manufacturing,Electronics and Communication Engineering,CAT-EN-ECE,"<p><strong>Electronics and Communication Engineering</strong></p><p>Electronics and Communication Engineering learning and development for Engineering and Manufacturing contexts.</p><p><strong>Typical subjects or topics:</strong> Electronics, signals, communications, embedded systems</p><p><strong>Recommended course structure:</strong> Domain / competency / module courses</p><p><a href=""https://en.wikipedia.org/wiki/Special:Search?search=Electronics%20and%20Communication%20Engineering"" target=""_blank"" rel=""noopener noreferrer"">Wikipedia reference: Electronics and Communication Engineering</a></p>"
Engineering and Manufacturing,Engineering and Manufacturing,Chemical and Process Engineering,CAT-EN-CH,"<p><strong>Chemical and Process Engineering</strong></p><p>Chemical and Process Engineering learning and development for Engineering and Manufacturing contexts.</p><p><strong>Typical subjects or topics:</strong> Process design, operations, reactions, separations, safety</p><p><strong>Recommended course structure:</strong> Domain / competency / module courses</p><p><a href=""https://en.wikipedia.org/wiki/Special:Search?search=Chemical%20and%20Process%20Engineering"" target=""_blank"" rel=""noopener noreferrer"">Wikipedia reference: Chemical and Process Engineering</a></p>"
Engineering and Manufacturing,Engineering and Manufacturing,Industrial and Systems Engineering,CAT-EN-IND,"<p><strong>Industrial and Systems Engineering</strong></p><p>Industrial and Systems Engineering learning and development for Engineering and Manufacturing contexts.</p><p><strong>Typical subjects or topics:</strong> Operations research, systems, productivity, ergonomics</p><p><strong>Recommended course structure:</strong> Domain / competency / module courses</p><p><a href=""https://en.wikipedia.org/wiki/Special:Search?search=Industrial%20and%20Systems%20Engineering"" target=""_blank"" rel=""noopener noreferrer"">Wikipedia reference: Industrial and Systems Engineering</a></p>"
Engineering and Manufacturing,Engineering and Manufacturing,Manufacturing Operations,CAT-EN-MFG,"<p><strong>Manufacturing Operations</strong></p><p>Manufacturing Operations learning and development for Engineering and Manufacturing contexts.</p><p><strong>Typical subjects or topics:</strong> Production, machining, assembly, planning, shop-floor systems</p><p><strong>Recommended course structure:</strong> Domain / competency / module courses</p><p><a href=""https://en.wikipedia.org/wiki/Special:Search?search=Manufacturing%20Operations"" target=""_blank"" rel=""noopener noreferrer"">Wikipedia reference: Manufacturing Operations</a></p>"
Engineering and Manufacturing,Engineering and Manufacturing,Maintenance and Reliability,CAT-EN-MNT,"<p><strong>Maintenance and Reliability</strong></p><p>Maintenance and Reliability learning and development for Engineering and Manufacturing contexts.</p><p><strong>Typical subjects or topics:</strong> Preventive, predictive and corrective maintenance, reliability</p><p><strong>Recommended course structure:</strong> Domain / competency / module courses</p><p><a href=""https://en.wikipedia.org/wiki/Special:Search?search=Maintenance%20and%20Reliability"" target=""_blank"" rel=""noopener noreferrer"">Wikipedia reference: Maintenance and Reliability</a></p>"
Engineering and Manufacturing,Engineering and Manufacturing,Quality Management,CAT-EN-QA,"<p><strong>Quality Management</strong></p><p>Quality Management learning and development for Engineering and Manufacturing contexts.</p><p><strong>Typical subjects or topics:</strong> Quality planning, inspection, statistical control, continuous improvement</p><p><strong>Recommended course structure:</strong> Domain / competency / module courses</p><p><a href=""https://en.wikipedia.org/wiki/Special:Search?search=Quality%20Management"" target=""_blank"" rel=""noopener noreferrer"">Wikipedia reference: Quality Management</a></p>"
Engineering and Manufacturing,Engineering and Manufacturing,Automation and Robotics,CAT-EN-ROB,"<p><strong>Automation and Robotics</strong></p><p>Automation and Robotics learning and development for Engineering and Manufacturing contexts.</p><p><strong>Typical subjects or topics:</strong> Industrial automation, PLC, robotics, machine vision, controls</p><p><strong>Recommended course structure:</strong> Domain / competency / module courses</p><p><a href=""https://en.wikipedia.org/wiki/Special:Search?search=Automation%20and%20Robotics"" target=""_blank"" rel=""noopener noreferrer"">Wikipedia reference: Automation and Robotics</a></p>"
Engineering and Manufacturing,Engineering and Manufacturing,Materials and Metallurgy,CAT-EN-MA,"<p><strong>Materials and Metallurgy</strong></p><p>Materials and Metallurgy learning and development for Engineering and Manufacturing contexts.</p><p><strong>Typical subjects or topics:</strong> Metals, polymers, ceramics, composites, testing, failure analysis</p><p><strong>Recommended course structure:</strong> Domain / competency / module courses</p><p><a href=""https://en.wikipedia.org/wiki/Special:Search?search=Materials%20and%20Metallurgy"" target=""_blank"" rel=""noopener noreferrer"">Wikipedia reference: Materials and Metallurgy</a></p>"
Engineering and Manufacturing,Engineering and Manufacturing,Aerospace Engineering,CAT-EN-AER,"<p><strong>Aerospace Engineering</strong></p><p>Aerospace Engineering learning and development for Engineering and Manufacturing contexts.</p><p><strong>Typical subjects or topics:</strong> Aerodynamics, structures, propulsion, avionics, airworthiness</p><p><strong>Recommended course structure:</strong> Domain / competency / module courses</p><p><a href=""https://en.wikipedia.org/wiki/Special:Search?search=Aerospace%20Engineering"" target=""_blank"" rel=""noopener noreferrer"">Wikipedia reference: Aerospace Engineering</a></p>"
Engineering and Manufacturing,Engineering and Manufacturing,Marine and Naval Engineering,CAT-EN-MAR,"<p><strong>Marine and Naval Engineering</strong></p><p>Marine and Naval Engineering learning and development for Engineering and Manufacturing contexts.</p><p><strong>Typical subjects or topics:</strong> Ships, marine systems, naval architecture, offshore engineering</p><p><strong>Recommended course structure:</strong> Domain / competency / module courses</p><p><a href=""https://en.wikipedia.org/wiki/Special:Search?search=Marine%20and%20Naval%20Engineering"" target=""_blank"" rel=""noopener noreferrer"">Wikipedia reference: Marine and Naval Engineering</a></p>"
Engineering and Manufacturing,Engineering and Manufacturing,Biomedical Engineering,CAT-EN-BI,"<p><strong>Biomedical Engineering</strong></p><p>Biomedical Engineering learning and development for Engineering and Manufacturing contexts.</p><p><strong>Typical subjects or topics:</strong> Medical devices, biomechanics, instrumentation, regulatory design</p><p><strong>Recommended course structure:</strong> Domain / competency / module courses</p><p><a href=""https://en.wikipedia.org/wiki/Special:Search?search=Biomedical%20Engineering"" target=""_blank"" rel=""noopener noreferrer"">Wikipedia reference: Biomedical Engineering</a></p>"
"Agriculture, Forestry and Fisheries",Organization,"Agriculture, Forestry and Fisheries",CAT-AGR,"<p><strong>Agriculture, Forestry and Fisheries</strong></p><p>Primary production, agribusiness, natural-resource stewardship and food systems</p><p><strong>Typical subjects or topics:</strong> Crop Production and Agronomy, Horticulture, Soil and Water Management, Livestock and Dairy, Veterinary Field Services, Agribusiness and Extension, Forestry and Conservation, Fisheries and Aquaculture, Food Science and Processing, Agricultural Technology</p><p><strong>Recommended course structure:</strong> Domain / specialization / competency / module courses</p><p><a href=""https://en.wikipedia.org/wiki/Special:Search?search=Agriculture%2C%20Forestry%20and%20Fisheries"" target=""_blank"" rel=""noopener noreferrer"">Wikipedia reference: Agriculture, Forestry and Fisheries</a></p>"
"Agriculture, Forestry and Fisheries","Agriculture, Forestry and Fisheries",Crop Production and Agronomy,CAT-AGR-CROP,"<p><strong>Crop Production and Agronomy</strong></p><p>Crop Production and Agronomy learning and development for Agriculture, Forestry and Fisheries contexts.</p><p><strong>Typical subjects or topics:</strong> Field crops, agronomy, irrigation, crop nutrition, precision farming</p><p><strong>Recommended course structure:</strong> Domain / competency / module courses</p><p><a href=""https://en.wikipedia.org/wiki/Special:Search?search=Crop%20Production%20and%20Agronomy"" target=""_blank"" rel=""noopener noreferrer"">Wikipedia reference: Crop Production and Agronomy</a></p>"
"Agriculture, Forestry and Fisheries","Agriculture, Forestry and Fisheries",Horticulture,CAT-AGR-HORT,"<p><strong>Horticulture</strong></p><p>Horticulture learning and development for Agriculture, Forestry and Fisheries contexts.</p><p><strong>Typical subjects or topics:</strong> Fruits, vegetables, floriculture, protected cultivation, post-harvest</p><p><strong>Recommended course structure:</strong> Domain / competency / module courses</p><p><a href=""https://en.wikipedia.org/wiki/Special:Search?search=Horticulture"" target=""_blank"" rel=""noopener noreferrer"">Wikipedia reference: Horticulture</a></p>"
"Agriculture, Forestry and Fisheries","Agriculture, Forestry and Fisheries",Soil and Water Management,CAT-AGR-SOIL,"<p><strong>Soil and Water Management</strong></p><p>Soil and Water Management learning and development for Agriculture, Forestry and Fisheries contexts.</p><p><strong>Typical subjects or topics:</strong> Soil health, conservation, irrigation, watershed management</p><p><strong>Recommended course structure:</strong> Domain / competency / module courses</p><p><a href=""https://en.wikipedia.org/wiki/Special:Search?search=Soil%20and%20Water%20Management"" target=""_blank"" rel=""noopener noreferrer"">Wikipedia reference: Soil and Water Management</a></p>"
"Agriculture, Forestry and Fisheries","Agriculture, Forestry and Fisheries",Livestock and Dairy,CAT-AGR-LIV,"<p><strong>Livestock and Dairy</strong></p><p>Livestock and Dairy learning and development for Agriculture, Forestry and Fisheries contexts.</p><p><strong>Typical subjects or topics:</strong> Animal husbandry, nutrition, breeding, dairy production</p><p><strong>Recommended course structure:</strong> Domain / competency / module courses</p><p><a href=""https://en.wikipedia.org/wiki/Special:Search?search=Livestock%20and%20Dairy"" target=""_blank"" rel=""noopener noreferrer"">Wikipedia reference: Livestock and Dairy</a></p>"
"Agriculture, Forestry and Fisheries","Agriculture, Forestry and Fisheries",Veterinary Field Services,CAT-AGR-VET,"<p><strong>Veterinary Field Services</strong></p><p>Veterinary Field Services learning and development for Agriculture, Forestry and Fisheries contexts.</p><p><strong>Typical subjects or topics:</strong> Animal health, disease prevention, farm biosecurity, welfare</p><p><strong>Recommended course structure:</strong> Domain / competency / module courses</p><p><a href=""https://en.wikipedia.org/wiki/Special:Search?search=Veterinary%20Field%20Services"" target=""_blank"" rel=""noopener noreferrer"">Wikipedia reference: Veterinary Field Services</a></p>"
"Agriculture, Forestry and Fisheries","Agriculture, Forestry and Fisheries",Agribusiness and Extension,CAT-AGR-AGRIB,"<p><strong>Agribusiness and Extension</strong></p><p>Agribusiness and Extension learning and development for Agriculture, Forestry and Fisheries contexts.</p><p><strong>Typical subjects or topics:</strong> Farm business, value chains, extension, cooperatives, rural finance</p><p><strong>Recommended course structure:</strong> Domain / competency / module courses</p><p><a href=""https://en.wikipedia.org/wiki/Special:Search?search=Agribusiness%20and%20Extension"" target=""_blank"" rel=""noopener noreferrer"">Wikipedia reference: Agribusiness and Extension</a></p>"
"Agriculture, Forestry and Fisheries","Agriculture, Forestry and Fisheries",Forestry and Conservation,CAT-AGR-FOR,"<p><strong>Forestry and Conservation</strong></p><p>Forestry and Conservation learning and development for Agriculture, Forestry and Fisheries contexts.</p><p><strong>Typical subjects or topics:</strong> Silviculture, forest management, biodiversity, restoration</p><p><strong>Recommended course structure:</strong> Domain / competency / module courses</p><p><a href=""https://en.wikipedia.org/wiki/Special:Search?search=Forestry%20and%20Conservation"" target=""_blank"" rel=""noopener noreferrer"">Wikipedia reference: Forestry and Conservation</a></p>"
"Agriculture, Forestry and Fisheries","Agriculture, Forestry and Fisheries",Fisheries and Aquaculture,CAT-AGR-FIS,"<p><strong>Fisheries and Aquaculture</strong></p><p>Fisheries and Aquaculture learning and development for Agriculture, Forestry and Fisheries contexts.</p><p><strong>Typical subjects or topics:</strong> Aquaculture, capture fisheries, hatcheries, processing, resource management</p><p><strong>Recommended course structure:</strong> Domain / competency / module courses</p><p><a href=""https://en.wikipedia.org/wiki/Special:Search?search=Fisheries%20and%20Aquaculture"" target=""_blank"" rel=""noopener noreferrer"">Wikipedia reference: Fisheries and Aquaculture</a></p>"
"Agriculture, Forestry and Fisheries","Agriculture, Forestry and Fisheries",Food Science and Processing,CAT-AGR-FOOD,"<p><strong>Food Science and Processing</strong></p><p>Food Science and Processing learning and development for Agriculture, Forestry and Fisheries contexts.</p><p><strong>Typical subjects or topics:</strong> Food chemistry, processing, preservation, quality, food safety</p><p><strong>Recommended course structure:</strong> Domain / competency / module courses</p><p><a href=""https://en.wikipedia.org/wiki/Special:Search?search=Food%20Science%20and%20Processing"" target=""_blank"" rel=""noopener noreferrer"">Wikipedia reference: Food Science and Processing</a></p>"
"Agriculture, Forestry and Fisheries","Agriculture, Forestry and Fisheries",Agricultural Technology,CAT-AGR-AGTECH,"<p><strong>Agricultural Technology</strong></p><p>Agricultural Technology learning and development for Agriculture, Forestry and Fisheries contexts.</p><p><strong>Typical subjects or topics:</strong> Farm machinery, sensors, drones, data, smart farming</p><p><strong>Recommended course structure:</strong> Domain / competency / module courses</p><p><a href=""https://en.wikipedia.org/wiki/Special:Search?search=Agricultural%20Technology"" target=""_blank"" rel=""noopener noreferrer"">Wikipedia reference: Agricultural Technology</a></p>"
"Energy, Utilities and Environment",Organization,"Energy, Utilities and Environment",CAT-ENE,"<p><strong>Energy, Utilities and Environment</strong></p><p>Energy systems, utilities, sustainability, climate, water and waste management</p><p><strong>Typical subjects or topics:</strong> Oil and Gas, Power Generation and Distribution, Renewable Energy, Nuclear Energy, Water and Wastewater Utilities, Waste and Circular Economy, Environmental Management, Climate Change and Carbon, Sustainability and ESG, Energy Efficiency and Management</p><p><strong>Recommended course structure:</strong> Domain / specialization / competency / module courses</p><p><a href=""https://en.wikipedia.org/wiki/Special:Search?search=Energy%2C%20Utilities%20and%20Environment"" target=""_blank"" rel=""noopener noreferrer"">Wikipedia reference: Energy, Utilities and Environment</a></p>"
"Energy, Utilities and Environment","Energy, Utilities and Environment",Oil and Gas,CAT-ENE-OIL,"<p><strong>Oil and Gas</strong></p><p>Oil and Gas learning and development for Energy, Utilities and Environment contexts.</p><p><strong>Typical subjects or topics:</strong> Exploration, drilling, production, processing, pipelines, safety</p><p><strong>Recommended course structure:</strong> Domain / competency / module courses</p><p><a href=""https://en.wikipedia.org/wiki/Special:Search?search=Oil%20and%20Gas"" target=""_blank"" rel=""noopener noreferrer"">Wikipedia reference: Oil and Gas</a></p>"
"Energy, Utilities and Environment","Energy, Utilities and Environment",Power Generation and Distribution,CAT-ENE-PWR,"<p><strong>Power Generation and Distribution</strong></p><p>Power Generation and Distribution learning and development for Energy, Utilities and Environment contexts.</p><p><strong>Typical subjects or topics:</strong> Generation, transmission, distribution, grid operations</p><p><strong>Recommended course structure:</strong> Domain / competency / module courses</p><p><a href=""https://en.wikipedia.org/wiki/Special:Search?search=Power%20Generation%20and%20Distribution"" target=""_blank"" rel=""noopener noreferrer"">Wikipedia reference: Power Generation and Distribution</a></p>"
"Energy, Utilities and Environment","Energy, Utilities and Environment",Renewable Energy,CAT-ENE-REN,"<p><strong>Renewable Energy</strong></p><p>Renewable Energy learning and development for Energy, Utilities and Environment contexts.</p><p><strong>Typical subjects or topics:</strong> Solar, wind, hydro, bioenergy, storage, project operations</p><p><strong>Recommended course structure:</strong> Domain / competency / module courses</p><p><a href=""https://en.wikipedia.org/wiki/Special:Search?search=Renewable%20Energy"" target=""_blank"" rel=""noopener noreferrer"">Wikipedia reference: Renewable Energy</a></p>"
"Energy, Utilities and Environment","Energy, Utilities and Environment",Nuclear Energy,CAT-ENE-NUC,"<p><strong>Nuclear Energy</strong></p><p>Nuclear Energy learning and development for Energy, Utilities and Environment contexts.</p><p><strong>Typical subjects or topics:</strong> Reactor fundamentals, radiation protection, operations, safeguards</p><p><strong>Recommended course structure:</strong> Domain / competency / module courses</p><p><a href=""https://en.wikipedia.org/wiki/Special:Search?search=Nuclear%20Energy"" target=""_blank"" rel=""noopener noreferrer"">Wikipedia reference: Nuclear Energy</a></p>"
"Energy, Utilities and Environment","Energy, Utilities and Environment",Water and Wastewater Utilities,CAT-ENE-WAT,"<p><strong>Water and Wastewater Utilities</strong></p><p>Water and Wastewater Utilities learning and development for Energy, Utilities and Environment contexts.</p><p><strong>Typical subjects or topics:</strong> Treatment, distribution, sewerage, operations, water quality</p><p><strong>Recommended course structure:</strong> Domain / competency / module courses</p><p><a href=""https://en.wikipedia.org/wiki/Special:Search?search=Water%20and%20Wastewater%20Utilities"" target=""_blank"" rel=""noopener noreferrer"">Wikipedia reference: Water and Wastewater Utilities</a></p>"
"Energy, Utilities and Environment","Energy, Utilities and Environment",Waste and Circular Economy,CAT-ENE-WST,"<p><strong>Waste and Circular Economy</strong></p><p>Waste and Circular Economy learning and development for Energy, Utilities and Environment contexts.</p><p><strong>Typical subjects or topics:</strong> Collection, recycling, hazardous waste, resource recovery</p><p><strong>Recommended course structure:</strong> Domain / competency / module courses</p><p><a href=""https://en.wikipedia.org/wiki/Special:Search?search=Waste%20and%20Circular%20Economy"" target=""_blank"" rel=""noopener noreferrer"">Wikipedia reference: Waste and Circular Economy</a></p>"
"Energy, Utilities and Environment","Energy, Utilities and Environment",Environmental Management,CAT-ENE-ENV,"<p><strong>Environmental Management</strong></p><p>Environmental Management learning and development for Energy, Utilities and Environment contexts.</p><p><strong>Typical subjects or topics:</strong> Impact assessment, pollution control, monitoring, management systems</p><p><strong>Recommended course structure:</strong> Domain / competency / module courses</p><p><a href=""https://en.wikipedia.org/wiki/Special:Search?search=Environmental%20Management"" target=""_blank"" rel=""noopener noreferrer"">Wikipedia reference: Environmental Management</a></p>"
"Energy, Utilities and Environment","Energy, Utilities and Environment",Climate Change and Carbon,CAT-ENE-CLI,"<p><strong>Climate Change and Carbon</strong></p><p>Climate Change and Carbon learning and development for Energy, Utilities and Environment contexts.</p><p><strong>Typical subjects or topics:</strong> Climate science, adaptation, mitigation, inventories, carbon markets</p><p><strong>Recommended course structure:</strong> Domain / competency / module courses</p><p><a href=""https://en.wikipedia.org/wiki/Special:Search?search=Climate%20Change%20and%20Carbon"" target=""_blank"" rel=""noopener noreferrer"">Wikipedia reference: Climate Change and Carbon</a></p>"
"Energy, Utilities and Environment","Energy, Utilities and Environment",Sustainability and ESG,CAT-ENE-ESG,"<p><strong>Sustainability and ESG</strong></p><p>Sustainability and ESG learning and development for Energy, Utilities and Environment contexts.</p><p><strong>Typical subjects or topics:</strong> Sustainability strategy, reporting, responsible sourcing, social impact</p><p><strong>Recommended course structure:</strong> Domain / competency / module courses</p><p><a href=""https://en.wikipedia.org/wiki/Special:Search?search=Sustainability%20and%20ESG"" target=""_blank"" rel=""noopener noreferrer"">Wikipedia reference: Sustainability and ESG</a></p>"
"Energy, Utilities and Environment","Energy, Utilities and Environment",Energy Efficiency and Management,CAT-ENE-EEM,"<p><strong>Energy Efficiency and Management</strong></p><p>Energy Efficiency and Management learning and development for Energy, Utilities and Environment contexts.</p><p><strong>Typical subjects or topics:</strong> Energy audits, conservation, demand management, performance</p><p><strong>Recommended course structure:</strong> Domain / competency / module courses</p><p><a href=""https://en.wikipedia.org/wiki/Special:Search?search=Energy%20Efficiency%20and%20Management"" target=""_blank"" rel=""noopener noreferrer"">Wikipedia reference: Energy Efficiency and Management</a></p>"
"Construction, Real Estate and Infrastructure",Organization,"Construction, Real Estate and Infrastructure",CAT-CON,"<p><strong>Construction, Real Estate and Infrastructure</strong></p><p>Built environment, construction delivery, property and infrastructure operations</p><p><strong>Typical subjects or topics:</strong> Construction Management, Building Trades and Technology, BIM and Digital Construction, Quantity Surveying and Cost Management, Construction Health and Safety, Real Estate Brokerage and Sales, Property and Facility Management, Property Valuation, Urban Planning and Development, Infrastructure Operations</p><p><strong>Recommended course structure:</strong> Domain / specialization / competency / module courses</p><p><a href=""https://en.wikipedia.org/wiki/Special:Search?search=Construction%2C%20Real%20Estate%20and%20Infrastructure"" target=""_blank"" rel=""noopener noreferrer"">Wikipedia reference: Construction, Real Estate and Infrastructure</a></p>"
"Construction, Real Estate and Infrastructure","Construction, Real Estate and Infrastructure",Construction Management,CAT-CON-CMT,"<p><strong>Construction Management</strong></p><p>Construction Management learning and development for Construction, Real Estate and Infrastructure contexts.</p><p><strong>Typical subjects or topics:</strong> Planning, estimating, contracts, site management, project controls</p><p><strong>Recommended course structure:</strong> Domain / competency / module courses</p><p><a href=""https://en.wikipedia.org/wiki/Special:Search?search=Construction%20Management"" target=""_blank"" rel=""noopener noreferrer"">Wikipedia reference: Construction Management</a></p>"
"Construction, Real Estate and Infrastructure","Construction, Real Estate and Infrastructure",Building Trades and Technology,CAT-CON-BLD,"<p><strong>Building Trades and Technology</strong></p><p>Building Trades and Technology learning and development for Construction, Real Estate and Infrastructure contexts.</p><p><strong>Typical subjects or topics:</strong> Building methods, materials, services, codes, workmanship</p><p><strong>Recommended course structure:</strong> Domain / competency / module courses</p><p><a href=""https://en.wikipedia.org/wiki/Special:Search?search=Building%20Trades%20and%20Technology"" target=""_blank"" rel=""noopener noreferrer"">Wikipedia reference: Building Trades and Technology</a></p>"
"Construction, Real Estate and Infrastructure","Construction, Real Estate and Infrastructure",BIM and Digital Construction,CAT-CON-BIM,"<p><strong>BIM and Digital Construction</strong></p><p>BIM and Digital Construction learning and development for Construction, Real Estate and Infrastructure contexts.</p><p><strong>Typical subjects or topics:</strong> Building information modeling, coordination, common data environments</p><p><strong>Recommended course structure:</strong> Domain / competency / module courses</p><p><a href=""https://en.wikipedia.org/wiki/Special:Search?search=BIM%20and%20Digital%20Construction"" target=""_blank"" rel=""noopener noreferrer"">Wikipedia reference: BIM and Digital Construction</a></p>"
"Construction, Real Estate and Infrastructure","Construction, Real Estate and Infrastructure",Quantity Surveying and Cost Management,CAT-CON-QS,"<p><strong>Quantity Surveying and Cost Management</strong></p><p>Quantity Surveying and Cost Management learning and development for Construction, Real Estate and Infrastructure contexts.</p><p><strong>Typical subjects or topics:</strong> Measurement, estimating, procurement, cost control</p><p><strong>Recommended course structure:</strong> Domain / competency / module courses</p><p><a href=""https://en.wikipedia.org/wiki/Special:Search?search=Quantity%20Surveying%20and%20Cost%20Management"" target=""_blank"" rel=""noopener noreferrer"">Wikipedia reference: Quantity Surveying and Cost Management</a></p>"
"Construction, Real Estate and Infrastructure","Construction, Real Estate and Infrastructure",Construction Health and Safety,CAT-CON-HSE,"<p><strong>Construction Health and Safety</strong></p><p>Construction Health and Safety learning and development for Construction, Real Estate and Infrastructure contexts.</p><p><strong>Typical subjects or topics:</strong> Hazard control, work at height, lifting, site safety</p><p><strong>Recommended course structure:</strong> Domain / competency / module courses</p><p><a href=""https://en.wikipedia.org/wiki/Special:Search?search=Construction%20Health%20and%20Safety"" target=""_blank"" rel=""noopener noreferrer"">Wikipedia reference: Construction Health and Safety</a></p>"
"Construction, Real Estate and Infrastructure","Construction, Real Estate and Infrastructure",Real Estate Brokerage and Sales,CAT-CON-RE,"<p><strong>Real Estate Brokerage and Sales</strong></p><p>Real Estate Brokerage and Sales learning and development for Construction, Real Estate and Infrastructure contexts.</p><p><strong>Typical subjects or topics:</strong> Property markets, sales, leasing, valuation basics, ethics</p><p><strong>Recommended course structure:</strong> Domain / competency / module courses</p><p><a href=""https://en.wikipedia.org/wiki/Special:Search?search=Real%20Estate%20Brokerage%20and%20Sales"" target=""_blank"" rel=""noopener noreferrer"">Wikipedia reference: Real Estate Brokerage and Sales</a></p>"
"Construction, Real Estate and Infrastructure","Construction, Real Estate and Infrastructure",Property and Facility Management,CAT-CON-PM,"<p><strong>Property and Facility Management</strong></p><p>Property and Facility Management learning and development for Construction, Real Estate and Infrastructure contexts.</p><p><strong>Typical subjects or topics:</strong> Building operations, maintenance, services, workplace management</p><p><strong>Recommended course structure:</strong> Domain / competency / module courses</p><p><a href=""https://en.wikipedia.org/wiki/Special:Search?search=Property%20and%20Facility%20Management"" target=""_blank"" rel=""noopener noreferrer"">Wikipedia reference: Property and Facility Management</a></p>"
"Construction, Real Estate and Infrastructure","Construction, Real Estate and Infrastructure",Property Valuation,CAT-CON-VAL,"<p><strong>Property Valuation</strong></p><p>Property Valuation learning and development for Construction, Real Estate and Infrastructure contexts.</p><p><strong>Typical subjects or topics:</strong> Inspection, market analysis, valuation methods, reporting</p><p><strong>Recommended course structure:</strong> Domain / competency / module courses</p><p><a href=""https://en.wikipedia.org/wiki/Special:Search?search=Property%20Valuation"" target=""_blank"" rel=""noopener noreferrer"">Wikipedia reference: Property Valuation</a></p>"
"Construction, Real Estate and Infrastructure","Construction, Real Estate and Infrastructure",Urban Planning and Development,CAT-CON-URB,"<p><strong>Urban Planning and Development</strong></p><p>Urban Planning and Development learning and development for Construction, Real Estate and Infrastructure contexts.</p><p><strong>Typical subjects or topics:</strong> Land use, urban design, development control, smart cities</p><p><strong>Recommended course structure:</strong> Domain / competency / module courses</p><p><a href=""https://en.wikipedia.org/wiki/Special:Search?search=Urban%20Planning%20and%20Development"" target=""_blank"" rel=""noopener noreferrer"">Wikipedia reference: Urban Planning and Development</a></p>"
"Construction, Real Estate and Infrastructure","Construction, Real Estate and Infrastructure",Infrastructure Operations,CAT-CON-INF,"<p><strong>Infrastructure Operations</strong></p><p>Infrastructure Operations learning and development for Construction, Real Estate and Infrastructure contexts.</p><p><strong>Typical subjects or topics:</strong> Roads, bridges, public works, asset management, resilience</p><p><strong>Recommended course structure:</strong> Domain / competency / module courses</p><p><a href=""https://en.wikipedia.org/wiki/Special:Search?search=Infrastructure%20Operations"" target=""_blank"" rel=""noopener noreferrer"">Wikipedia reference: Infrastructure Operations</a></p>"
"Transportation, Logistics and Automotive",Organization,"Transportation, Logistics and Automotive",CAT-TRL,"<p><strong>Transportation, Logistics and Automotive</strong></p><p>Movement of people and goods across road, rail, air, sea and logistics networks</p><p><strong>Typical subjects or topics:</strong> Logistics and Warehousing, Freight and Supply Operations, Automotive Technology, Electric and Hybrid Vehicles, Road Transport and Fleet, Railway Operations and Engineering, Aviation, Maritime and Port Operations, Public Transport, Supply Chain Analytics</p><p><strong>Recommended course structure:</strong> Domain / specialization / competency / module courses</p><p><a href=""https://en.wikipedia.org/wiki/Special:Search?search=Transportation%2C%20Logistics%20and%20Automotive"" target=""_blank"" rel=""noopener noreferrer"">Wikipedia reference: Transportation, Logistics and Automotive</a></p>"
"Transportation, Logistics and Automotive","Transportation, Logistics and Automotive",Logistics and Warehousing,CAT-TRL-LOG,"<p><strong>Logistics and Warehousing</strong></p><p>Logistics and Warehousing learning and development for Transportation, Logistics and Automotive contexts.</p><p><strong>Typical subjects or topics:</strong> Warehousing, inventory, distribution, material handling, logistics systems</p><p><strong>Recommended course structure:</strong> Domain / competency / module courses</p><p><a href=""https://en.wikipedia.org/wiki/Special:Search?search=Logistics%20and%20Warehousing"" target=""_blank"" rel=""noopener noreferrer"">Wikipedia reference: Logistics and Warehousing</a></p>"
"Transportation, Logistics and Automotive","Transportation, Logistics and Automotive",Freight and Supply Operations,CAT-TRL-FRT,"<p><strong>Freight and Supply Operations</strong></p><p>Freight and Supply Operations learning and development for Transportation, Logistics and Automotive contexts.</p><p><strong>Typical subjects or topics:</strong> Freight forwarding, customs, multimodal transport, documentation</p><p><strong>Recommended course structure:</strong> Domain / competency / module courses</p><p><a href=""https://en.wikipedia.org/wiki/Special:Search?search=Freight%20and%20Supply%20Operations"" target=""_blank"" rel=""noopener noreferrer"">Wikipedia reference: Freight and Supply Operations</a></p>"
"Transportation, Logistics and Automotive","Transportation, Logistics and Automotive",Automotive Technology,CAT-TRL-AUT,"<p><strong>Automotive Technology</strong></p><p>Automotive Technology learning and development for Transportation, Logistics and Automotive contexts.</p><p><strong>Typical subjects or topics:</strong> Vehicle systems, diagnostics, repair, service operations</p><p><strong>Recommended course structure:</strong> Domain / competency / module courses</p><p><a href=""https://en.wikipedia.org/wiki/Special:Search?search=Automotive%20Technology"" target=""_blank"" rel=""noopener noreferrer"">Wikipedia reference: Automotive Technology</a></p>"
"Transportation, Logistics and Automotive","Transportation, Logistics and Automotive",Electric and Hybrid Vehicles,CAT-TRL-EV,"<p><strong>Electric and Hybrid Vehicles</strong></p><p>Electric and Hybrid Vehicles learning and development for Transportation, Logistics and Automotive contexts.</p><p><strong>Typical subjects or topics:</strong> Battery systems, high voltage safety, charging, diagnostics</p><p><strong>Recommended course structure:</strong> Domain / competency / module courses</p><p><a href=""https://en.wikipedia.org/wiki/Special:Search?search=Electric%20and%20Hybrid%20Vehicles"" target=""_blank"" rel=""noopener noreferrer"">Wikipedia reference: Electric and Hybrid Vehicles</a></p>"
"Transportation, Logistics and Automotive","Transportation, Logistics and Automotive",Road Transport and Fleet,CAT-TRL-ROAD,"<p><strong>Road Transport and Fleet</strong></p><p>Road Transport and Fleet learning and development for Transportation, Logistics and Automotive contexts.</p><p><strong>Typical subjects or topics:</strong> Driver training, fleet operations, routing, road safety</p><p><strong>Recommended course structure:</strong> Domain / competency / module courses</p><p><a href=""https://en.wikipedia.org/wiki/Special:Search?search=Road%20Transport%20and%20Fleet"" target=""_blank"" rel=""noopener noreferrer"">Wikipedia reference: Road Transport and Fleet</a></p>"
"Transportation, Logistics and Automotive","Transportation, Logistics and Automotive",Railway Operations and Engineering,CAT-TRL-RAIL,"<p><strong>Railway Operations and Engineering</strong></p><p>Railway Operations and Engineering learning and development for Transportation, Logistics and Automotive contexts.</p><p><strong>Typical subjects or topics:</strong> Rail operations, rolling stock, signaling, track, safety</p><p><strong>Recommended course structure:</strong> Domain / competency / module courses</p><p><a href=""https://en.wikipedia.org/wiki/Special:Search?search=Railway%20Operations%20and%20Engineering"" target=""_blank"" rel=""noopener noreferrer"">Wikipedia reference: Railway Operations and Engineering</a></p>"
"Transportation, Logistics and Automotive","Transportation, Logistics and Automotive",Aviation,CAT-TRL-AVI,"<p><strong>Aviation</strong></p><p>Aviation learning and development for Transportation, Logistics and Automotive contexts.</p><p><strong>Typical subjects or topics:</strong> Flight operations, airport services, maintenance, ground handling, safety</p><p><strong>Recommended course structure:</strong> Domain / competency / module courses</p><p><a href=""https://en.wikipedia.org/wiki/Special:Search?search=Aviation"" target=""_blank"" rel=""noopener noreferrer"">Wikipedia reference: Aviation</a></p>"
"Transportation, Logistics and Automotive","Transportation, Logistics and Automotive",Maritime and Port Operations,CAT-TRL-MAR,"<p><strong>Maritime and Port Operations</strong></p><p>Maritime and Port Operations learning and development for Transportation, Logistics and Automotive contexts.</p><p><strong>Typical subjects or topics:</strong> Navigation, cargo, port operations, marine safety</p><p><strong>Recommended course structure:</strong> Domain / competency / module courses</p><p><a href=""https://en.wikipedia.org/wiki/Special:Search?search=Maritime%20and%20Port%20Operations"" target=""_blank"" rel=""noopener noreferrer"">Wikipedia reference: Maritime and Port Operations</a></p>"
"Transportation, Logistics and Automotive","Transportation, Logistics and Automotive",Public Transport,CAT-TRL-PT,"<p><strong>Public Transport</strong></p><p>Public Transport learning and development for Transportation, Logistics and Automotive contexts.</p><p><strong>Typical subjects or topics:</strong> Transit operations, scheduling, customer service, accessibility</p><p><strong>Recommended course structure:</strong> Domain / competency / module courses</p><p><a href=""https://en.wikipedia.org/wiki/Special:Search?search=Public%20Transport"" target=""_blank"" rel=""noopener noreferrer"">Wikipedia reference: Public Transport</a></p>"
"Transportation, Logistics and Automotive","Transportation, Logistics and Automotive",Supply Chain Analytics,CAT-TRL-SC,"<p><strong>Supply Chain Analytics</strong></p><p>Supply Chain Analytics learning and development for Transportation, Logistics and Automotive contexts.</p><p><strong>Typical subjects or topics:</strong> Network design, forecasting, optimization, visibility, analytics</p><p><strong>Recommended course structure:</strong> Domain / competency / module courses</p><p><a href=""https://en.wikipedia.org/wiki/Special:Search?search=Supply%20Chain%20Analytics"" target=""_blank"" rel=""noopener noreferrer"">Wikipedia reference: Supply Chain Analytics</a></p>"
"Hospitality, Travel and Tourism",Organization,"Hospitality, Travel and Tourism",CAT-HSP,"<p><strong>Hospitality, Travel and Tourism</strong></p><p>Guest services, accommodation, food service, travel, events and visitor experiences</p><p><strong>Typical subjects or topics:</strong> Hotel Operations, Food and Beverage Service, Culinary Arts, Bakery and Patisserie, Travel Operations, Tourism and Destination Management, Events and MICE, Cruise and Resort Operations, Hospitality Hygiene and Safety</p><p><strong>Recommended course structure:</strong> Domain / specialization / competency / module courses</p><p><a href=""https://en.wikipedia.org/wiki/Special:Search?search=Hospitality%2C%20Travel%20and%20Tourism"" target=""_blank"" rel=""noopener noreferrer"">Wikipedia reference: Hospitality, Travel and Tourism</a></p>"
"Hospitality, Travel and Tourism","Hospitality, Travel and Tourism",Hotel Operations,CAT-HSP-HOT,"<p><strong>Hotel Operations</strong></p><p>Hotel Operations learning and development for Hospitality, Travel and Tourism contexts.</p><p><strong>Typical subjects or topics:</strong> Front office, housekeeping, reservations, revenue, guest service</p><p><strong>Recommended course structure:</strong> Domain / competency / module courses</p><p><a href=""https://en.wikipedia.org/wiki/Special:Search?search=Hotel%20Operations"" target=""_blank"" rel=""noopener noreferrer"">Wikipedia reference: Hotel Operations</a></p>"
"Hospitality, Travel and Tourism","Hospitality, Travel and Tourism",Food and Beverage Service,CAT-HSP-FNB,"<p><strong>Food and Beverage Service</strong></p><p>Food and Beverage Service learning and development for Hospitality, Travel and Tourism contexts.</p><p><strong>Typical subjects or topics:</strong> Restaurant service, bar operations, food safety, guest experience</p><p><strong>Recommended course structure:</strong> Domain / competency / module courses</p><p><a href=""https://en.wikipedia.org/wiki/Special:Search?search=Food%20and%20Beverage%20Service"" target=""_blank"" rel=""noopener noreferrer"">Wikipedia reference: Food and Beverage Service</a></p>"
"Hospitality, Travel and Tourism","Hospitality, Travel and Tourism",Culinary Arts,CAT-HSP-CUL,"<p><strong>Culinary Arts</strong></p><p>Culinary Arts learning and development for Hospitality, Travel and Tourism contexts.</p><p><strong>Typical subjects or topics:</strong> Cooking methods, cuisine, kitchen operations, menu and cost control</p><p><strong>Recommended course structure:</strong> Domain / competency / module courses</p><p><a href=""https://en.wikipedia.org/wiki/Special:Search?search=Culinary%20Arts"" target=""_blank"" rel=""noopener noreferrer"">Wikipedia reference: Culinary Arts</a></p>"
"Hospitality, Travel and Tourism","Hospitality, Travel and Tourism",Bakery and Patisserie,CAT-HSP-BAK,"<p><strong>Bakery and Patisserie</strong></p><p>Bakery and Patisserie learning and development for Hospitality, Travel and Tourism contexts.</p><p><strong>Typical subjects or topics:</strong> Bread, pastry, confectionery, production, hygiene</p><p><strong>Recommended course structure:</strong> Domain / competency / module courses</p><p><a href=""https://en.wikipedia.org/wiki/Special:Search?search=Bakery%20and%20Patisserie"" target=""_blank"" rel=""noopener noreferrer"">Wikipedia reference: Bakery and Patisserie</a></p>"
"Hospitality, Travel and Tourism","Hospitality, Travel and Tourism",Travel Operations,CAT-HSP-TRV,"<p><strong>Travel Operations</strong></p><p>Travel Operations learning and development for Hospitality, Travel and Tourism contexts.</p><p><strong>Typical subjects or topics:</strong> Reservations, ticketing, itineraries, travel documentation</p><p><strong>Recommended course structure:</strong> Domain / competency / module courses</p><p><a href=""https://en.wikipedia.org/wiki/Special:Search?search=Travel%20Operations"" target=""_blank"" rel=""noopener noreferrer"">Wikipedia reference: Travel Operations</a></p>"
"Hospitality, Travel and Tourism","Hospitality, Travel and Tourism",Tourism and Destination Management,CAT-HSP-TOU,"<p><strong>Tourism and Destination Management</strong></p><p>Tourism and Destination Management learning and development for Hospitality, Travel and Tourism contexts.</p><p><strong>Typical subjects or topics:</strong> Destinations, guiding, interpretation, sustainability, marketing</p><p><strong>Recommended course structure:</strong> Domain / competency / module courses</p><p><a href=""https://en.wikipedia.org/wiki/Special:Search?search=Tourism%20and%20Destination%20Management"" target=""_blank"" rel=""noopener noreferrer"">Wikipedia reference: Tourism and Destination Management</a></p>"
"Hospitality, Travel and Tourism","Hospitality, Travel and Tourism",Events and MICE,CAT-HSP-EVT,"<p><strong>Events and MICE</strong></p><p>Events and MICE learning and development for Hospitality, Travel and Tourism contexts.</p><p><strong>Typical subjects or topics:</strong> Event planning, venues, production, conferences, exhibitions</p><p><strong>Recommended course structure:</strong> Domain / competency / module courses</p><p><a href=""https://en.wikipedia.org/wiki/Special:Search?search=Events%20and%20MICE"" target=""_blank"" rel=""noopener noreferrer"">Wikipedia reference: Events and MICE</a></p>"
"Hospitality, Travel and Tourism","Hospitality, Travel and Tourism",Cruise and Resort Operations,CAT-HSP-CRU,"<p><strong>Cruise and Resort Operations</strong></p><p>Cruise and Resort Operations learning and development for Hospitality, Travel and Tourism contexts.</p><p><strong>Typical subjects or topics:</strong> Guest services, recreation, marine hospitality, resort operations</p><p><strong>Recommended course structure:</strong> Domain / competency / module courses</p><p><a href=""https://en.wikipedia.org/wiki/Special:Search?search=Cruise%20and%20Resort%20Operations"" target=""_blank"" rel=""noopener noreferrer"">Wikipedia reference: Cruise and Resort Operations</a></p>"
"Hospitality, Travel and Tourism","Hospitality, Travel and Tourism",Hospitality Hygiene and Safety,CAT-HSP-HYG,"<p><strong>Hospitality Hygiene and Safety</strong></p><p>Hospitality Hygiene and Safety learning and development for Hospitality, Travel and Tourism contexts.</p><p><strong>Typical subjects or topics:</strong> Food hygiene, sanitation, allergens, occupational safety</p><p><strong>Recommended course structure:</strong> Domain / competency / module courses</p><p><a href=""https://en.wikipedia.org/wiki/Special:Search?search=Hospitality%20Hygiene%20and%20Safety"" target=""_blank"" rel=""noopener noreferrer"">Wikipedia reference: Hospitality Hygiene and Safety</a></p>"
"Retail, E-Commerce and Consumer Services",Organization,"Retail, E-Commerce and Consumer Services",CAT-RET,"<p><strong>Retail, E-Commerce and Consumer Services</strong></p><p>Retail formats, online commerce, merchandising and consumer-facing services</p><p><strong>Typical subjects or topics:</strong> Retail Operations, Merchandising and Category Management, E-Commerce Operations, Direct-to-Consumer and Omnichannel, FMCG and Consumer Goods, Luxury and Fashion Retail, Beauty and Personal Care Services, Repair and After-Sales Services</p><p><strong>Recommended course structure:</strong> Domain / specialization / competency / module courses</p><p><a href=""https://en.wikipedia.org/wiki/Special:Search?search=Retail%2C%20E-Commerce%20and%20Consumer%20Services"" target=""_blank"" rel=""noopener noreferrer"">Wikipedia reference: Retail, E-Commerce and Consumer Services</a></p>"
"Retail, E-Commerce and Consumer Services","Retail, E-Commerce and Consumer Services",Retail Operations,CAT-RET-OPS,"<p><strong>Retail Operations</strong></p><p>Retail Operations learning and development for Retail, E-Commerce and Consumer Services contexts.</p><p><strong>Typical subjects or topics:</strong> Store operations, cash handling, inventory, service, loss prevention</p><p><strong>Recommended course structure:</strong> Domain / competency / module courses</p><p><a href=""https://en.wikipedia.org/wiki/Special:Search?search=Retail%20Operations"" target=""_blank"" rel=""noopener noreferrer"">Wikipedia reference: Retail Operations</a></p>"
"Retail, E-Commerce and Consumer Services","Retail, E-Commerce and Consumer Services",Merchandising and Category Management,CAT-RET-MER,"<p><strong>Merchandising and Category Management</strong></p><p>Merchandising and Category Management learning and development for Retail, E-Commerce and Consumer Services contexts.</p><p><strong>Typical subjects or topics:</strong> Assortment, pricing, space, promotions, category analytics</p><p><strong>Recommended course structure:</strong> Domain / competency / module courses</p><p><a href=""https://en.wikipedia.org/wiki/Special:Search?search=Merchandising%20and%20Category%20Management"" target=""_blank"" rel=""noopener noreferrer"">Wikipedia reference: Merchandising and Category Management</a></p>"
"Retail, E-Commerce and Consumer Services","Retail, E-Commerce and Consumer Services",E-Commerce Operations,CAT-RET-ECOM,"<p><strong>E-Commerce Operations</strong></p><p>E-Commerce Operations learning and development for Retail, E-Commerce and Consumer Services contexts.</p><p><strong>Typical subjects or topics:</strong> Catalogues, marketplaces, fulfillment, conversion, customer care</p><p><strong>Recommended course structure:</strong> Domain / competency / module courses</p><p><a href=""https://en.wikipedia.org/wiki/Special:Search?search=E-Commerce%20Operations"" target=""_blank"" rel=""noopener noreferrer"">Wikipedia reference: E-Commerce Operations</a></p>"
"Retail, E-Commerce and Consumer Services","Retail, E-Commerce and Consumer Services",Direct-to-Consumer and Omnichannel,CAT-RET-DTC,"<p><strong>Direct-to-Consumer and Omnichannel</strong></p><p>Direct-to-Consumer and Omnichannel learning and development for Retail, E-Commerce and Consumer Services contexts.</p><p><strong>Typical subjects or topics:</strong> Customer journeys, channels, fulfillment, retention</p><p><strong>Recommended course structure:</strong> Domain / competency / module courses</p><p><a href=""https://en.wikipedia.org/wiki/Special:Search?search=Direct-to-Consumer%20and%20Omnichannel"" target=""_blank"" rel=""noopener noreferrer"">Wikipedia reference: Direct-to-Consumer and Omnichannel</a></p>"
"Retail, E-Commerce and Consumer Services","Retail, E-Commerce and Consumer Services",FMCG and Consumer Goods,CAT-RET-FMCG,"<p><strong>FMCG and Consumer Goods</strong></p><p>FMCG and Consumer Goods learning and development for Retail, E-Commerce and Consumer Services contexts.</p><p><strong>Typical subjects or topics:</strong> Distribution, trade marketing, demand, retail execution</p><p><strong>Recommended course structure:</strong> Domain / competency / module courses</p><p><a href=""https://en.wikipedia.org/wiki/Special:Search?search=FMCG%20and%20Consumer%20Goods"" target=""_blank"" rel=""noopener noreferrer"">Wikipedia reference: FMCG and Consumer Goods</a></p>"
"Retail, E-Commerce and Consumer Services","Retail, E-Commerce and Consumer Services",Luxury and Fashion Retail,CAT-RET-LUX,"<p><strong>Luxury and Fashion Retail</strong></p><p>Luxury and Fashion Retail learning and development for Retail, E-Commerce and Consumer Services contexts.</p><p><strong>Typical subjects or topics:</strong> Clienteling, product knowledge, brand experience, visual merchandising</p><p><strong>Recommended course structure:</strong> Domain / competency / module courses</p><p><a href=""https://en.wikipedia.org/wiki/Special:Search?search=Luxury%20and%20Fashion%20Retail"" target=""_blank"" rel=""noopener noreferrer"">Wikipedia reference: Luxury and Fashion Retail</a></p>"
"Retail, E-Commerce and Consumer Services","Retail, E-Commerce and Consumer Services",Beauty and Personal Care Services,CAT-RET-BEA,"<p><strong>Beauty and Personal Care Services</strong></p><p>Beauty and Personal Care Services learning and development for Retail, E-Commerce and Consumer Services contexts.</p><p><strong>Typical subjects or topics:</strong> Salon practice, skincare, cosmetics, hygiene, client care</p><p><strong>Recommended course structure:</strong> Domain / competency / module courses</p><p><a href=""https://en.wikipedia.org/wiki/Special:Search?search=Beauty%20and%20Personal%20Care%20Services"" target=""_blank"" rel=""noopener noreferrer"">Wikipedia reference: Beauty and Personal Care Services</a></p>"
"Retail, E-Commerce and Consumer Services","Retail, E-Commerce and Consumer Services",Repair and After-Sales Services,CAT-RET-REP,"<p><strong>Repair and After-Sales Services</strong></p><p>Repair and After-Sales Services learning and development for Retail, E-Commerce and Consumer Services contexts.</p><p><strong>Typical subjects or topics:</strong> Service intake, diagnostics, warranties, customer communication</p><p><strong>Recommended course structure:</strong> Domain / competency / module courses</p><p><a href=""https://en.wikipedia.org/wiki/Special:Search?search=Repair%20and%20After-Sales%20Services"" target=""_blank"" rel=""noopener noreferrer"">Wikipedia reference: Repair and After-Sales Services</a></p>"
"Media, Arts, Design and Communication",Organization,"Media, Arts, Design and Communication",CAT-MDA,"<p><strong>Media, Arts, Design and Communication</strong></p><p>Content, journalism, creative arts, design, advertising and public communication</p><p><strong>Typical subjects or topics:</strong> Journalism and News, Public Relations and Corporate Communication, Advertising and Creative Strategy, Film, Television and Video, Audio, Radio and Podcasting, Graphic and Communication Design, Animation and Visual Effects, Game Design and Development, Photography, Music, Theatre and Performing Arts, Writing and Publishing</p><p><strong>Recommended course structure:</strong> Domain / specialization / competency / module courses</p><p><a href=""https://en.wikipedia.org/wiki/Special:Search?search=Media%2C%20Arts%2C%20Design%20and%20Communication"" target=""_blank"" rel=""noopener noreferrer"">Wikipedia reference: Media, Arts, Design and Communication</a></p>"
"Media, Arts, Design and Communication","Media, Arts, Design and Communication",Journalism and News,CAT-MDA-JRN,"<p><strong>Journalism and News</strong></p><p>Journalism and News learning and development for Media, Arts, Design and Communication contexts.</p><p><strong>Typical subjects or topics:</strong> Reporting, verification, editing, media law, multimedia journalism</p><p><strong>Recommended course structure:</strong> Domain / competency / module courses</p><p><a href=""https://en.wikipedia.org/wiki/Special:Search?search=Journalism%20and%20News"" target=""_blank"" rel=""noopener noreferrer"">Wikipedia reference: Journalism and News</a></p>"
"Media, Arts, Design and Communication","Media, Arts, Design and Communication",Public Relations and Corporate Communication,CAT-MDA-PR,"<p><strong>Public Relations and Corporate Communication</strong></p><p>Public Relations and Corporate Communication learning and development for Media, Arts, Design and Communication contexts.</p><p><strong>Typical subjects or topics:</strong> Media relations, messaging, reputation, crisis communication</p><p><strong>Recommended course structure:</strong> Domain / competency / module courses</p><p><a href=""https://en.wikipedia.org/wiki/Special:Search?search=Public%20Relations%20and%20Corporate%20Communication"" target=""_blank"" rel=""noopener noreferrer"">Wikipedia reference: Public Relations and Corporate Communication</a></p>"
"Media, Arts, Design and Communication","Media, Arts, Design and Communication",Advertising and Creative Strategy,CAT-MDA-ADV,"<p><strong>Advertising and Creative Strategy</strong></p><p>Advertising and Creative Strategy learning and development for Media, Arts, Design and Communication contexts.</p><p><strong>Typical subjects or topics:</strong> Campaigns, copywriting, art direction, media planning</p><p><strong>Recommended course structure:</strong> Domain / competency / module courses</p><p><a href=""https://en.wikipedia.org/wiki/Special:Search?search=Advertising%20and%20Creative%20Strategy"" target=""_blank"" rel=""noopener noreferrer"">Wikipedia reference: Advertising and Creative Strategy</a></p>"
"Media, Arts, Design and Communication","Media, Arts, Design and Communication","Film, Television and Video",CAT-MDA-FILM,"<p><strong>Film, Television and Video</strong></p><p>Film, Television and Video learning and development for Media, Arts, Design and Communication contexts.</p><p><strong>Typical subjects or topics:</strong> Screenwriting, production, directing, cinematography, post-production</p><p><strong>Recommended course structure:</strong> Domain / competency / module courses</p><p><a href=""https://en.wikipedia.org/wiki/Special:Search?search=Film%2C%20Television%20and%20Video"" target=""_blank"" rel=""noopener noreferrer"">Wikipedia reference: Film, Television and Video</a></p>"
"Media, Arts, Design and Communication","Media, Arts, Design and Communication","Audio, Radio and Podcasting",CAT-MDA-AUD,"<p><strong>Audio, Radio and Podcasting</strong></p><p>Audio, Radio and Podcasting learning and development for Media, Arts, Design and Communication contexts.</p><p><strong>Typical subjects or topics:</strong> Recording, editing, broadcasting, sound design, podcast production</p><p><strong>Recommended course structure:</strong> Domain / competency / module courses</p><p><a href=""https://en.wikipedia.org/wiki/Special:Search?search=Audio%2C%20Radio%20and%20Podcasting"" target=""_blank"" rel=""noopener noreferrer"">Wikipedia reference: Audio, Radio and Podcasting</a></p>"
"Media, Arts, Design and Communication","Media, Arts, Design and Communication",Graphic and Communication Design,CAT-MDA-GRA,"<p><strong>Graphic and Communication Design</strong></p><p>Graphic and Communication Design learning and development for Media, Arts, Design and Communication contexts.</p><p><strong>Typical subjects or topics:</strong> Typography, layout, identity, publication and digital design</p><p><strong>Recommended course structure:</strong> Domain / competency / module courses</p><p><a href=""https://en.wikipedia.org/wiki/Special:Search?search=Graphic%20and%20Communication%20Design"" target=""_blank"" rel=""noopener noreferrer"">Wikipedia reference: Graphic and Communication Design</a></p>"
"Media, Arts, Design and Communication","Media, Arts, Design and Communication",Animation and Visual Effects,CAT-MDA-ANM,"<p><strong>Animation and Visual Effects</strong></p><p>Animation and Visual Effects learning and development for Media, Arts, Design and Communication contexts.</p><p><strong>Typical subjects or topics:</strong> 2D and 3D animation, compositing, modeling, effects</p><p><strong>Recommended course structure:</strong> Domain / competency / module courses</p><p><a href=""https://en.wikipedia.org/wiki/Special:Search?search=Animation%20and%20Visual%20Effects"" target=""_blank"" rel=""noopener noreferrer"">Wikipedia reference: Animation and Visual Effects</a></p>"
"Media, Arts, Design and Communication","Media, Arts, Design and Communication",Game Design and Development,CAT-MDA-GAM,"<p><strong>Game Design and Development</strong></p><p>Game Design and Development learning and development for Media, Arts, Design and Communication contexts.</p><p><strong>Typical subjects or topics:</strong> Game mechanics, level design, art, programming, production</p><p><strong>Recommended course structure:</strong> Domain / competency / module courses</p><p><a href=""https://en.wikipedia.org/wiki/Special:Search?search=Game%20Design%20and%20Development"" target=""_blank"" rel=""noopener noreferrer"">Wikipedia reference: Game Design and Development</a></p>"
"Media, Arts, Design and Communication","Media, Arts, Design and Communication",Photography,CAT-MDA-PHOTO,"<p><strong>Photography</strong></p><p>Photography learning and development for Media, Arts, Design and Communication contexts.</p><p><strong>Typical subjects or topics:</strong> Camera craft, lighting, composition, editing, professional practice</p><p><strong>Recommended course structure:</strong> Domain / competency / module courses</p><p><a href=""https://en.wikipedia.org/wiki/Special:Search?search=Photography"" target=""_blank"" rel=""noopener noreferrer"">Wikipedia reference: Photography</a></p>"
"Media, Arts, Design and Communication","Media, Arts, Design and Communication",Music,CAT-MDA-MUS,"<p><strong>Music</strong></p><p>Music learning and development for Media, Arts, Design and Communication contexts.</p><p><strong>Typical subjects or topics:</strong> Performance, theory, composition, production, music business</p><p><strong>Recommended course structure:</strong> Domain / competency / module courses</p><p><a href=""https://en.wikipedia.org/wiki/Special:Search?search=Music"" target=""_blank"" rel=""noopener noreferrer"">Wikipedia reference: Music</a></p>"
"Media, Arts, Design and Communication","Media, Arts, Design and Communication",Theatre and Performing Arts,CAT-MDA-THE,"<p><strong>Theatre and Performing Arts</strong></p><p>Theatre and Performing Arts learning and development for Media, Arts, Design and Communication contexts.</p><p><strong>Typical subjects or topics:</strong> Acting, direction, stagecraft, dance, production</p><p><strong>Recommended course structure:</strong> Domain / competency / module courses</p><p><a href=""https://en.wikipedia.org/wiki/Special:Search?search=Theatre%20and%20Performing%20Arts"" target=""_blank"" rel=""noopener noreferrer"">Wikipedia reference: Theatre and Performing Arts</a></p>"
"Media, Arts, Design and Communication","Media, Arts, Design and Communication",Writing and Publishing,CAT-MDA-WRT,"<p><strong>Writing and Publishing</strong></p><p>Writing and Publishing learning and development for Media, Arts, Design and Communication contexts.</p><p><strong>Typical subjects or topics:</strong> Creative writing, technical writing, editing, publishing workflows</p><p><strong>Recommended course structure:</strong> Domain / competency / module courses</p><p><a href=""https://en.wikipedia.org/wiki/Special:Search?search=Writing%20and%20Publishing"" target=""_blank"" rel=""noopener noreferrer"">Wikipedia reference: Writing and Publishing</a></p>"
Government and Public Administration,Organization,Government and Public Administration,CAT-GOV,"<p><strong>Government and Public Administration</strong></p><p>Public policy, administration, civic services, public finance and governance</p><p><strong>Typical subjects or topics:</strong> Public Administration, Public Policy and Analysis, Public Finance and Procurement, Local Government and Municipal Services, Regulation and Inspection, Digital Government, Diplomacy and International Relations, Elections and Democratic Governance, Official Statistics and Census, Public Service Leadership</p><p><strong>Recommended course structure:</strong> Domain / specialization / competency / module courses</p><p><a href=""https://en.wikipedia.org/wiki/Special:Search?search=Government%20and%20Public%20Administration"" target=""_blank"" rel=""noopener noreferrer"">Wikipedia reference: Government and Public Administration</a></p>"
Government and Public Administration,Government and Public Administration,Public Administration,CAT-GOV-ADM,"<p><strong>Public Administration</strong></p><p>Public Administration learning and development for Government and Public Administration contexts.</p><p><strong>Typical subjects or topics:</strong> Administrative systems, office procedure, records, citizen services</p><p><strong>Recommended course structure:</strong> Domain / competency / module courses</p><p><a href=""https://en.wikipedia.org/wiki/Special:Search?search=Public%20Administration"" target=""_blank"" rel=""noopener noreferrer"">Wikipedia reference: Public Administration</a></p>"
Government and Public Administration,Government and Public Administration,Public Policy and Analysis,CAT-GOV-PS,"<p><strong>Public Policy and Analysis</strong></p><p>Public Policy and Analysis learning and development for Government and Public Administration contexts.</p><p><strong>Typical subjects or topics:</strong> Policy design, evidence, consultation, implementation, evaluation</p><p><strong>Recommended course structure:</strong> Domain / competency / module courses</p><p><a href=""https://en.wikipedia.org/wiki/Special:Search?search=Public%20Policy%20and%20Analysis"" target=""_blank"" rel=""noopener noreferrer"">Wikipedia reference: Public Policy and Analysis</a></p>"
Government and Public Administration,Government and Public Administration,Public Finance and Procurement,CAT-GOV-PFIN,"<p><strong>Public Finance and Procurement</strong></p><p>Public Finance and Procurement learning and development for Government and Public Administration contexts.</p><p><strong>Typical subjects or topics:</strong> Budgeting, expenditure, public procurement, accountability</p><p><strong>Recommended course structure:</strong> Domain / competency / module courses</p><p><a href=""https://en.wikipedia.org/wiki/Special:Search?search=Public%20Finance%20and%20Procurement"" target=""_blank"" rel=""noopener noreferrer"">Wikipedia reference: Public Finance and Procurement</a></p>"
Government and Public Administration,Government and Public Administration,Local Government and Municipal Services,CAT-GOV-LG,"<p><strong>Local Government and Municipal Services</strong></p><p>Local Government and Municipal Services learning and development for Government and Public Administration contexts.</p><p><strong>Typical subjects or topics:</strong> Urban services, local governance, community engagement</p><p><strong>Recommended course structure:</strong> Domain / competency / module courses</p><p><a href=""https://en.wikipedia.org/wiki/Special:Search?search=Local%20Government%20and%20Municipal%20Services"" target=""_blank"" rel=""noopener noreferrer"">Wikipedia reference: Local Government and Municipal Services</a></p>"
Government and Public Administration,Government and Public Administration,Regulation and Inspection,CAT-GOV-REG,"<p><strong>Regulation and Inspection</strong></p><p>Regulation and Inspection learning and development for Government and Public Administration contexts.</p><p><strong>Typical subjects or topics:</strong> Regulatory design, licensing, inspection, enforcement</p><p><strong>Recommended course structure:</strong> Domain / competency / module courses</p><p><a href=""https://en.wikipedia.org/wiki/Special:Search?search=Regulation%20and%20Inspection"" target=""_blank"" rel=""noopener noreferrer"">Wikipedia reference: Regulation and Inspection</a></p>"
Government and Public Administration,Government and Public Administration,Digital Government,CAT-GOV-DIG,"<p><strong>Digital Government</strong></p><p>Digital Government learning and development for Government and Public Administration contexts.</p><p><strong>Typical subjects or topics:</strong> Digital services, data governance, interoperability, civic technology</p><p><strong>Recommended course structure:</strong> Domain / competency / module courses</p><p><a href=""https://en.wikipedia.org/wiki/Special:Search?search=Digital%20Government"" target=""_blank"" rel=""noopener noreferrer"">Wikipedia reference: Digital Government</a></p>"
Government and Public Administration,Government and Public Administration,Diplomacy and International Relations,CAT-GOV-DIP,"<p><strong>Diplomacy and International Relations</strong></p><p>Diplomacy and International Relations learning and development for Government and Public Administration contexts.</p><p><strong>Typical subjects or topics:</strong> Diplomacy, protocol, negotiation, foreign policy</p><p><strong>Recommended course structure:</strong> Domain / competency / module courses</p><p><a href=""https://en.wikipedia.org/wiki/Special:Search?search=Diplomacy%20and%20International%20Relations"" target=""_blank"" rel=""noopener noreferrer"">Wikipedia reference: Diplomacy and International Relations</a></p>"
Government and Public Administration,Government and Public Administration,Elections and Democratic Governance,CAT-GOV-EL,"<p><strong>Elections and Democratic Governance</strong></p><p>Elections and Democratic Governance learning and development for Government and Public Administration contexts.</p><p><strong>Typical subjects or topics:</strong> Election administration, participation, integrity, civic education</p><p><strong>Recommended course structure:</strong> Domain / competency / module courses</p><p><a href=""https://en.wikipedia.org/wiki/Special:Search?search=Elections%20and%20Democratic%20Governance"" target=""_blank"" rel=""noopener noreferrer"">Wikipedia reference: Elections and Democratic Governance</a></p>"
Government and Public Administration,Government and Public Administration,Official Statistics and Census,CAT-GOV-STA,"<p><strong>Official Statistics and Census</strong></p><p>Official Statistics and Census learning and development for Government and Public Administration contexts.</p><p><strong>Typical subjects or topics:</strong> Survey design, census operations, data quality, dissemination</p><p><strong>Recommended course structure:</strong> Domain / competency / module courses</p><p><a href=""https://en.wikipedia.org/wiki/Special:Search?search=Official%20Statistics%20and%20Census"" target=""_blank"" rel=""noopener noreferrer"">Wikipedia reference: Official Statistics and Census</a></p>"
Government and Public Administration,Government and Public Administration,Public Service Leadership,CAT-GOV-PSM,"<p><strong>Public Service Leadership</strong></p><p>Public Service Leadership learning and development for Government and Public Administration contexts.</p><p><strong>Typical subjects or topics:</strong> Ethics, leadership, performance, reform, public value</p><p><strong>Recommended course structure:</strong> Domain / competency / module courses</p><p><a href=""https://en.wikipedia.org/wiki/Special:Search?search=Public%20Service%20Leadership"" target=""_blank"" rel=""noopener noreferrer"">Wikipedia reference: Public Service Leadership</a></p>"
"Law, Justice and Compliance",Organization,"Law, Justice and Compliance",CAT-LAW,"<p><strong>Law, Justice and Compliance</strong></p><p>Legal practice, justice systems, governance, compliance and regulatory capability</p><p><strong>Typical subjects or topics:</strong> Legal Foundations, Corporate and Commercial Law, Civil Law and Procedure, Criminal Law and Justice, Constitutional and Administrative Law, Intellectual Property Law, Labour and Employment Law, International Law, Dispute Resolution, Corporate Compliance and Ethics, Privacy and Data Protection, Governance, Risk and Compliance</p><p><strong>Recommended course structure:</strong> Domain / specialization / competency / module courses</p><p><a href=""https://en.wikipedia.org/wiki/Special:Search?search=Law%2C%20Justice%20and%20Compliance"" target=""_blank"" rel=""noopener noreferrer"">Wikipedia reference: Law, Justice and Compliance</a></p>"
"Law, Justice and Compliance","Law, Justice and Compliance",Legal Foundations,CAT-LAW-FND,"<p><strong>Legal Foundations</strong></p><p>Legal Foundations learning and development for Law, Justice and Compliance contexts.</p><p><strong>Typical subjects or topics:</strong> Legal systems, research, reasoning, interpretation, writing</p><p><strong>Recommended course structure:</strong> Domain / competency / module courses</p><p><a href=""https://en.wikipedia.org/wiki/Special:Search?search=Legal%20Foundations"" target=""_blank"" rel=""noopener noreferrer"">Wikipedia reference: Legal Foundations</a></p>"
"Law, Justice and Compliance","Law, Justice and Compliance",Corporate and Commercial Law,CAT-LAW-COR,"<p><strong>Corporate and Commercial Law</strong></p><p>Corporate and Commercial Law learning and development for Law, Justice and Compliance contexts.</p><p><strong>Typical subjects or topics:</strong> Companies, contracts, transactions, governance, insolvency</p><p><strong>Recommended course structure:</strong> Domain / competency / module courses</p><p><a href=""https://en.wikipedia.org/wiki/Special:Search?search=Corporate%20and%20Commercial%20Law"" target=""_blank"" rel=""noopener noreferrer"">Wikipedia reference: Corporate and Commercial Law</a></p>"
"Law, Justice and Compliance","Law, Justice and Compliance",Civil Law and Procedure,CAT-LAW-CIV,"<p><strong>Civil Law and Procedure</strong></p><p>Civil Law and Procedure learning and development for Law, Justice and Compliance contexts.</p><p><strong>Typical subjects or topics:</strong> Torts, property, family, succession, civil procedure</p><p><strong>Recommended course structure:</strong> Domain / competency / module courses</p><p><a href=""https://en.wikipedia.org/wiki/Special:Search?search=Civil%20Law%20and%20Procedure"" target=""_blank"" rel=""noopener noreferrer"">Wikipedia reference: Civil Law and Procedure</a></p>"
"Law, Justice and Compliance","Law, Justice and Compliance",Criminal Law and Justice,CAT-LAW-CRI,"<p><strong>Criminal Law and Justice</strong></p><p>Criminal Law and Justice learning and development for Law, Justice and Compliance contexts.</p><p><strong>Typical subjects or topics:</strong> Criminal law, procedure, evidence, corrections, victim support</p><p><strong>Recommended course structure:</strong> Domain / competency / module courses</p><p><a href=""https://en.wikipedia.org/wiki/Special:Search?search=Criminal%20Law%20and%20Justice"" target=""_blank"" rel=""noopener noreferrer"">Wikipedia reference: Criminal Law and Justice</a></p>"
"Law, Justice and Compliance","Law, Justice and Compliance",Constitutional and Administrative Law,CAT-LAW-CON,"<p><strong>Constitutional and Administrative Law</strong></p><p>Constitutional and Administrative Law learning and development for Law, Justice and Compliance contexts.</p><p><strong>Typical subjects or topics:</strong> Constitutional principles, rights, judicial review, administration</p><p><strong>Recommended course structure:</strong> Domain / competency / module courses</p><p><a href=""https://en.wikipedia.org/wiki/Special:Search?search=Constitutional%20and%20Administrative%20Law"" target=""_blank"" rel=""noopener noreferrer"">Wikipedia reference: Constitutional and Administrative Law</a></p>"
"Law, Justice and Compliance","Law, Justice and Compliance",Intellectual Property Law,CAT-LAW-IP,"<p><strong>Intellectual Property Law</strong></p><p>Intellectual Property Law learning and development for Law, Justice and Compliance contexts.</p><p><strong>Typical subjects or topics:</strong> Copyright, patents, trademarks, designs, licensing</p><p><strong>Recommended course structure:</strong> Domain / competency / module courses</p><p><a href=""https://en.wikipedia.org/wiki/Special:Search?search=Intellectual%20Property%20Law"" target=""_blank"" rel=""noopener noreferrer"">Wikipedia reference: Intellectual Property Law</a></p>"
"Law, Justice and Compliance","Law, Justice and Compliance",Labour and Employment Law,CAT-LAW-LAB,"<p><strong>Labour and Employment Law</strong></p><p>Labour and Employment Law learning and development for Law, Justice and Compliance contexts.</p><p><strong>Typical subjects or topics:</strong> Employment rights, industrial relations, workplace disputes</p><p><strong>Recommended course structure:</strong> Domain / competency / module courses</p><p><a href=""https://en.wikipedia.org/wiki/Special:Search?search=Labour%20and%20Employment%20Law"" target=""_blank"" rel=""noopener noreferrer"">Wikipedia reference: Labour and Employment Law</a></p>"
"Law, Justice and Compliance","Law, Justice and Compliance",International Law,CAT-LAW-INT,"<p><strong>International Law</strong></p><p>International Law learning and development for Law, Justice and Compliance contexts.</p><p><strong>Typical subjects or topics:</strong> Public international law, trade, humanitarian and human rights law</p><p><strong>Recommended course structure:</strong> Domain / competency / module courses</p><p><a href=""https://en.wikipedia.org/wiki/Special:Search?search=International%20Law"" target=""_blank"" rel=""noopener noreferrer"">Wikipedia reference: International Law</a></p>"
"Law, Justice and Compliance","Law, Justice and Compliance",Dispute Resolution,CAT-LAW-ADR,"<p><strong>Dispute Resolution</strong></p><p>Dispute Resolution learning and development for Law, Justice and Compliance contexts.</p><p><strong>Typical subjects or topics:</strong> Negotiation, mediation, arbitration, litigation strategy</p><p><strong>Recommended course structure:</strong> Domain / competency / module courses</p><p><a href=""https://en.wikipedia.org/wiki/Special:Search?search=Dispute%20Resolution"" target=""_blank"" rel=""noopener noreferrer"">Wikipedia reference: Dispute Resolution</a></p>"
"Law, Justice and Compliance","Law, Justice and Compliance",Corporate Compliance and Ethics,CAT-LAW-COMP,"<p><strong>Corporate Compliance and Ethics</strong></p><p>Corporate Compliance and Ethics learning and development for Law, Justice and Compliance contexts.</p><p><strong>Typical subjects or topics:</strong> Compliance programs, investigations, code of conduct, reporting</p><p><strong>Recommended course structure:</strong> Domain / competency / module courses</p><p><a href=""https://en.wikipedia.org/wiki/Special:Search?search=Corporate%20Compliance%20and%20Ethics"" target=""_blank"" rel=""noopener noreferrer"">Wikipedia reference: Corporate Compliance and Ethics</a></p>"
"Law, Justice and Compliance","Law, Justice and Compliance",Privacy and Data Protection,CAT-LAW-PRIV,"<p><strong>Privacy and Data Protection</strong></p><p>Privacy and Data Protection learning and development for Law, Justice and Compliance contexts.</p><p><strong>Typical subjects or topics:</strong> Privacy principles, governance, impact assessment, incident response</p><p><strong>Recommended course structure:</strong> Domain / competency / module courses</p><p><a href=""https://en.wikipedia.org/wiki/Special:Search?search=Privacy%20and%20Data%20Protection"" target=""_blank"" rel=""noopener noreferrer"">Wikipedia reference: Privacy and Data Protection</a></p>"
"Law, Justice and Compliance","Law, Justice and Compliance","Governance, Risk and Compliance",CAT-LAW-GRC,"<p><strong>Governance, Risk and Compliance</strong></p><p>Governance, Risk and Compliance learning and development for Law, Justice and Compliance contexts.</p><p><strong>Typical subjects or topics:</strong> Boards, policies, controls, risk, assurance, compliance technology</p><p><strong>Recommended course structure:</strong> Domain / competency / module courses</p><p><a href=""https://en.wikipedia.org/wiki/Special:Search?search=Governance%2C%20Risk%20and%20Compliance"" target=""_blank"" rel=""noopener noreferrer"">Wikipedia reference: Governance, Risk and Compliance</a></p>"
"Defence, Security and Emergency Services",Organization,"Defence, Security and Emergency Services",CAT-DSE,"<p><strong>Defence, Security and Emergency Services</strong></p><p>National defence, protective services, policing, fire, emergency and resilience</p><p><strong>Typical subjects or topics:</strong> Defence Studies and Operations, Police and Law Enforcement, Fire and Rescue Services, Emergency and Disaster Management, Security Operations, Intelligence and Analysis, Crisis Management and Business Continuity, CBRN and Hazardous Materials, Civil Defence and Community Resilience</p><p><strong>Recommended course structure:</strong> Domain / specialization / competency / module courses</p><p><a href=""https://en.wikipedia.org/wiki/Special:Search?search=Defence%2C%20Security%20and%20Emergency%20Services"" target=""_blank"" rel=""noopener noreferrer"">Wikipedia reference: Defence, Security and Emergency Services</a></p>"
"Defence, Security and Emergency Services","Defence, Security and Emergency Services",Defence Studies and Operations,CAT-DSE-DEF,"<p><strong>Defence Studies and Operations</strong></p><p>Defence Studies and Operations learning and development for Defence, Security and Emergency Services contexts.</p><p><strong>Typical subjects or topics:</strong> Strategy, operations, logistics, leadership, military technology</p><p><strong>Recommended course structure:</strong> Domain / competency / module courses</p><p><a href=""https://en.wikipedia.org/wiki/Special:Search?search=Defence%20Studies%20and%20Operations"" target=""_blank"" rel=""noopener noreferrer"">Wikipedia reference: Defence Studies and Operations</a></p>"
"Defence, Security and Emergency Services","Defence, Security and Emergency Services",Police and Law Enforcement,CAT-DSE-PS,"<p><strong>Police and Law Enforcement</strong></p><p>Police and Law Enforcement learning and development for Defence, Security and Emergency Services contexts.</p><p><strong>Typical subjects or topics:</strong> Policing, investigation, procedure, community safety, officer safety</p><p><strong>Recommended course structure:</strong> Domain / competency / module courses</p><p><a href=""https://en.wikipedia.org/wiki/Special:Search?search=Police%20and%20Law%20Enforcement"" target=""_blank"" rel=""noopener noreferrer"">Wikipedia reference: Police and Law Enforcement</a></p>"
"Defence, Security and Emergency Services","Defence, Security and Emergency Services",Fire and Rescue Services,CAT-DSE-FIR,"<p><strong>Fire and Rescue Services</strong></p><p>Fire and Rescue Services learning and development for Defence, Security and Emergency Services contexts.</p><p><strong>Typical subjects or topics:</strong> Fire behavior, suppression, rescue, prevention, incident command</p><p><strong>Recommended course structure:</strong> Domain / competency / module courses</p><p><a href=""https://en.wikipedia.org/wiki/Special:Search?search=Fire%20and%20Rescue%20Services"" target=""_blank"" rel=""noopener noreferrer"">Wikipedia reference: Fire and Rescue Services</a></p>"
"Defence, Security and Emergency Services","Defence, Security and Emergency Services",Emergency and Disaster Management,CAT-DSE-EM,"<p><strong>Emergency and Disaster Management</strong></p><p>Emergency and Disaster Management learning and development for Defence, Security and Emergency Services contexts.</p><p><strong>Typical subjects or topics:</strong> Preparedness, response, recovery, incident management, humanitarian coordination</p><p><strong>Recommended course structure:</strong> Domain / competency / module courses</p><p><a href=""https://en.wikipedia.org/wiki/Special:Search?search=Emergency%20and%20Disaster%20Management"" target=""_blank"" rel=""noopener noreferrer"">Wikipedia reference: Emergency and Disaster Management</a></p>"
"Defence, Security and Emergency Services","Defence, Security and Emergency Services",Security Operations,CAT-DSE-SEC,"<p><strong>Security Operations</strong></p><p>Security Operations learning and development for Defence, Security and Emergency Services contexts.</p><p><strong>Typical subjects or topics:</strong> Guarding, access control, surveillance, incident response</p><p><strong>Recommended course structure:</strong> Domain / competency / module courses</p><p><a href=""https://en.wikipedia.org/wiki/Special:Search?search=Security%20Operations"" target=""_blank"" rel=""noopener noreferrer"">Wikipedia reference: Security Operations</a></p>"
"Defence, Security and Emergency Services","Defence, Security and Emergency Services",Intelligence and Analysis,CAT-DSE-INT,"<p><strong>Intelligence and Analysis</strong></p><p>Intelligence and Analysis learning and development for Defence, Security and Emergency Services contexts.</p><p><strong>Typical subjects or topics:</strong> Collection, analysis, assessment, intelligence ethics</p><p><strong>Recommended course structure:</strong> Domain / competency / module courses</p><p><a href=""https://en.wikipedia.org/wiki/Special:Search?search=Intelligence%20and%20Analysis"" target=""_blank"" rel=""noopener noreferrer"">Wikipedia reference: Intelligence and Analysis</a></p>"
"Defence, Security and Emergency Services","Defence, Security and Emergency Services",Crisis Management and Business Continuity,CAT-DSE-CRS,"<p><strong>Crisis Management and Business Continuity</strong></p><p>Crisis Management and Business Continuity learning and development for Defence, Security and Emergency Services contexts.</p><p><strong>Typical subjects or topics:</strong> Crisis leadership, continuity planning, exercises, recovery</p><p><strong>Recommended course structure:</strong> Domain / competency / module courses</p><p><a href=""https://en.wikipedia.org/wiki/Special:Search?search=Crisis%20Management%20and%20Business%20Continuity"" target=""_blank"" rel=""noopener noreferrer"">Wikipedia reference: Crisis Management and Business Continuity</a></p>"
"Defence, Security and Emergency Services","Defence, Security and Emergency Services",CBRN and Hazardous Materials,CAT-DSE-CBR,"<p><strong>CBRN and Hazardous Materials</strong></p><p>CBRN and Hazardous Materials learning and development for Defence, Security and Emergency Services contexts.</p><p><strong>Typical subjects or topics:</strong> Chemical, biological, radiological and nuclear awareness and response</p><p><strong>Recommended course structure:</strong> Domain / competency / module courses</p><p><a href=""https://en.wikipedia.org/wiki/Special:Search?search=CBRN%20and%20Hazardous%20Materials"" target=""_blank"" rel=""noopener noreferrer"">Wikipedia reference: CBRN and Hazardous Materials</a></p>"
"Defence, Security and Emergency Services","Defence, Security and Emergency Services",Civil Defence and Community Resilience,CAT-DSE-CIV,"<p><strong>Civil Defence and Community Resilience</strong></p><p>Civil Defence and Community Resilience learning and development for Defence, Security and Emergency Services contexts.</p><p><strong>Typical subjects or topics:</strong> Public preparedness, volunteers, shelters, community resilience</p><p><strong>Recommended course structure:</strong> Domain / competency / module courses</p><p><a href=""https://en.wikipedia.org/wiki/Special:Search?search=Civil%20Defence%20and%20Community%20Resilience"" target=""_blank"" rel=""noopener noreferrer"">Wikipedia reference: Civil Defence and Community Resilience</a></p>"
"Nonprofit, Social Care and International Development",Organization,"Nonprofit, Social Care and International Development",CAT-NPO,"<p><strong>Nonprofit, Social Care and International Development</strong></p><p>Mission-led organizations, social services, humanitarian work and community development</p><p><strong>Typical subjects or topics:</strong> Nonprofit Management, Fundraising and Donor Relations, Program Management, Monitoring and Evaluation, Humanitarian Assistance, International Development, Community Development, Social Work and Case Management, Child and Family Services, Disability Services and Inclusion, Elder Care and Support, Gender Equality and Protection, Volunteer Management</p><p><strong>Recommended course structure:</strong> Domain / specialization / competency / module courses</p><p><a href=""https://en.wikipedia.org/wiki/Special:Search?search=Nonprofit%2C%20Social%20Care%20and%20International%20Development"" target=""_blank"" rel=""noopener noreferrer"">Wikipedia reference: Nonprofit, Social Care and International Development</a></p>"
"Nonprofit, Social Care and International Development","Nonprofit, Social Care and International Development",Nonprofit Management,CAT-NPO-NGO,"<p><strong>Nonprofit Management</strong></p><p>Nonprofit Management learning and development for Nonprofit, Social Care and International Development contexts.</p><p><strong>Typical subjects or topics:</strong> Governance, strategy, finance, people, compliance, impact</p><p><strong>Recommended course structure:</strong> Domain / competency / module courses</p><p><a href=""https://en.wikipedia.org/wiki/Special:Search?search=Nonprofit%20Management"" target=""_blank"" rel=""noopener noreferrer"">Wikipedia reference: Nonprofit Management</a></p>"
"Nonprofit, Social Care and International Development","Nonprofit, Social Care and International Development",Fundraising and Donor Relations,CAT-NPO-FUND,"<p><strong>Fundraising and Donor Relations</strong></p><p>Fundraising and Donor Relations learning and development for Nonprofit, Social Care and International Development contexts.</p><p><strong>Typical subjects or topics:</strong> Fundraising strategy, grants, stewardship, campaigns</p><p><strong>Recommended course structure:</strong> Domain / competency / module courses</p><p><a href=""https://en.wikipedia.org/wiki/Special:Search?search=Fundraising%20and%20Donor%20Relations"" target=""_blank"" rel=""noopener noreferrer"">Wikipedia reference: Fundraising and Donor Relations</a></p>"
"Nonprofit, Social Care and International Development","Nonprofit, Social Care and International Development","Program Management, Monitoring and Evaluation",CAT-NPO-PME,"<p><strong>Program Management, Monitoring and Evaluation</strong></p><p>Program Management, Monitoring and Evaluation learning and development for Nonprofit, Social Care and International Development contexts.</p><p><strong>Typical subjects or topics:</strong> Theory of change, logframes, indicators, evaluation, learning</p><p><strong>Recommended course structure:</strong> Domain / competency / module courses</p><p><a href=""https://en.wikipedia.org/wiki/Special:Search?search=Program%20Management%2C%20Monitoring%20and%20Evaluation"" target=""_blank"" rel=""noopener noreferrer"">Wikipedia reference: Program Management, Monitoring and Evaluation</a></p>"
"Nonprofit, Social Care and International Development","Nonprofit, Social Care and International Development",Humanitarian Assistance,CAT-NPO-HUM,"<p><strong>Humanitarian Assistance</strong></p><p>Humanitarian Assistance learning and development for Nonprofit, Social Care and International Development contexts.</p><p><strong>Typical subjects or topics:</strong> Humanitarian principles, needs, response sectors, coordination, protection</p><p><strong>Recommended course structure:</strong> Domain / competency / module courses</p><p><a href=""https://en.wikipedia.org/wiki/Special:Search?search=Humanitarian%20Assistance"" target=""_blank"" rel=""noopener noreferrer"">Wikipedia reference: Humanitarian Assistance</a></p>"
"Nonprofit, Social Care and International Development","Nonprofit, Social Care and International Development",International Development,CAT-NPO-DEV,"<p><strong>International Development</strong></p><p>International Development learning and development for Nonprofit, Social Care and International Development contexts.</p><p><strong>Typical subjects or topics:</strong> Development theory, livelihoods, institutions, sustainable development</p><p><strong>Recommended course structure:</strong> Domain / competency / module courses</p><p><a href=""https://en.wikipedia.org/wiki/Special:Search?search=International%20Development"" target=""_blank"" rel=""noopener noreferrer"">Wikipedia reference: International Development</a></p>"
"Nonprofit, Social Care and International Development","Nonprofit, Social Care and International Development",Community Development,CAT-NPO-COM,"<p><strong>Community Development</strong></p><p>Community Development learning and development for Nonprofit, Social Care and International Development contexts.</p><p><strong>Typical subjects or topics:</strong> Participation, facilitation, local capacity, community projects</p><p><strong>Recommended course structure:</strong> Domain / competency / module courses</p><p><a href=""https://en.wikipedia.org/wiki/Special:Search?search=Community%20Development"" target=""_blank"" rel=""noopener noreferrer"">Wikipedia reference: Community Development</a></p>"
"Nonprofit, Social Care and International Development","Nonprofit, Social Care and International Development",Social Work and Case Management,CAT-NPO-SW,"<p><strong>Social Work and Case Management</strong></p><p>Social Work and Case Management learning and development for Nonprofit, Social Care and International Development contexts.</p><p><strong>Typical subjects or topics:</strong> Assessment, case planning, safeguarding, referrals, documentation</p><p><strong>Recommended course structure:</strong> Domain / competency / module courses</p><p><a href=""https://en.wikipedia.org/wiki/Special:Search?search=Social%20Work%20and%20Case%20Management"" target=""_blank"" rel=""noopener noreferrer"">Wikipedia reference: Social Work and Case Management</a></p>"
"Nonprofit, Social Care and International Development","Nonprofit, Social Care and International Development",Child and Family Services,CAT-NPO-CHD,"<p><strong>Child and Family Services</strong></p><p>Child and Family Services learning and development for Nonprofit, Social Care and International Development contexts.</p><p><strong>Typical subjects or topics:</strong> Child development, protection, family support, alternative care</p><p><strong>Recommended course structure:</strong> Domain / competency / module courses</p><p><a href=""https://en.wikipedia.org/wiki/Special:Search?search=Child%20and%20Family%20Services"" target=""_blank"" rel=""noopener noreferrer"">Wikipedia reference: Child and Family Services</a></p>"
"Nonprofit, Social Care and International Development","Nonprofit, Social Care and International Development",Disability Services and Inclusion,CAT-NPO-DIS,"<p><strong>Disability Services and Inclusion</strong></p><p>Disability Services and Inclusion learning and development for Nonprofit, Social Care and International Development contexts.</p><p><strong>Typical subjects or topics:</strong> Rights, person-centred support, accessibility, independent living</p><p><strong>Recommended course structure:</strong> Domain / competency / module courses</p><p><a href=""https://en.wikipedia.org/wiki/Special:Search?search=Disability%20Services%20and%20Inclusion"" target=""_blank"" rel=""noopener noreferrer"">Wikipedia reference: Disability Services and Inclusion</a></p>"
"Nonprofit, Social Care and International Development","Nonprofit, Social Care and International Development",Elder Care and Support,CAT-NPO-ELD,"<p><strong>Elder Care and Support</strong></p><p>Elder Care and Support learning and development for Nonprofit, Social Care and International Development contexts.</p><p><strong>Typical subjects or topics:</strong> Ageing, care planning, dementia support, safeguarding</p><p><strong>Recommended course structure:</strong> Domain / competency / module courses</p><p><a href=""https://en.wikipedia.org/wiki/Special:Search?search=Elder%20Care%20and%20Support"" target=""_blank"" rel=""noopener noreferrer"">Wikipedia reference: Elder Care and Support</a></p>"
"Nonprofit, Social Care and International Development","Nonprofit, Social Care and International Development",Gender Equality and Protection,CAT-NPO-GBV,"<p><strong>Gender Equality and Protection</strong></p><p>Gender Equality and Protection learning and development for Nonprofit, Social Care and International Development contexts.</p><p><strong>Typical subjects or topics:</strong> Gender analysis, safeguarding, GBV prevention and response</p><p><strong>Recommended course structure:</strong> Domain / competency / module courses</p><p><a href=""https://en.wikipedia.org/wiki/Special:Search?search=Gender%20Equality%20and%20Protection"" target=""_blank"" rel=""noopener noreferrer"">Wikipedia reference: Gender Equality and Protection</a></p>"
"Nonprofit, Social Care and International Development","Nonprofit, Social Care and International Development",Volunteer Management,CAT-NPO-VOL,"<p><strong>Volunteer Management</strong></p><p>Volunteer Management learning and development for Nonprofit, Social Care and International Development contexts.</p><p><strong>Typical subjects or topics:</strong> Recruitment, onboarding, supervision, recognition, safety</p><p><strong>Recommended course structure:</strong> Domain / competency / module courses</p><p><a href=""https://en.wikipedia.org/wiki/Special:Search?search=Volunteer%20Management"" target=""_blank"" rel=""noopener noreferrer"">Wikipedia reference: Volunteer Management</a></p>"
"Sports, Fitness and Wellness",Organization,"Sports, Fitness and Wellness",CAT-SPW,"<p><strong>Sports, Fitness and Wellness</strong></p><p>Sport performance, coaching, recreation, fitness and holistic wellbeing</p><p><strong>Typical subjects or topics:</strong> Sports Coaching, Sports Science, Fitness Training, Strength and Conditioning, Sports Management, Officiating and Rules, Recreation and Outdoor Education, Yoga and Mind-Body Practice, Wellness and Lifestyle Coaching, Safeguarding in Sport</p><p><strong>Recommended course structure:</strong> Domain / specialization / competency / module courses</p><p><a href=""https://en.wikipedia.org/wiki/Special:Search?search=Sports%2C%20Fitness%20and%20Wellness"" target=""_blank"" rel=""noopener noreferrer"">Wikipedia reference: Sports, Fitness and Wellness</a></p>"
"Sports, Fitness and Wellness","Sports, Fitness and Wellness",Sports Coaching,CAT-SPW-COA,"<p><strong>Sports Coaching</strong></p><p>Sports Coaching learning and development for Sports, Fitness and Wellness contexts.</p><p><strong>Typical subjects or topics:</strong> Coaching practice, planning, skill development, ethics, safeguarding</p><p><strong>Recommended course structure:</strong> Domain / competency / module courses</p><p><a href=""https://en.wikipedia.org/wiki/Special:Search?search=Sports%20Coaching"" target=""_blank"" rel=""noopener noreferrer"">Wikipedia reference: Sports Coaching</a></p>"
"Sports, Fitness and Wellness","Sports, Fitness and Wellness",Sports Science,CAT-SPW-SCI,"<p><strong>Sports Science</strong></p><p>Sports Science learning and development for Sports, Fitness and Wellness contexts.</p><p><strong>Typical subjects or topics:</strong> Physiology, biomechanics, psychology, nutrition, performance analysis</p><p><strong>Recommended course structure:</strong> Domain / competency / module courses</p><p><a href=""https://en.wikipedia.org/wiki/Special:Search?search=Sports%20Science"" target=""_blank"" rel=""noopener noreferrer"">Wikipedia reference: Sports Science</a></p>"
"Sports, Fitness and Wellness","Sports, Fitness and Wellness",Fitness Training,CAT-SPW-FIT,"<p><strong>Fitness Training</strong></p><p>Fitness Training learning and development for Sports, Fitness and Wellness contexts.</p><p><strong>Typical subjects or topics:</strong> Exercise instruction, programming, assessment, client safety</p><p><strong>Recommended course structure:</strong> Domain / competency / module courses</p><p><a href=""https://en.wikipedia.org/wiki/Special:Search?search=Fitness%20Training"" target=""_blank"" rel=""noopener noreferrer"">Wikipedia reference: Fitness Training</a></p>"
"Sports, Fitness and Wellness","Sports, Fitness and Wellness",Strength and Conditioning,CAT-SPW-SNC,"<p><strong>Strength and Conditioning</strong></p><p>Strength and Conditioning learning and development for Sports, Fitness and Wellness contexts.</p><p><strong>Typical subjects or topics:</strong> Strength, speed, conditioning, monitoring, recovery</p><p><strong>Recommended course structure:</strong> Domain / competency / module courses</p><p><a href=""https://en.wikipedia.org/wiki/Special:Search?search=Strength%20and%20Conditioning"" target=""_blank"" rel=""noopener noreferrer"">Wikipedia reference: Strength and Conditioning</a></p>"
"Sports, Fitness and Wellness","Sports, Fitness and Wellness",Sports Management,CAT-SPW-MGT,"<p><strong>Sports Management</strong></p><p>Sports Management learning and development for Sports, Fitness and Wellness contexts.</p><p><strong>Typical subjects or topics:</strong> Events, facilities, marketing, finance, governance</p><p><strong>Recommended course structure:</strong> Domain / competency / module courses</p><p><a href=""https://en.wikipedia.org/wiki/Special:Search?search=Sports%20Management"" target=""_blank"" rel=""noopener noreferrer"">Wikipedia reference: Sports Management</a></p>"
"Sports, Fitness and Wellness","Sports, Fitness and Wellness",Officiating and Rules,CAT-SPW-OFF,"<p><strong>Officiating and Rules</strong></p><p>Officiating and Rules learning and development for Sports, Fitness and Wellness contexts.</p><p><strong>Typical subjects or topics:</strong> Rules, officiating, decision-making, conduct, match management</p><p><strong>Recommended course structure:</strong> Domain / competency / module courses</p><p><a href=""https://en.wikipedia.org/wiki/Special:Search?search=Officiating%20and%20Rules"" target=""_blank"" rel=""noopener noreferrer"">Wikipedia reference: Officiating and Rules</a></p>"
"Sports, Fitness and Wellness","Sports, Fitness and Wellness",Recreation and Outdoor Education,CAT-SPW-REC,"<p><strong>Recreation and Outdoor Education</strong></p><p>Recreation and Outdoor Education learning and development for Sports, Fitness and Wellness contexts.</p><p><strong>Typical subjects or topics:</strong> Outdoor leadership, recreation programming, risk management</p><p><strong>Recommended course structure:</strong> Domain / competency / module courses</p><p><a href=""https://en.wikipedia.org/wiki/Special:Search?search=Recreation%20and%20Outdoor%20Education"" target=""_blank"" rel=""noopener noreferrer"">Wikipedia reference: Recreation and Outdoor Education</a></p>"
"Sports, Fitness and Wellness","Sports, Fitness and Wellness",Yoga and Mind-Body Practice,CAT-SPW-YOG,"<p><strong>Yoga and Mind-Body Practice</strong></p><p>Yoga and Mind-Body Practice learning and development for Sports, Fitness and Wellness contexts.</p><p><strong>Typical subjects or topics:</strong> Yoga practice, breathing, anatomy, teaching methods</p><p><strong>Recommended course structure:</strong> Domain / competency / module courses</p><p><a href=""https://en.wikipedia.org/wiki/Special:Search?search=Yoga%20and%20Mind-Body%20Practice"" target=""_blank"" rel=""noopener noreferrer"">Wikipedia reference: Yoga and Mind-Body Practice</a></p>"
"Sports, Fitness and Wellness","Sports, Fitness and Wellness",Wellness and Lifestyle Coaching,CAT-SPW-WEL,"<p><strong>Wellness and Lifestyle Coaching</strong></p><p>Wellness and Lifestyle Coaching learning and development for Sports, Fitness and Wellness contexts.</p><p><strong>Typical subjects or topics:</strong> Behavior change, sleep, stress, wellbeing planning</p><p><strong>Recommended course structure:</strong> Domain / competency / module courses</p><p><a href=""https://en.wikipedia.org/wiki/Special:Search?search=Wellness%20and%20Lifestyle%20Coaching"" target=""_blank"" rel=""noopener noreferrer"">Wikipedia reference: Wellness and Lifestyle Coaching</a></p>"
"Sports, Fitness and Wellness","Sports, Fitness and Wellness",Safeguarding in Sport,CAT-SPW-SAFE,"<p><strong>Safeguarding in Sport</strong></p><p>Safeguarding in Sport learning and development for Sports, Fitness and Wellness contexts.</p><p><strong>Typical subjects or topics:</strong> Child protection, safe environments, reporting, inclusion</p><p><strong>Recommended course structure:</strong> Domain / competency / module courses</p><p><a href=""https://en.wikipedia.org/wiki/Special:Search?search=Safeguarding%20in%20Sport"" target=""_blank"" rel=""noopener noreferrer"">Wikipedia reference: Safeguarding in Sport</a></p>"
"Science, Research and Innovation",Organization,"Science, Research and Innovation",CAT-SRI,"<p><strong>Science, Research and Innovation</strong></p><p>Scientific disciplines, research practice, laboratories, commercialization and innovation</p><p><strong>Typical subjects or topics:</strong> Physical Sciences, Biological Sciences, Mathematics and Statistics, Social and Behavioral Sciences, Research Methods, Research Ethics and Integrity, Laboratory Operations and Safety, Research Data Management, Grant and Research Administration, Innovation and Technology Transfer, Science Communication</p><p><strong>Recommended course structure:</strong> Domain / specialization / competency / module courses</p><p><a href=""https://en.wikipedia.org/wiki/Special:Search?search=Science%2C%20Research%20and%20Innovation"" target=""_blank"" rel=""noopener noreferrer"">Wikipedia reference: Science, Research and Innovation</a></p>"
"Science, Research and Innovation","Science, Research and Innovation",Physical Sciences,CAT-SRI-PH,"<p><strong>Physical Sciences</strong></p><p>Physical Sciences learning and development for Science, Research and Innovation contexts.</p><p><strong>Typical subjects or topics:</strong> Physics, chemistry, earth science, astronomy, laboratory practice</p><p><strong>Recommended course structure:</strong> Domain / competency / module courses</p><p><a href=""https://en.wikipedia.org/wiki/Special:Search?search=Physical%20Sciences"" target=""_blank"" rel=""noopener noreferrer"">Wikipedia reference: Physical Sciences</a></p>"
"Science, Research and Innovation","Science, Research and Innovation",Biological Sciences,CAT-SRI-BI,"<p><strong>Biological Sciences</strong></p><p>Biological Sciences learning and development for Science, Research and Innovation contexts.</p><p><strong>Typical subjects or topics:</strong> Biology, ecology, genetics, microbiology, field and laboratory methods</p><p><strong>Recommended course structure:</strong> Domain / competency / module courses</p><p><a href=""https://en.wikipedia.org/wiki/Special:Search?search=Biological%20Sciences"" target=""_blank"" rel=""noopener noreferrer"">Wikipedia reference: Biological Sciences</a></p>"
"Science, Research and Innovation","Science, Research and Innovation",Mathematics and Statistics,CAT-SRI-MATH,"<p><strong>Mathematics and Statistics</strong></p><p>Mathematics and Statistics learning and development for Science, Research and Innovation contexts.</p><p><strong>Typical subjects or topics:</strong> Pure and applied mathematics, probability, statistics, modeling</p><p><strong>Recommended course structure:</strong> Domain / competency / module courses</p><p><a href=""https://en.wikipedia.org/wiki/Special:Search?search=Mathematics%20and%20Statistics"" target=""_blank"" rel=""noopener noreferrer"">Wikipedia reference: Mathematics and Statistics</a></p>"
"Science, Research and Innovation","Science, Research and Innovation",Social and Behavioral Sciences,CAT-SRI-SO,"<p><strong>Social and Behavioral Sciences</strong></p><p>Social and Behavioral Sciences learning and development for Science, Research and Innovation contexts.</p><p><strong>Typical subjects or topics:</strong> Economics, sociology, psychology, political science, anthropology</p><p><strong>Recommended course structure:</strong> Domain / competency / module courses</p><p><a href=""https://en.wikipedia.org/wiki/Special:Search?search=Social%20and%20Behavioral%20Sciences"" target=""_blank"" rel=""noopener noreferrer"">Wikipedia reference: Social and Behavioral Sciences</a></p>"
"Science, Research and Innovation","Science, Research and Innovation",Research Methods,CAT-SRI-RM,"<p><strong>Research Methods</strong></p><p>Research Methods learning and development for Science, Research and Innovation contexts.</p><p><strong>Typical subjects or topics:</strong> Qualitative, quantitative, mixed methods, design, analysis</p><p><strong>Recommended course structure:</strong> Domain / competency / module courses</p><p><a href=""https://en.wikipedia.org/wiki/Special:Search?search=Research%20Methods"" target=""_blank"" rel=""noopener noreferrer"">Wikipedia reference: Research Methods</a></p>"
"Science, Research and Innovation","Science, Research and Innovation",Research Ethics and Integrity,CAT-SRI-RCR,"<p><strong>Research Ethics and Integrity</strong></p><p>Research Ethics and Integrity learning and development for Science, Research and Innovation contexts.</p><p><strong>Typical subjects or topics:</strong> Responsible conduct, ethics review, authorship, reproducibility</p><p><strong>Recommended course structure:</strong> Domain / competency / module courses</p><p><a href=""https://en.wikipedia.org/wiki/Special:Search?search=Research%20Ethics%20and%20Integrity"" target=""_blank"" rel=""noopener noreferrer"">Wikipedia reference: Research Ethics and Integrity</a></p>"
"Science, Research and Innovation","Science, Research and Innovation",Laboratory Operations and Safety,CAT-SRI-LAB,"<p><strong>Laboratory Operations and Safety</strong></p><p>Laboratory Operations and Safety learning and development for Science, Research and Innovation contexts.</p><p><strong>Typical subjects or topics:</strong> Laboratory techniques, biosafety, chemicals, quality, equipment</p><p><strong>Recommended course structure:</strong> Domain / competency / module courses</p><p><a href=""https://en.wikipedia.org/wiki/Special:Search?search=Laboratory%20Operations%20and%20Safety"" target=""_blank"" rel=""noopener noreferrer"">Wikipedia reference: Laboratory Operations and Safety</a></p>"
"Science, Research and Innovation","Science, Research and Innovation",Research Data Management,CAT-SRI-DATA,"<p><strong>Research Data Management</strong></p><p>Research Data Management learning and development for Science, Research and Innovation contexts.</p><p><strong>Typical subjects or topics:</strong> Data plans, documentation, repositories, open science</p><p><strong>Recommended course structure:</strong> Domain / competency / module courses</p><p><a href=""https://en.wikipedia.org/wiki/Special:Search?search=Research%20Data%20Management"" target=""_blank"" rel=""noopener noreferrer"">Wikipedia reference: Research Data Management</a></p>"
"Science, Research and Innovation","Science, Research and Innovation",Grant and Research Administration,CAT-SRI-GRANT,"<p><strong>Grant and Research Administration</strong></p><p>Grant and Research Administration learning and development for Science, Research and Innovation contexts.</p><p><strong>Typical subjects or topics:</strong> Funding, proposals, budgets, compliance, reporting</p><p><strong>Recommended course structure:</strong> Domain / competency / module courses</p><p><a href=""https://en.wikipedia.org/wiki/Special:Search?search=Grant%20and%20Research%20Administration"" target=""_blank"" rel=""noopener noreferrer"">Wikipedia reference: Grant and Research Administration</a></p>"
"Science, Research and Innovation","Science, Research and Innovation",Innovation and Technology Transfer,CAT-SRI-IP,"<p><strong>Innovation and Technology Transfer</strong></p><p>Innovation and Technology Transfer learning and development for Science, Research and Innovation contexts.</p><p><strong>Typical subjects or topics:</strong> Intellectual property, licensing, spinouts, commercialization</p><p><strong>Recommended course structure:</strong> Domain / competency / module courses</p><p><a href=""https://en.wikipedia.org/wiki/Special:Search?search=Innovation%20and%20Technology%20Transfer"" target=""_blank"" rel=""noopener noreferrer"">Wikipedia reference: Innovation and Technology Transfer</a></p>"
"Science, Research and Innovation","Science, Research and Innovation",Science Communication,CAT-SRI-SCI,"<p><strong>Science Communication</strong></p><p>Science Communication learning and development for Science, Research and Innovation contexts.</p><p><strong>Typical subjects or topics:</strong> Public engagement, scientific writing, visualization, policy communication</p><p><strong>Recommended course structure:</strong> Domain / competency / module courses</p><p><a href=""https://en.wikipedia.org/wiki/Special:Search?search=Science%20Communication"" target=""_blank"" rel=""noopener noreferrer"">Wikipedia reference: Science Communication</a></p>"
Professional and Advisory Services,Organization,Professional and Advisory Services,CAT-PRS,"<p><strong>Professional and Advisory Services</strong></p><p>Consulting and knowledge-intensive services across business functions</p><p><strong>Typical subjects or topics:</strong> Management Consulting, Accounting Advisory, Engineering Consulting, Legal Services Operations, Recruitment and Staffing, Business Process Outsourcing, Facilities and Workplace Services, Market and Social Research</p><p><strong>Recommended course structure:</strong> Domain / specialization / competency / module courses</p><p><a href=""https://en.wikipedia.org/wiki/Special:Search?search=Professional%20and%20Advisory%20Services"" target=""_blank"" rel=""noopener noreferrer"">Wikipedia reference: Professional and Advisory Services</a></p>"
Professional and Advisory Services,Professional and Advisory Services,Management Consulting,CAT-PRS-CON,"<p><strong>Management Consulting</strong></p><p>Management Consulting learning and development for Professional and Advisory Services contexts.</p><p><strong>Typical subjects or topics:</strong> Problem structuring, analysis, recommendations, client delivery</p><p><strong>Recommended course structure:</strong> Domain / competency / module courses</p><p><a href=""https://en.wikipedia.org/wiki/Special:Search?search=Management%20Consulting"" target=""_blank"" rel=""noopener noreferrer"">Wikipedia reference: Management Consulting</a></p>"
Professional and Advisory Services,Professional and Advisory Services,Accounting Advisory,CAT-PRS-AC,"<p><strong>Accounting Advisory</strong></p><p>Accounting Advisory learning and development for Professional and Advisory Services contexts.</p><p><strong>Typical subjects or topics:</strong> Reporting, controls, transactions, systems and compliance advisory</p><p><strong>Recommended course structure:</strong> Domain / competency / module courses</p><p><a href=""https://en.wikipedia.org/wiki/Special:Search?search=Accounting%20Advisory"" target=""_blank"" rel=""noopener noreferrer"">Wikipedia reference: Accounting Advisory</a></p>"
Professional and Advisory Services,Professional and Advisory Services,Engineering Consulting,CAT-PRS-EN,"<p><strong>Engineering Consulting</strong></p><p>Engineering Consulting learning and development for Professional and Advisory Services contexts.</p><p><strong>Typical subjects or topics:</strong> Design review, technical studies, assurance, project advisory</p><p><strong>Recommended course structure:</strong> Domain / competency / module courses</p><p><a href=""https://en.wikipedia.org/wiki/Special:Search?search=Engineering%20Consulting"" target=""_blank"" rel=""noopener noreferrer"">Wikipedia reference: Engineering Consulting</a></p>"
Professional and Advisory Services,Professional and Advisory Services,Legal Services Operations,CAT-PRS-LEG,"<p><strong>Legal Services Operations</strong></p><p>Legal Services Operations learning and development for Professional and Advisory Services contexts.</p><p><strong>Typical subjects or topics:</strong> Matter management, legal project management, knowledge, technology</p><p><strong>Recommended course structure:</strong> Domain / competency / module courses</p><p><a href=""https://en.wikipedia.org/wiki/Special:Search?search=Legal%20Services%20Operations"" target=""_blank"" rel=""noopener noreferrer"">Wikipedia reference: Legal Services Operations</a></p>"
Professional and Advisory Services,Professional and Advisory Services,Recruitment and Staffing,CAT-PRS-REC,"<p><strong>Recruitment and Staffing</strong></p><p>Recruitment and Staffing learning and development for Professional and Advisory Services contexts.</p><p><strong>Typical subjects or topics:</strong> Sourcing, assessment, placement, workforce solutions</p><p><strong>Recommended course structure:</strong> Domain / competency / module courses</p><p><a href=""https://en.wikipedia.org/wiki/Special:Search?search=Recruitment%20and%20Staffing"" target=""_blank"" rel=""noopener noreferrer"">Wikipedia reference: Recruitment and Staffing</a></p>"
Professional and Advisory Services,Professional and Advisory Services,Business Process Outsourcing,CAT-PRS-BPO,"<p><strong>Business Process Outsourcing</strong></p><p>Business Process Outsourcing learning and development for Professional and Advisory Services contexts.</p><p><strong>Typical subjects or topics:</strong> Service delivery, transitions, quality, workforce management</p><p><strong>Recommended course structure:</strong> Domain / competency / module courses</p><p><a href=""https://en.wikipedia.org/wiki/Special:Search?search=Business%20Process%20Outsourcing"" target=""_blank"" rel=""noopener noreferrer"">Wikipedia reference: Business Process Outsourcing</a></p>"
Professional and Advisory Services,Professional and Advisory Services,Facilities and Workplace Services,CAT-PRS-FAC,"<p><strong>Facilities and Workplace Services</strong></p><p>Facilities and Workplace Services learning and development for Professional and Advisory Services contexts.</p><p><strong>Typical subjects or topics:</strong> Facilities operations, workplace experience, vendor management</p><p><strong>Recommended course structure:</strong> Domain / competency / module courses</p><p><a href=""https://en.wikipedia.org/wiki/Special:Search?search=Facilities%20and%20Workplace%20Services"" target=""_blank"" rel=""noopener noreferrer"">Wikipedia reference: Facilities and Workplace Services</a></p>"
Professional and Advisory Services,Professional and Advisory Services,Market and Social Research,CAT-PRS-RES,"<p><strong>Market and Social Research</strong></p><p>Market and Social Research learning and development for Professional and Advisory Services contexts.</p><p><strong>Typical subjects or topics:</strong> Research design, fieldwork, analysis, reporting, insight</p><p><strong>Recommended course structure:</strong> Domain / competency / module courses</p><p><a href=""https://en.wikipedia.org/wiki/Special:Search?search=Market%20and%20Social%20Research"" target=""_blank"" rel=""noopener noreferrer"">Wikipedia reference: Market and Social Research</a></p>"
"Languages, Communication and English",Organization,"Languages, Communication and English",CAT-LCE,"<p><strong>Languages, Communication and English</strong></p><p>Language learning, literacy, translation and professional communication</p><p><strong>Typical subjects or topics:</strong> English Language Learning, English for Specific Purposes, Indian Languages, Foreign Languages, Literacy and Foundational Learning, Translation and Interpretation, Professional Writing, Presentation and Public Speaking, Intercultural Communication</p><p><strong>Recommended course structure:</strong> Domain / specialization / competency / module courses</p><p><a href=""https://en.wikipedia.org/wiki/Special:Search?search=Languages%2C%20Communication%20and%20English"" target=""_blank"" rel=""noopener noreferrer"">Wikipedia reference: Languages, Communication and English</a></p>"
"Languages, Communication and English","Languages, Communication and English",English Language Learning,CAT-LCE-EN,"<p><strong>English Language Learning</strong></p><p>English Language Learning learning and development for Languages, Communication and English contexts.</p><p><strong>Typical subjects or topics:</strong> General English, grammar, vocabulary, reading, writing, listening, speaking</p><p><strong>Recommended course structure:</strong> Domain / competency / module courses</p><p><a href=""https://en.wikipedia.org/wiki/Special:Search?search=English%20Language%20Learning"" target=""_blank"" rel=""noopener noreferrer"">Wikipedia reference: English Language Learning</a></p>"
"Languages, Communication and English","Languages, Communication and English",English for Specific Purposes,CAT-LCE-ESP,"<p><strong>English for Specific Purposes</strong></p><p>English for Specific Purposes learning and development for Languages, Communication and English contexts.</p><p><strong>Typical subjects or topics:</strong> Business, academic, technical, aviation, healthcare and legal English</p><p><strong>Recommended course structure:</strong> Domain / competency / module courses</p><p><a href=""https://en.wikipedia.org/wiki/Special:Search?search=English%20for%20Specific%20Purposes"" target=""_blank"" rel=""noopener noreferrer"">Wikipedia reference: English for Specific Purposes</a></p>"
"Languages, Communication and English","Languages, Communication and English",Indian Languages,CAT-LCE-IND,"<p><strong>Indian Languages</strong></p><p>Indian Languages learning and development for Languages, Communication and English contexts.</p><p><strong>Typical subjects or topics:</strong> Hindi and regional-language literacy, literature and communication</p><p><strong>Recommended course structure:</strong> Domain / competency / module courses</p><p><a href=""https://en.wikipedia.org/wiki/Special:Search?search=Indian%20Languages"" target=""_blank"" rel=""noopener noreferrer"">Wikipedia reference: Indian Languages</a></p>"
"Languages, Communication and English","Languages, Communication and English",Foreign Languages,CAT-LCE-FOR,"<p><strong>Foreign Languages</strong></p><p>Foreign Languages learning and development for Languages, Communication and English contexts.</p><p><strong>Typical subjects or topics:</strong> World-language proficiency, culture, grammar and communication</p><p><strong>Recommended course structure:</strong> Domain / competency / module courses</p><p><a href=""https://en.wikipedia.org/wiki/Special:Search?search=Foreign%20Languages"" target=""_blank"" rel=""noopener noreferrer"">Wikipedia reference: Foreign Languages</a></p>"
"Languages, Communication and English","Languages, Communication and English",Literacy and Foundational Learning,CAT-LCE-LIT,"<p><strong>Literacy and Foundational Learning</strong></p><p>Literacy and Foundational Learning learning and development for Languages, Communication and English contexts.</p><p><strong>Typical subjects or topics:</strong> Adult literacy, numeracy, functional and digital literacy</p><p><strong>Recommended course structure:</strong> Domain / competency / module courses</p><p><a href=""https://en.wikipedia.org/wiki/Special:Search?search=Literacy%20and%20Foundational%20Learning"" target=""_blank"" rel=""noopener noreferrer"">Wikipedia reference: Literacy and Foundational Learning</a></p>"
"Languages, Communication and English","Languages, Communication and English",Translation and Interpretation,CAT-LCE-TRN,"<p><strong>Translation and Interpretation</strong></p><p>Translation and Interpretation learning and development for Languages, Communication and English contexts.</p><p><strong>Typical subjects or topics:</strong> Translation, interpreting modes, terminology, technology, ethics</p><p><strong>Recommended course structure:</strong> Domain / competency / module courses</p><p><a href=""https://en.wikipedia.org/wiki/Special:Search?search=Translation%20and%20Interpretation"" target=""_blank"" rel=""noopener noreferrer"">Wikipedia reference: Translation and Interpretation</a></p>"
"Languages, Communication and English","Languages, Communication and English",Professional Writing,CAT-LCE-WR,"<p><strong>Professional Writing</strong></p><p>Professional Writing learning and development for Languages, Communication and English contexts.</p><p><strong>Typical subjects or topics:</strong> Business writing, reports, proposals, documentation, editing</p><p><strong>Recommended course structure:</strong> Domain / competency / module courses</p><p><a href=""https://en.wikipedia.org/wiki/Special:Search?search=Professional%20Writing"" target=""_blank"" rel=""noopener noreferrer"">Wikipedia reference: Professional Writing</a></p>"
"Languages, Communication and English","Languages, Communication and English",Presentation and Public Speaking,CAT-LCE-PS,"<p><strong>Presentation and Public Speaking</strong></p><p>Presentation and Public Speaking learning and development for Languages, Communication and English contexts.</p><p><strong>Typical subjects or topics:</strong> Structure, delivery, visuals, facilitation, audience engagement</p><p><strong>Recommended course structure:</strong> Domain / competency / module courses</p><p><a href=""https://en.wikipedia.org/wiki/Special:Search?search=Presentation%20and%20Public%20Speaking"" target=""_blank"" rel=""noopener noreferrer"">Wikipedia reference: Presentation and Public Speaking</a></p>"
"Languages, Communication and English","Languages, Communication and English",Intercultural Communication,CAT-LCE-IC,"<p><strong>Intercultural Communication</strong></p><p>Intercultural Communication learning and development for Languages, Communication and English contexts.</p><p><strong>Typical subjects or topics:</strong> Cultural awareness, inclusive communication, global teamwork</p><p><strong>Recommended course structure:</strong> Domain / competency / module courses</p><p><a href=""https://en.wikipedia.org/wiki/Special:Search?search=Intercultural%20Communication"" target=""_blank"" rel=""noopener noreferrer"">Wikipedia reference: Intercultural Communication</a></p>"
Personal Development and Employability,Organization,Personal Development and Employability,CAT-PDE,"<p><strong>Personal Development and Employability</strong></p><p>Foundational, career and life capabilities for learners and workers</p><p><strong>Typical subjects or topics:</strong> Career Planning and Employability, Professional and Soft Skills, Time and Productivity Management, Critical Thinking and Problem Solving, Personal Financial Literacy, Entrepreneurial Mindset, Digital Citizenship, Life Skills, Emotional Intelligence, Mentoring and Coaching</p><p><strong>Recommended course structure:</strong> Domain / specialization / competency / module courses</p><p><a href=""https://en.wikipedia.org/wiki/Special:Search?search=Personal%20Development%20and%20Employability"" target=""_blank"" rel=""noopener noreferrer"">Wikipedia reference: Personal Development and Employability</a></p>"
Personal Development and Employability,Personal Development and Employability,Career Planning and Employability,CAT-PDE-CAREER,"<p><strong>Career Planning and Employability</strong></p><p>Career Planning and Employability learning and development for Personal Development and Employability contexts.</p><p><strong>Typical subjects or topics:</strong> Career exploration, resumes, interviews, job search, workplace readiness</p><p><strong>Recommended course structure:</strong> Domain / competency / module courses</p><p><a href=""https://en.wikipedia.org/wiki/Special:Search?search=Career%20Planning%20and%20Employability"" target=""_blank"" rel=""noopener noreferrer"">Wikipedia reference: Career Planning and Employability</a></p>"
Personal Development and Employability,Personal Development and Employability,Professional and Soft Skills,CAT-PDE-SOFT,"<p><strong>Professional and Soft Skills</strong></p><p>Professional and Soft Skills learning and development for Personal Development and Employability contexts.</p><p><strong>Typical subjects or topics:</strong> Communication, teamwork, reliability, adaptability, professionalism</p><p><strong>Recommended course structure:</strong> Domain / competency / module courses</p><p><a href=""https://en.wikipedia.org/wiki/Special:Search?search=Professional%20and%20Soft%20Skills"" target=""_blank"" rel=""noopener noreferrer"">Wikipedia reference: Professional and Soft Skills</a></p>"
Personal Development and Employability,Personal Development and Employability,Time and Productivity Management,CAT-PDE-TIME,"<p><strong>Time and Productivity Management</strong></p><p>Time and Productivity Management learning and development for Personal Development and Employability contexts.</p><p><strong>Typical subjects or topics:</strong> Prioritization, planning, focus, workflow, habits</p><p><strong>Recommended course structure:</strong> Domain / competency / module courses</p><p><a href=""https://en.wikipedia.org/wiki/Special:Search?search=Time%20and%20Productivity%20Management"" target=""_blank"" rel=""noopener noreferrer"">Wikipedia reference: Time and Productivity Management</a></p>"
Personal Development and Employability,Personal Development and Employability,Critical Thinking and Problem Solving,CAT-PDE-CRT,"<p><strong>Critical Thinking and Problem Solving</strong></p><p>Critical Thinking and Problem Solving learning and development for Personal Development and Employability contexts.</p><p><strong>Typical subjects or topics:</strong> Reasoning, evidence, creativity, structured problem solving</p><p><strong>Recommended course structure:</strong> Domain / competency / module courses</p><p><a href=""https://en.wikipedia.org/wiki/Special:Search?search=Critical%20Thinking%20and%20Problem%20Solving"" target=""_blank"" rel=""noopener noreferrer"">Wikipedia reference: Critical Thinking and Problem Solving</a></p>"
Personal Development and Employability,Personal Development and Employability,Personal Financial Literacy,CAT-PDE-FIN,"<p><strong>Personal Financial Literacy</strong></p><p>Personal Financial Literacy learning and development for Personal Development and Employability contexts.</p><p><strong>Typical subjects or topics:</strong> Budgeting, saving, credit, insurance, investing basics</p><p><strong>Recommended course structure:</strong> Domain / competency / module courses</p><p><a href=""https://en.wikipedia.org/wiki/Special:Search?search=Personal%20Financial%20Literacy"" target=""_blank"" rel=""noopener noreferrer"">Wikipedia reference: Personal Financial Literacy</a></p>"
Personal Development and Employability,Personal Development and Employability,Entrepreneurial Mindset,CAT-PDE-ENT,"<p><strong>Entrepreneurial Mindset</strong></p><p>Entrepreneurial Mindset learning and development for Personal Development and Employability contexts.</p><p><strong>Typical subjects or topics:</strong> Opportunity recognition, initiative, resilience, value creation</p><p><strong>Recommended course structure:</strong> Domain / competency / module courses</p><p><a href=""https://en.wikipedia.org/wiki/Special:Search?search=Entrepreneurial%20Mindset"" target=""_blank"" rel=""noopener noreferrer"">Wikipedia reference: Entrepreneurial Mindset</a></p>"
Personal Development and Employability,Personal Development and Employability,Digital Citizenship,CAT-PDE-DIG,"<p><strong>Digital Citizenship</strong></p><p>Digital Citizenship learning and development for Personal Development and Employability contexts.</p><p><strong>Typical subjects or topics:</strong> Online safety, information literacy, privacy, responsible participation</p><p><strong>Recommended course structure:</strong> Domain / competency / module courses</p><p><a href=""https://en.wikipedia.org/wiki/Special:Search?search=Digital%20Citizenship"" target=""_blank"" rel=""noopener noreferrer"">Wikipedia reference: Digital Citizenship</a></p>"
Personal Development and Employability,Personal Development and Employability,Life Skills,CAT-PDE-LIFE,"<p><strong>Life Skills</strong></p><p>Life Skills learning and development for Personal Development and Employability contexts.</p><p><strong>Typical subjects or topics:</strong> Self-awareness, relationships, decision-making, health, civic responsibility</p><p><strong>Recommended course structure:</strong> Domain / competency / module courses</p><p><a href=""https://en.wikipedia.org/wiki/Special:Search?search=Life%20Skills"" target=""_blank"" rel=""noopener noreferrer"">Wikipedia reference: Life Skills</a></p>"
Personal Development and Employability,Personal Development and Employability,Emotional Intelligence,CAT-PDE-EI,"<p><strong>Emotional Intelligence</strong></p><p>Emotional Intelligence learning and development for Personal Development and Employability contexts.</p><p><strong>Typical subjects or topics:</strong> Self-management, empathy, social awareness, relationship skills</p><p><strong>Recommended course structure:</strong> Domain / competency / module courses</p><p><a href=""https://en.wikipedia.org/wiki/Special:Search?search=Emotional%20Intelligence"" target=""_blank"" rel=""noopener noreferrer"">Wikipedia reference: Emotional Intelligence</a></p>"
Personal Development and Employability,Personal Development and Employability,Mentoring and Coaching,CAT-PDE-MENT,"<p><strong>Mentoring and Coaching</strong></p><p>Mentoring and Coaching learning and development for Personal Development and Employability contexts.</p><p><strong>Typical subjects or topics:</strong> Goal setting, feedback, developmental conversations, accountability</p><p><strong>Recommended course structure:</strong> Domain / competency / module courses</p><p><a href=""https://en.wikipedia.org/wiki/Special:Search?search=Mentoring%20and%20Coaching"" target=""_blank"" rel=""noopener noreferrer"">Wikipedia reference: Mentoring and Coaching</a></p>"
"Religion, Philosophy, Ethics and Culture",Organization,"Religion, Philosophy, Ethics and Culture",CAT-RPE,"<p><strong>Religion, Philosophy, Ethics and Culture</strong></p><p>Religious studies, philosophy, ethics, heritage and cultural understanding</p><p><strong>Typical subjects or topics:</strong> Religious Studies, Theology and Ministry, Philosophy, Applied Ethics, Cultural Studies, Heritage and Museum Studies</p><p><strong>Recommended course structure:</strong> Domain / specialization / competency / module courses</p><p><a href=""https://en.wikipedia.org/wiki/Special:Search?search=Religion%2C%20Philosophy%2C%20Ethics%20and%20Culture"" target=""_blank"" rel=""noopener noreferrer"">Wikipedia reference: Religion, Philosophy, Ethics and Culture</a></p>"
"Religion, Philosophy, Ethics and Culture","Religion, Philosophy, Ethics and Culture",Religious Studies,CAT-RPE-REL,"<p><strong>Religious Studies</strong></p><p>Religious Studies learning and development for Religion, Philosophy, Ethics and Culture contexts.</p><p><strong>Typical subjects or topics:</strong> World religions, texts, traditions, society and interfaith understanding</p><p><strong>Recommended course structure:</strong> Domain / competency / module courses</p><p><a href=""https://en.wikipedia.org/wiki/Special:Search?search=Religious%20Studies"" target=""_blank"" rel=""noopener noreferrer"">Wikipedia reference: Religious Studies</a></p>"
"Religion, Philosophy, Ethics and Culture","Religion, Philosophy, Ethics and Culture",Theology and Ministry,CAT-RPE-THE,"<p><strong>Theology and Ministry</strong></p><p>Theology and Ministry learning and development for Religion, Philosophy, Ethics and Culture contexts.</p><p><strong>Typical subjects or topics:</strong> Theology, pastoral practice, ministry, religious leadership</p><p><strong>Recommended course structure:</strong> Domain / competency / module courses</p><p><a href=""https://en.wikipedia.org/wiki/Special:Search?search=Theology%20and%20Ministry"" target=""_blank"" rel=""noopener noreferrer"">Wikipedia reference: Theology and Ministry</a></p>"
"Religion, Philosophy, Ethics and Culture","Religion, Philosophy, Ethics and Culture",Philosophy,CAT-RPE-PHI,"<p><strong>Philosophy</strong></p><p>Philosophy learning and development for Religion, Philosophy, Ethics and Culture contexts.</p><p><strong>Typical subjects or topics:</strong> Logic, epistemology, metaphysics, political philosophy, philosophy of mind</p><p><strong>Recommended course structure:</strong> Domain / competency / module courses</p><p><a href=""https://en.wikipedia.org/wiki/Special:Search?search=Philosophy"" target=""_blank"" rel=""noopener noreferrer"">Wikipedia reference: Philosophy</a></p>"
"Religion, Philosophy, Ethics and Culture","Religion, Philosophy, Ethics and Culture",Applied Ethics,CAT-RPE-ETH,"<p><strong>Applied Ethics</strong></p><p>Applied Ethics learning and development for Religion, Philosophy, Ethics and Culture contexts.</p><p><strong>Typical subjects or topics:</strong> Professional, bio, technology, environmental and public ethics</p><p><strong>Recommended course structure:</strong> Domain / competency / module courses</p><p><a href=""https://en.wikipedia.org/wiki/Special:Search?search=Applied%20Ethics"" target=""_blank"" rel=""noopener noreferrer"">Wikipedia reference: Applied Ethics</a></p>"
"Religion, Philosophy, Ethics and Culture","Religion, Philosophy, Ethics and Culture",Cultural Studies,CAT-RPE-CUL,"<p><strong>Cultural Studies</strong></p><p>Cultural Studies learning and development for Religion, Philosophy, Ethics and Culture contexts.</p><p><strong>Typical subjects or topics:</strong> Culture, identity, representation, popular and global cultures</p><p><strong>Recommended course structure:</strong> Domain / competency / module courses</p><p><a href=""https://en.wikipedia.org/wiki/Special:Search?search=Cultural%20Studies"" target=""_blank"" rel=""noopener noreferrer"">Wikipedia reference: Cultural Studies</a></p>"
"Religion, Philosophy, Ethics and Culture","Religion, Philosophy, Ethics and Culture",Heritage and Museum Studies,CAT-RPE-HER,"<p><strong>Heritage and Museum Studies</strong></p><p>Heritage and Museum Studies learning and development for Religion, Philosophy, Ethics and Culture contexts.</p><p><strong>Typical subjects or topics:</strong> Conservation, collections, interpretation, museums, archives</p><p><strong>Recommended course structure:</strong> Domain / competency / module courses</p><p><a href=""https://en.wikipedia.org/wiki/Special:Search?search=Heritage%20and%20Museum%20Studies"" target=""_blank"" rel=""noopener noreferrer"">Wikipedia reference: Heritage and Museum Studies</a></p>"
Skilled Trades and Vocational Education,Organization,Skilled Trades and Vocational Education,CAT-TVE,"<p><strong>Skilled Trades and Vocational Education</strong></p><p>Technical and vocational education for skilled trades, occupations, apprenticeships and workplace competence.</p><p><strong>Typical subjects or topics:</strong> Construction trades, mechanical trades, electrical trades, services, crafts, apprenticeships</p><p><strong>Recommended course structure:</strong> Trade / qualification / competency / practical module courses</p><p><a href=""https://en.wikipedia.org/wiki/Special:Search?search=Skilled%20Trades%20and%20Vocational%20Education"" target=""_blank"" rel=""noopener noreferrer"">Wikipedia reference: Skilled Trades and Vocational Education</a></p>"
Skilled Trades and Vocational Education,Skilled Trades and Vocational Education,Electrical Trades,CAT-TVE-EL,"<p><strong>Electrical Trades</strong></p><p>Electrical Trades learning and development for Skilled Trades and Vocational Education contexts.</p><p><strong>Typical subjects or topics:</strong> Electrician practice, wiring, installation, testing, codes, safety</p><p><strong>Recommended course structure:</strong> Qualification / competency / workshop module courses</p><p><a href=""https://en.wikipedia.org/wiki/Special:Search?search=Electrical%20Trades"" target=""_blank"" rel=""noopener noreferrer"">Wikipedia reference: Electrical Trades</a></p>"
Skilled Trades and Vocational Education,Skilled Trades and Vocational Education,Plumbing and Pipefitting,CAT-TVE-PLU,"<p><strong>Plumbing and Pipefitting</strong></p><p>Plumbing and Pipefitting learning and development for Skilled Trades and Vocational Education contexts.</p><p><strong>Typical subjects or topics:</strong> Water systems, drainage, pipework, fixtures, testing, safety</p><p><strong>Recommended course structure:</strong> Qualification / competency / workshop module courses</p><p><a href=""https://en.wikipedia.org/wiki/Special:Search?search=Plumbing%20and%20Pipefitting"" target=""_blank"" rel=""noopener noreferrer"">Wikipedia reference: Plumbing and Pipefitting</a></p>"
Skilled Trades and Vocational Education,Skilled Trades and Vocational Education,Carpentry and Joinery,CAT-TVE-CAR,"<p><strong>Carpentry and Joinery</strong></p><p>Carpentry and Joinery learning and development for Skilled Trades and Vocational Education contexts.</p><p><strong>Typical subjects or topics:</strong> Hand and power tools, framing, joinery, finishing, drawings</p><p><strong>Recommended course structure:</strong> Qualification / competency / workshop module courses</p><p><a href=""https://en.wikipedia.org/wiki/Special:Search?search=Carpentry%20and%20Joinery"" target=""_blank"" rel=""noopener noreferrer"">Wikipedia reference: Carpentry and Joinery</a></p>"
Skilled Trades and Vocational Education,Skilled Trades and Vocational Education,Masonry and Tiling,CAT-TVE-MAS,"<p><strong>Masonry and Tiling</strong></p><p>Masonry and Tiling learning and development for Skilled Trades and Vocational Education contexts.</p><p><strong>Typical subjects or topics:</strong> Brickwork, blockwork, plastering, tiling, measurement</p><p><strong>Recommended course structure:</strong> Qualification / competency / workshop module courses</p><p><a href=""https://en.wikipedia.org/wiki/Special:Search?search=Masonry%20and%20Tiling"" target=""_blank"" rel=""noopener noreferrer"">Wikipedia reference: Masonry and Tiling</a></p>"
Skilled Trades and Vocational Education,Skilled Trades and Vocational Education,Welding and Fabrication,CAT-TVE-WEL,"<p><strong>Welding and Fabrication</strong></p><p>Welding and Fabrication learning and development for Skilled Trades and Vocational Education contexts.</p><p><strong>Typical subjects or topics:</strong> Arc and gas processes, cutting, fabrication, inspection, safety</p><p><strong>Recommended course structure:</strong> Qualification / competency / workshop module courses</p><p><a href=""https://en.wikipedia.org/wiki/Special:Search?search=Welding%20and%20Fabrication"" target=""_blank"" rel=""noopener noreferrer"">Wikipedia reference: Welding and Fabrication</a></p>"
Skilled Trades and Vocational Education,Skilled Trades and Vocational Education,Machining and Toolmaking,CAT-TVE-MCH,"<p><strong>Machining and Toolmaking</strong></p><p>Machining and Toolmaking learning and development for Skilled Trades and Vocational Education contexts.</p><p><strong>Typical subjects or topics:</strong> Manual and CNC machining, measurement, tooling, quality</p><p><strong>Recommended course structure:</strong> Qualification / competency / workshop module courses</p><p><a href=""https://en.wikipedia.org/wiki/Special:Search?search=Machining%20and%20Toolmaking"" target=""_blank"" rel=""noopener noreferrer"">Wikipedia reference: Machining and Toolmaking</a></p>"
Skilled Trades and Vocational Education,Skilled Trades and Vocational Education,Fitting and Mechanical Assembly,CAT-TVE-FIT,"<p><strong>Fitting and Mechanical Assembly</strong></p><p>Fitting and Mechanical Assembly learning and development for Skilled Trades and Vocational Education contexts.</p><p><strong>Typical subjects or topics:</strong> Bench fitting, assembly, alignment, maintenance, measurement</p><p><strong>Recommended course structure:</strong> Qualification / competency / workshop module courses</p><p><a href=""https://en.wikipedia.org/wiki/Special:Search?search=Fitting%20and%20Mechanical%20Assembly"" target=""_blank"" rel=""noopener noreferrer"">Wikipedia reference: Fitting and Mechanical Assembly</a></p>"
Skilled Trades and Vocational Education,Skilled Trades and Vocational Education,HVAC and Refrigeration,CAT-TVE-HVAC,"<p><strong>HVAC and Refrigeration</strong></p><p>HVAC and Refrigeration learning and development for Skilled Trades and Vocational Education contexts.</p><p><strong>Typical subjects or topics:</strong> Cooling, heating, ventilation, refrigerants, installation, service</p><p><strong>Recommended course structure:</strong> Qualification / competency / workshop module courses</p><p><a href=""https://en.wikipedia.org/wiki/Special:Search?search=HVAC%20and%20Refrigeration"" target=""_blank"" rel=""noopener noreferrer"">Wikipedia reference: HVAC and Refrigeration</a></p>"
Skilled Trades and Vocational Education,Skilled Trades and Vocational Education,Automotive Service Trades,CAT-TVE-AUT,"<p><strong>Automotive Service Trades</strong></p><p>Automotive Service Trades learning and development for Skilled Trades and Vocational Education contexts.</p><p><strong>Typical subjects or topics:</strong> Vehicle maintenance, diagnostics, mechanical and electrical repair</p><p><strong>Recommended course structure:</strong> Qualification / competency / workshop module courses</p><p><a href=""https://en.wikipedia.org/wiki/Special:Search?search=Automotive%20Service%20Trades"" target=""_blank"" rel=""noopener noreferrer"">Wikipedia reference: Automotive Service Trades</a></p>"
Skilled Trades and Vocational Education,Skilled Trades and Vocational Education,Diesel and Heavy Equipment,CAT-TVE-DSL,"<p><strong>Diesel and Heavy Equipment</strong></p><p>Diesel and Heavy Equipment learning and development for Skilled Trades and Vocational Education contexts.</p><p><strong>Typical subjects or topics:</strong> Diesel engines, hydraulics, diagnostics, heavy equipment service</p><p><strong>Recommended course structure:</strong> Qualification / competency / workshop module courses</p><p><a href=""https://en.wikipedia.org/wiki/Special:Search?search=Diesel%20and%20Heavy%20Equipment"" target=""_blank"" rel=""noopener noreferrer"">Wikipedia reference: Diesel and Heavy Equipment</a></p>"
Skilled Trades and Vocational Education,Skilled Trades and Vocational Education,Painting and Decorating,CAT-TVE-PAI,"<p><strong>Painting and Decorating</strong></p><p>Painting and Decorating learning and development for Skilled Trades and Vocational Education contexts.</p><p><strong>Typical subjects or topics:</strong> Surface preparation, coatings, finishes, estimating, safety</p><p><strong>Recommended course structure:</strong> Qualification / competency / workshop module courses</p><p><a href=""https://en.wikipedia.org/wiki/Special:Search?search=Painting%20and%20Decorating"" target=""_blank"" rel=""noopener noreferrer"">Wikipedia reference: Painting and Decorating</a></p>"
Skilled Trades and Vocational Education,Skilled Trades and Vocational Education,Appliance and Electronics Repair,CAT-TVE-APP,"<p><strong>Appliance and Electronics Repair</strong></p><p>Appliance and Electronics Repair learning and development for Skilled Trades and Vocational Education contexts.</p><p><strong>Typical subjects or topics:</strong> Consumer appliances, electronics, diagnostics, repair, customer service</p><p><strong>Recommended course structure:</strong> Qualification / competency / workshop module courses</p><p><a href=""https://en.wikipedia.org/wiki/Special:Search?search=Appliance%20and%20Electronics%20Repair"" target=""_blank"" rel=""noopener noreferrer"">Wikipedia reference: Appliance and Electronics Repair</a></p>"
Skilled Trades and Vocational Education,Skilled Trades and Vocational Education,Garment Construction and Tailoring,CAT-TVE-GAR,"<p><strong>Garment Construction and Tailoring</strong></p><p>Garment Construction and Tailoring learning and development for Skilled Trades and Vocational Education contexts.</p><p><strong>Typical subjects or topics:</strong> Pattern making, cutting, sewing, fitting, production</p><p><strong>Recommended course structure:</strong> Qualification / competency / workshop module courses</p><p><a href=""https://en.wikipedia.org/wiki/Special:Search?search=Garment%20Construction%20and%20Tailoring"" target=""_blank"" rel=""noopener noreferrer"">Wikipedia reference: Garment Construction and Tailoring</a></p>"
Skilled Trades and Vocational Education,Skilled Trades and Vocational Education,Textiles and Handicrafts,CAT-TVE-TEX,"<p><strong>Textiles and Handicrafts</strong></p><p>Textiles and Handicrafts learning and development for Skilled Trades and Vocational Education contexts.</p><p><strong>Typical subjects or topics:</strong> Weaving, printing, dyeing, crafts, product finishing</p><p><strong>Recommended course structure:</strong> Qualification / competency / workshop module courses</p><p><a href=""https://en.wikipedia.org/wiki/Special:Search?search=Textiles%20and%20Handicrafts"" target=""_blank"" rel=""noopener noreferrer"">Wikipedia reference: Textiles and Handicrafts</a></p>"
Skilled Trades and Vocational Education,Skilled Trades and Vocational Education,"Beauty, Hair and Wellness Trades",CAT-TVE-BEA,"<p><strong>Beauty, Hair and Wellness Trades</strong></p><p>Beauty, Hair and Wellness Trades learning and development for Skilled Trades and Vocational Education contexts.</p><p><strong>Typical subjects or topics:</strong> Hairdressing, beauty therapy, nail care, hygiene, client service</p><p><strong>Recommended course structure:</strong> Qualification / competency / workshop module courses</p><p><a href=""https://en.wikipedia.org/wiki/Special:Search?search=Beauty%2C%20Hair%20and%20Wellness%20Trades"" target=""_blank"" rel=""noopener noreferrer"">Wikipedia reference: Beauty, Hair and Wellness Trades</a></p>"
Skilled Trades and Vocational Education,Skilled Trades and Vocational Education,Culinary and Food Production Trades,CAT-TVE-CUL,"<p><strong>Culinary and Food Production Trades</strong></p><p>Culinary and Food Production Trades learning and development for Skilled Trades and Vocational Education contexts.</p><p><strong>Typical subjects or topics:</strong> Cookery, bakery, kitchen operations, hygiene, cost control</p><p><strong>Recommended course structure:</strong> Qualification / competency / workshop module courses</p><p><a href=""https://en.wikipedia.org/wiki/Special:Search?search=Culinary%20and%20Food%20Production%20Trades"" target=""_blank"" rel=""noopener noreferrer"">Wikipedia reference: Culinary and Food Production Trades</a></p>"
Skilled Trades and Vocational Education,Skilled Trades and Vocational Education,Agricultural Trades,CAT-TVE-AGR,"<p><strong>Agricultural Trades</strong></p><p>Agricultural Trades learning and development for Skilled Trades and Vocational Education contexts.</p><p><strong>Typical subjects or topics:</strong> Farm operations, equipment, irrigation, livestock, post-harvest</p><p><strong>Recommended course structure:</strong> Qualification / competency / workshop module courses</p><p><a href=""https://en.wikipedia.org/wiki/Special:Search?search=Agricultural%20Trades"" target=""_blank"" rel=""noopener noreferrer"">Wikipedia reference: Agricultural Trades</a></p>"
Skilled Trades and Vocational Education,Skilled Trades and Vocational Education,Mining and Mineral Trades,CAT-TVE-MIN,"<p><strong>Mining and Mineral Trades</strong></p><p>Mining and Mineral Trades learning and development for Skilled Trades and Vocational Education contexts.</p><p><strong>Typical subjects or topics:</strong> Mine operations, mineral processing, equipment, safety</p><p><strong>Recommended course structure:</strong> Qualification / competency / workshop module courses</p><p><a href=""https://en.wikipedia.org/wiki/Special:Search?search=Mining%20and%20Mineral%20Trades"" target=""_blank"" rel=""noopener noreferrer"">Wikipedia reference: Mining and Mineral Trades</a></p>"
Skilled Trades and Vocational Education,Skilled Trades and Vocational Education,Marine Trades,CAT-TVE-MAR,"<p><strong>Marine Trades</strong></p><p>Marine Trades learning and development for Skilled Trades and Vocational Education contexts.</p><p><strong>Typical subjects or topics:</strong> Boatbuilding, marine mechanics, electrical systems, maintenance</p><p><strong>Recommended course structure:</strong> Qualification / competency / workshop module courses</p><p><a href=""https://en.wikipedia.org/wiki/Special:Search?search=Marine%20Trades"" target=""_blank"" rel=""noopener noreferrer"">Wikipedia reference: Marine Trades</a></p>"
Skilled Trades and Vocational Education,Skilled Trades and Vocational Education,Solar and Renewable Energy Technician,CAT-TVE-SOL,"<p><strong>Solar and Renewable Energy Technician</strong></p><p>Solar and Renewable Energy Technician learning and development for Skilled Trades and Vocational Education contexts.</p><p><strong>Typical subjects or topics:</strong> PV installation, electrical systems, commissioning, maintenance</p><p><strong>Recommended course structure:</strong> Qualification / competency / workshop module courses</p><p><a href=""https://en.wikipedia.org/wiki/Special:Search?search=Solar%20and%20Renewable%20Energy%20Technician"" target=""_blank"" rel=""noopener noreferrer"">Wikipedia reference: Solar and Renewable Energy Technician</a></p>"
Skilled Trades and Vocational Education,Skilled Trades and Vocational Education,Apprenticeship Programs,CAT-TVE-APR,"<p><strong>Apprenticeship Programs</strong></p><p>Apprenticeship Programs specialization covering applied knowledge, procedures, tools, and role-relevant practice.</p><p><strong>Typical subjects or topics:</strong> Structured workplace and off-the-job training</p><p><strong>Recommended course structure:</strong> Program / competency / assessment modules</p><p><a href=""https://en.wikipedia.org/wiki/Special:Search?search=Apprenticeship%20Programs"" target=""_blank"" rel=""noopener noreferrer"">Wikipedia reference: Apprenticeship Programs</a></p>"
Skilled Trades and Vocational Education,Skilled Trades and Vocational Education,Recognition of Prior Learning,CAT-TVE-RPL,"<p><strong>Recognition of Prior Learning</strong></p><p>Recognition of Prior Learning specialization covering applied knowledge, procedures, tools, and role-relevant practice.</p><p><strong>Typical subjects or topics:</strong> Evidence, assessment, gap training, certification</p><p><strong>Recommended course structure:</strong> Program / competency / assessment modules</p><p><a href=""https://en.wikipedia.org/wiki/Special:Search?search=Recognition%20of%20Prior%20Learning"" target=""_blank"" rel=""noopener noreferrer"">Wikipedia reference: Recognition of Prior Learning</a></p>"
Skilled Trades and Vocational Education,Skilled Trades and Vocational Education,Trade Foundation Skills,CAT-TVE-FND,"<p><strong>Trade Foundation Skills</strong></p><p>Trade Foundation Skills specialization covering applied knowledge, procedures, tools, and role-relevant practice.</p><p><strong>Typical subjects or topics:</strong> Technical mathematics, drawings, tools, safety, employability</p><p><strong>Recommended course structure:</strong> Program / competency / assessment modules</p><p><a href=""https://en.wikipedia.org/wiki/Special:Search?search=Trade%20Foundation%20Skills"" target=""_blank"" rel=""noopener noreferrer"">Wikipedia reference: Trade Foundation Skills</a></p>"
Corporate Mandatory and Workplace Training,Organization,Corporate Mandatory and Workplace Training,CAT-CMW,"<p><strong>Corporate Mandatory and Workplace Training</strong></p><p>Cross-sector induction, statutory, compliance, safety and organization-wide capability training.</p><p><strong>Typical subjects or topics:</strong> Induction, conduct, safety, information security, privacy, quality, risk and compliance</p><p><strong>Recommended course structure:</strong> Policy / role / annual refresher / assessment courses</p><p><a href=""https://en.wikipedia.org/wiki/Special:Search?search=Corporate%20Mandatory%20and%20Workplace%20Training"" target=""_blank"" rel=""noopener noreferrer"">Wikipedia reference: Corporate Mandatory and Workplace Training</a></p>"
Corporate Mandatory and Workplace Training,Corporate Mandatory and Workplace Training,Induction and Onboarding,CAT-CMW-IND,"<p><strong>Induction and Onboarding</strong></p><p>Induction and Onboarding learning and development for Corporate Mandatory and Workplace Training contexts.</p><p><strong>Typical subjects or topics:</strong> Organization orientation, policies, systems, role readiness, culture</p><p><strong>Recommended course structure:</strong> Policy / role / refresher / assessment courses</p><p><a href=""https://en.wikipedia.org/wiki/Special:Search?search=Induction%20and%20Onboarding"" target=""_blank"" rel=""noopener noreferrer"">Wikipedia reference: Induction and Onboarding</a></p>"
Corporate Mandatory and Workplace Training,Corporate Mandatory and Workplace Training,Code of Conduct and Ethics,CAT-CMW-COC,"<p><strong>Code of Conduct and Ethics</strong></p><p>Code of Conduct and Ethics learning and development for Corporate Mandatory and Workplace Training contexts.</p><p><strong>Typical subjects or topics:</strong> Expected conduct, conflicts, gifts, reporting, accountability</p><p><strong>Recommended course structure:</strong> Policy / role / refresher / assessment courses</p><p><a href=""https://en.wikipedia.org/wiki/Special:Search?search=Code%20of%20Conduct%20and%20Ethics"" target=""_blank"" rel=""noopener noreferrer"">Wikipedia reference: Code of Conduct and Ethics</a></p>"
Corporate Mandatory and Workplace Training,Corporate Mandatory and Workplace Training,Anti-Harassment and Respectful Workplace,CAT-CMW-POSH,"<p><strong>Anti-Harassment and Respectful Workplace</strong></p><p>Anti-Harassment and Respectful Workplace learning and development for Corporate Mandatory and Workplace Training contexts.</p><p><strong>Typical subjects or topics:</strong> Harassment prevention, dignity, reporting, bystander action</p><p><strong>Recommended course structure:</strong> Policy / role / refresher / assessment courses</p><p><a href=""https://en.wikipedia.org/wiki/Special:Search?search=Anti-Harassment%20and%20Respectful%20Workplace"" target=""_blank"" rel=""noopener noreferrer"">Wikipedia reference: Anti-Harassment and Respectful Workplace</a></p>"
Corporate Mandatory and Workplace Training,Corporate Mandatory and Workplace Training,"Diversity, Equity, Inclusion and Belonging",CAT-CMW-DEI,"<p><strong>Diversity, Equity, Inclusion and Belonging</strong></p><p>Diversity, Equity, Inclusion and Belonging learning and development for Corporate Mandatory and Workplace Training contexts.</p><p><strong>Typical subjects or topics:</strong> Bias, inclusion, accessibility, allyship, equitable practice</p><p><strong>Recommended course structure:</strong> Policy / role / refresher / assessment courses</p><p><a href=""https://en.wikipedia.org/wiki/Special:Search?search=Diversity%2C%20Equity%2C%20Inclusion%20and%20Belonging"" target=""_blank"" rel=""noopener noreferrer"">Wikipedia reference: Diversity, Equity, Inclusion and Belonging</a></p>"
Corporate Mandatory and Workplace Training,Corporate Mandatory and Workplace Training,Occupational Health and Safety,CAT-CMW-HSE,"<p><strong>Occupational Health and Safety</strong></p><p>Occupational Health and Safety learning and development for Corporate Mandatory and Workplace Training contexts.</p><p><strong>Typical subjects or topics:</strong> Hazard identification, risk control, incident reporting, worker duties</p><p><strong>Recommended course structure:</strong> Policy / role / refresher / assessment courses</p><p><a href=""https://en.wikipedia.org/wiki/Special:Search?search=Occupational%20Health%20and%20Safety"" target=""_blank"" rel=""noopener noreferrer"">Wikipedia reference: Occupational Health and Safety</a></p>"
Corporate Mandatory and Workplace Training,Corporate Mandatory and Workplace Training,Fire Safety and Evacuation,CAT-CMW-FIRE,"<p><strong>Fire Safety and Evacuation</strong></p><p>Fire Safety and Evacuation learning and development for Corporate Mandatory and Workplace Training contexts.</p><p><strong>Typical subjects or topics:</strong> Fire prevention, alarms, extinguishers, evacuation, wardens</p><p><strong>Recommended course structure:</strong> Policy / role / refresher / assessment courses</p><p><a href=""https://en.wikipedia.org/wiki/Special:Search?search=Fire%20Safety%20and%20Evacuation"" target=""_blank"" rel=""noopener noreferrer"">Wikipedia reference: Fire Safety and Evacuation</a></p>"
Corporate Mandatory and Workplace Training,Corporate Mandatory and Workplace Training,First Aid and Basic Life Support,CAT-CMW-FA,"<p><strong>First Aid and Basic Life Support</strong></p><p>First Aid and Basic Life Support learning and development for Corporate Mandatory and Workplace Training contexts.</p><p><strong>Typical subjects or topics:</strong> Emergency assessment, CPR, AED, common injuries and illness</p><p><strong>Recommended course structure:</strong> Policy / role / refresher / assessment courses</p><p><a href=""https://en.wikipedia.org/wiki/Special:Search?search=First%20Aid%20and%20Basic%20Life%20Support"" target=""_blank"" rel=""noopener noreferrer"">Wikipedia reference: First Aid and Basic Life Support</a></p>"
Corporate Mandatory and Workplace Training,Corporate Mandatory and Workplace Training,Ergonomics and Manual Handling,CAT-CMW-ERG,"<p><strong>Ergonomics and Manual Handling</strong></p><p>Ergonomics and Manual Handling learning and development for Corporate Mandatory and Workplace Training contexts.</p><p><strong>Typical subjects or topics:</strong> Workstation setup, lifting, movement, musculoskeletal prevention</p><p><strong>Recommended course structure:</strong> Policy / role / refresher / assessment courses</p><p><a href=""https://en.wikipedia.org/wiki/Special:Search?search=Ergonomics%20and%20Manual%20Handling"" target=""_blank"" rel=""noopener noreferrer"">Wikipedia reference: Ergonomics and Manual Handling</a></p>"
Corporate Mandatory and Workplace Training,Corporate Mandatory and Workplace Training,Information Security Awareness,CAT-CMW-IS,"<p><strong>Information Security Awareness</strong></p><p>Information Security Awareness learning and development for Corporate Mandatory and Workplace Training contexts.</p><p><strong>Typical subjects or topics:</strong> Phishing, passwords, devices, data handling, incident reporting</p><p><strong>Recommended course structure:</strong> Policy / role / refresher / assessment courses</p><p><a href=""https://en.wikipedia.org/wiki/Special:Search?search=Information%20Security%20Awareness"" target=""_blank"" rel=""noopener noreferrer"">Wikipedia reference: Information Security Awareness</a></p>"
Corporate Mandatory and Workplace Training,Corporate Mandatory and Workplace Training,Privacy and Data Protection Awareness,CAT-CMW-PRIV,"<p><strong>Privacy and Data Protection Awareness</strong></p><p>Privacy and Data Protection Awareness learning and development for Corporate Mandatory and Workplace Training contexts.</p><p><strong>Typical subjects or topics:</strong> Personal data, lawful handling, rights, breaches, retention</p><p><strong>Recommended course structure:</strong> Policy / role / refresher / assessment courses</p><p><a href=""https://en.wikipedia.org/wiki/Special:Search?search=Privacy%20and%20Data%20Protection%20Awareness"" target=""_blank"" rel=""noopener noreferrer"">Wikipedia reference: Privacy and Data Protection Awareness</a></p>"
Corporate Mandatory and Workplace Training,Corporate Mandatory and Workplace Training,Business Continuity and Emergency Preparedness,CAT-CMW-BCP,"<p><strong>Business Continuity and Emergency Preparedness</strong></p><p>Business Continuity and Emergency Preparedness learning and development for Corporate Mandatory and Workplace Training contexts.</p><p><strong>Typical subjects or topics:</strong> Continuity roles, response, recovery, communications, exercises</p><p><strong>Recommended course structure:</strong> Policy / role / refresher / assessment courses</p><p><a href=""https://en.wikipedia.org/wiki/Special:Search?search=Business%20Continuity%20and%20Emergency%20Preparedness"" target=""_blank"" rel=""noopener noreferrer"">Wikipedia reference: Business Continuity and Emergency Preparedness</a></p>"
Corporate Mandatory and Workplace Training,Corporate Mandatory and Workplace Training,Anti-Bribery and Anti-Corruption,CAT-CMW-ABAC,"<p><strong>Anti-Bribery and Anti-Corruption</strong></p><p>Anti-Bribery and Anti-Corruption learning and development for Corporate Mandatory and Workplace Training contexts.</p><p><strong>Typical subjects or topics:</strong> Bribery risks, third parties, gifts, facilitation payments, reporting</p><p><strong>Recommended course structure:</strong> Policy / role / refresher / assessment courses</p><p><a href=""https://en.wikipedia.org/wiki/Special:Search?search=Anti-Bribery%20and%20Anti-Corruption"" target=""_blank"" rel=""noopener noreferrer"">Wikipedia reference: Anti-Bribery and Anti-Corruption</a></p>"
Corporate Mandatory and Workplace Training,Corporate Mandatory and Workplace Training,AML and Financial Crime Awareness,CAT-CMW-AML,"<p><strong>AML and Financial Crime Awareness</strong></p><p>AML and Financial Crime Awareness learning and development for Corporate Mandatory and Workplace Training contexts.</p><p><strong>Typical subjects or topics:</strong> Red flags, due diligence, sanctions, escalation</p><p><strong>Recommended course structure:</strong> Policy / role / refresher / assessment courses</p><p><a href=""https://en.wikipedia.org/wiki/Special:Search?search=AML%20and%20Financial%20Crime%20Awareness"" target=""_blank"" rel=""noopener noreferrer"">Wikipedia reference: AML and Financial Crime Awareness</a></p>"
Corporate Mandatory and Workplace Training,Corporate Mandatory and Workplace Training,Workplace Violence and Personal Security,CAT-CMW-WHS,"<p><strong>Workplace Violence and Personal Security</strong></p><p>Workplace Violence and Personal Security learning and development for Corporate Mandatory and Workplace Training contexts.</p><p><strong>Typical subjects or topics:</strong> Prevention, de-escalation, travel and lone-worker security</p><p><strong>Recommended course structure:</strong> Policy / role / refresher / assessment courses</p><p><a href=""https://en.wikipedia.org/wiki/Special:Search?search=Workplace%20Violence%20and%20Personal%20Security"" target=""_blank"" rel=""noopener noreferrer"">Wikipedia reference: Workplace Violence and Personal Security</a></p>"
Corporate Mandatory and Workplace Training,Corporate Mandatory and Workplace Training,Environmental Awareness,CAT-CMW-ENV,"<p><strong>Environmental Awareness</strong></p><p>Environmental Awareness learning and development for Corporate Mandatory and Workplace Training contexts.</p><p><strong>Typical subjects or topics:</strong> Waste, energy, emissions, spills, sustainable workplace practice</p><p><strong>Recommended course structure:</strong> Policy / role / refresher / assessment courses</p><p><a href=""https://en.wikipedia.org/wiki/Special:Search?search=Environmental%20Awareness"" target=""_blank"" rel=""noopener noreferrer"">Wikipedia reference: Environmental Awareness</a></p>"
Corporate Mandatory and Workplace Training,Corporate Mandatory and Workplace Training,Quality Management Awareness,CAT-CMW-QUAL,"<p><strong>Quality Management Awareness</strong></p><p>Quality Management Awareness learning and development for Corporate Mandatory and Workplace Training contexts.</p><p><strong>Typical subjects or topics:</strong> Customer requirements, process control, nonconformance, improvement</p><p><strong>Recommended course structure:</strong> Policy / role / refresher / assessment courses</p><p><a href=""https://en.wikipedia.org/wiki/Special:Search?search=Quality%20Management%20Awareness"" target=""_blank"" rel=""noopener noreferrer"">Wikipedia reference: Quality Management Awareness</a></p>"
Corporate Mandatory and Workplace Training,Corporate Mandatory and Workplace Training,Risk and Internal Controls,CAT-CMW-RISK,"<p><strong>Risk and Internal Controls</strong></p><p>Risk and Internal Controls learning and development for Corporate Mandatory and Workplace Training contexts.</p><p><strong>Typical subjects or topics:</strong> Risk identification, controls, ownership, assurance, escalation</p><p><strong>Recommended course structure:</strong> Policy / role / refresher / assessment courses</p><p><a href=""https://en.wikipedia.org/wiki/Special:Search?search=Risk%20and%20Internal%20Controls"" target=""_blank"" rel=""noopener noreferrer"">Wikipedia reference: Risk and Internal Controls</a></p>"
Corporate Mandatory and Workplace Training,Corporate Mandatory and Workplace Training,Records and Information Management,CAT-CMW-REC,"<p><strong>Records and Information Management</strong></p><p>Records and Information Management learning and development for Corporate Mandatory and Workplace Training contexts.</p><p><strong>Typical subjects or topics:</strong> Classification, retention, disposal, legal holds, secure storage</p><p><strong>Recommended course structure:</strong> Policy / role / refresher / assessment courses</p><p><a href=""https://en.wikipedia.org/wiki/Special:Search?search=Records%20and%20Information%20Management"" target=""_blank"" rel=""noopener noreferrer"">Wikipedia reference: Records and Information Management</a></p>"
Corporate Mandatory and Workplace Training,Corporate Mandatory and Workplace Training,Responsible AI Use,CAT-CMW-AI,"<p><strong>Responsible AI Use</strong></p><p>Responsible AI Use learning and development for Corporate Mandatory and Workplace Training contexts.</p><p><strong>Typical subjects or topics:</strong> Permitted use, privacy, bias, human oversight, verification, governance</p><p><strong>Recommended course structure:</strong> Policy / role / refresher / assessment courses</p><p><a href=""https://en.wikipedia.org/wiki/Special:Search?search=Responsible%20AI%20Use"" target=""_blank"" rel=""noopener noreferrer"">Wikipedia reference: Responsible AI Use</a></p>"
Corporate Mandatory and Workplace Training,Corporate Mandatory and Workplace Training,Manager Essentials,CAT-CMW-MGR,"<p><strong>Manager Essentials</strong></p><p>Manager Essentials learning and development for Corporate Mandatory and Workplace Training contexts.</p><p><strong>Typical subjects or topics:</strong> People processes, performance, wellbeing, conduct, escalation duties</p><p><strong>Recommended course structure:</strong> Policy / role / refresher / assessment courses</p><p><a href=""https://en.wikipedia.org/wiki/Special:Search?search=Manager%20Essentials"" target=""_blank"" rel=""noopener noreferrer"">Wikipedia reference: Manager Essentials</a></p>"
