"Record Type","Setup Sequence","Organization Type","Organization Shortname","Organization Sort Order","Organization Enabled","User Types (name|shortname|sort)","Profile Forms (name|shortname|user type)","Category","Category Shortname","Category Sort Order","Category Collapsed","Field","Existing / New","Field Shortname","Field Description","Field Type","Core Field Mapping","Field Library Required","Form Required Override","Readonly Override","Visible Override","Uniqueness Scope","Visible","Read Only","Sensitive","Field Enabled","Default Value","Options JSON","Validation JSON","Field Sort Order","Applies To User Types","Applies To Profile Forms","Configuration Screen","Display / Mapping Rules","Ownership / Security Notes","Company Mapping Example","Source Reference"
"Organization Setup","1 Organization Type → 2 User Types → 4 Profile Forms → 7 Company Mapping","School","school","10","Yes","Student|student|10; Teacher|teacher|20; Parent|parent|30; Principal|principal|40","School Student Profile|school_student_profile|Student; School Teacher Profile|school_teacher_profile|Teacher; School Parent Profile|school_parent_profile|Parent; School Principal Profile|school_principal_profile|Principal","","","","","","","","","","","","","","","","","","","","","","","","","","Organization Types, User Types, Profile Forms, Company Mapping","Create the organization type once; add its user types; create one enabled form per user type; map each actual IOMAD company; assign exact company members to a user type.","User Type is profile classification only. Company and membership remain IOMAD-owned. Leave default form empty when multiple user types exist; resolver selects the user-type form.","ABC International School → school; default form: None; resolve by assigned user type","Requested organization structure"
"Organization Setup","1 Organization Type → 2 User Types → 4 Profile Forms → 7 Company Mapping","University","university","20","Yes","Student|student|10; Faculty|faculty|20; Researcher|researcher|30; Staff|staff|40; Alumni|alumni|50","University Student Profile|university_student_profile|Student; University Faculty Profile|university_faculty_profile|Faculty; University Researcher Profile|university_researcher_profile|Researcher; University Staff Profile|university_staff_profile|Staff; University Alumni Profile|university_alumni_profile|Alumni","","","","","","","","","","","","","","","","","","","","","","","","","","Organization Types, User Types, Profile Forms, Company Mapping","Create the organization type once; add its user types; create one enabled form per user type; map each actual IOMAD company; assign exact company members to a user type.","User Type is profile classification only. Company and membership remain IOMAD-owned. Leave default form empty when multiple user types exist; resolver selects the user-type form.","Nova State University → university; default form: None; resolve by assigned user type","Requested organization structure"
"Organization Setup","1 Organization Type → 2 User Types → 4 Profile Forms → 7 Company Mapping","Training Institute","training_institute","30","Yes","Learner|learner|10; Trainer|trainer|20; Coordinator|coordinator|30; Assessor|assessor|40","Training Institute Learner Profile|training_institute_learner_profile|Learner; Training Institute Trainer Profile|training_institute_trainer_profile|Trainer; Training Institute Coordinator Profile|training_institute_coordinator_profile|Coordinator; Training Institute Assessor Profile|training_institute_assessor_profile|Assessor","","","","","","","","","","","","","","","","","","","","","","","","","","Organization Types, User Types, Profile Forms, Company Mapping","Create the organization type once; add its user types; create one enabled form per user type; map each actual IOMAD company; assign exact company members to a user type.","User Type is profile classification only. Company and membership remain IOMAD-owned. Leave default form empty when multiple user types exist; resolver selects the user-type form.","SkillBridge Academy → training_institute; default form: None","Requested organization structure"
"Organization Setup","1 Organization Type → 2 User Types → 4 Profile Forms → 7 Company Mapping","Consulting Firm","consulting_firm","40","Yes","Consultant|consultant|10; Project Manager|project_manager|20; Partner|partner|30; Operations Staff|operations_staff|40","Consulting Firm Consultant Profile|consulting_firm_consultant_profile|Consultant; Consulting Firm Project Manager Profile|consulting_firm_project_manager_profile|Project Manager; Consulting Firm Partner Profile|consulting_firm_partner_profile|Partner; Consulting Firm Operations Staff Profile|consulting_firm_operations_staff_profile|Operations Staff","","","","","","","","","","","","","","","","","","","","","","","","","","Organization Types, User Types, Profile Forms, Company Mapping","Create the organization type once; add its user types; create one enabled form per user type; map each actual IOMAD company; assign exact company members to a user type.","User Type is profile classification only. Company and membership remain IOMAD-owned. Leave default form empty when multiple user types exist; resolver selects the user-type form.","Insight Advisory LLP → consulting_firm; default form: None","Requested organization structure"
"Organization Setup","1 Organization Type → 2 User Types → 4 Profile Forms → 7 Company Mapping","Corporate Organization","corporate","50","Yes","Employee|employee|10; Instructor|instructor|20; Manager|manager|30; Contractor|contractor|40","Corporate Organization Employee Profile|corporate_employee_profile|Employee; Corporate Organization Instructor Profile|corporate_instructor_profile|Instructor; Corporate Organization Manager Profile|corporate_manager_profile|Manager; Corporate Organization Contractor Profile|corporate_contractor_profile|Contractor","","","","","","","","","","","","","","","","","","","","","","","","","","Organization Types, User Types, Profile Forms, Company Mapping","Create the organization type once; add its user types; create one enabled form per user type; map each actual IOMAD company; assign exact company members to a user type.","User Type is profile classification only. Company and membership remain IOMAD-owned. Leave default form empty when multiple user types exist; resolver selects the user-type form.","NovaTech Industries → corporate; default form: None","Requested organization structure"
"Organization Setup","1 Organization Type → 2 User Types → 4 Profile Forms → 7 Company Mapping","Hospital / Healthcare","healthcare","60","Yes","Clinical Staff|clinical_staff|10; Nursing Staff|nursing_staff|20; Allied Health Professional|allied_health|30; Administrative Staff|administrative_staff|40; Trainee|trainee|50","Hospital Healthcare Clinical Staff Profile|healthcare_clinical_staff_profile|Clinical Staff; Hospital Healthcare Nursing Staff Profile|healthcare_nursing_staff_profile|Nursing Staff; Hospital Healthcare Allied Health Professional Profile|healthcare_allied_health_profile|Allied Health Professional; Hospital Healthcare Administrative Staff Profile|healthcare_administrative_staff_profile|Administrative Staff; Hospital Healthcare Trainee Profile|healthcare_trainee_profile|Trainee","","","","","","","","","","","","","","","","","","","","","","","","","","Organization Types, User Types, Profile Forms, Company Mapping","Create the organization type once; add its user types; create one enabled form per user type; map each actual IOMAD company; assign exact company members to a user type.","User Type is profile classification only. Company and membership remain IOMAD-owned. Leave default form empty when multiple user types exist; resolver selects the user-type form.","CityCare Hospital → healthcare; default form: None","Requested organization structure"
"Organization Setup","1 Organization Type → 2 User Types → 4 Profile Forms → 7 Company Mapping","Government Organization","government","70","Yes","Officer|officer|10; Employee|employee|20; Contract Staff|contract_staff|30; Trainer|trainer|40","Government Organization Officer Profile|government_officer_profile|Officer; Government Organization Employee Profile|government_employee_profile|Employee; Government Organization Contract Staff Profile|government_contract_staff_profile|Contract Staff; Government Organization Trainer Profile|government_trainer_profile|Trainer","","","","","","","","","","","","","","","","","","","","","","","","","","Organization Types, User Types, Profile Forms, Company Mapping","Create the organization type once; add its user types; create one enabled form per user type; map each actual IOMAD company; assign exact company members to a user type.","User Type is profile classification only. Company and membership remain IOMAD-owned. Leave default form empty when multiple user types exist; resolver selects the user-type form.","State Training Directorate → government; default form: None","Requested organization structure"
"Organization Setup","1 Organization Type → 2 User Types → 4 Profile Forms → 7 Company Mapping","NGO / Foundation","ngo_foundation","80","Yes","Staff|staff|10; Volunteer|volunteer|20; Field Worker|field_worker|30; Program Manager|program_manager|40; Partner|partner|50","NGO Foundation Staff Profile|ngo_foundation_staff_profile|Staff; NGO Foundation Volunteer Profile|ngo_foundation_volunteer_profile|Volunteer; NGO Foundation Field Worker Profile|ngo_foundation_field_worker_profile|Field Worker; NGO Foundation Program Manager Profile|ngo_foundation_program_manager_profile|Program Manager; NGO Foundation Partner Profile|ngo_foundation_partner_profile|Partner","","","","","","","","","","","","","","","","","","","","","","","","","","Organization Types, User Types, Profile Forms, Company Mapping","Create the organization type once; add its user types; create one enabled form per user type; map each actual IOMAD company; assign exact company members to a user type.","User Type is profile classification only. Company and membership remain IOMAD-owned. Leave default form empty when multiple user types exist; resolver selects the user-type form.","Community Impact Foundation → ngo_foundation; default form: None","Requested organization structure"
"Organization Setup","1 Organization Type → 2 User Types → 4 Profile Forms → 7 Company Mapping","College","college","90","Yes","Student|student|10; Faculty|faculty|20; Non-Teaching Staff|non_teaching_staff|30; Principal|principal|40; Alumni|alumni|50","College Student Profile|college_student_profile|Student; College Faculty Profile|college_faculty_profile|Faculty; College Non-Teaching Staff Profile|college_non_teaching_staff_profile|Non-Teaching Staff; College Principal Profile|college_principal_profile|Principal; College Alumni Profile|college_alumni_profile|Alumni","","","","","","","","","","","","","","","","","","","","","","","","","","Organization Types, User Types, Profile Forms, Company Mapping","Create the organization type once; add its user types; create one enabled form per user type; map each actual IOMAD company; assign exact company members to a user type.","User Type is profile classification only. Company and membership remain IOMAD-owned. Leave default form empty when multiple user types exist; resolver selects the user-type form.","Central Arts College → college; default form: None","Requested organization structure"
"Organization Setup","1 Organization Type → 2 User Types → 4 Profile Forms → 7 Company Mapping","Vocational Institute","vocational_institute","100","Yes","Trainee|trainee|10; Instructor|instructor|20; Assessor|assessor|30; Placement Officer|placement_officer|40; Administrator|administrator|50","Vocational Institute Trainee Profile|vocational_institute_trainee_profile|Trainee; Vocational Institute Instructor Profile|vocational_institute_instructor_profile|Instructor; Vocational Institute Assessor Profile|vocational_institute_assessor_profile|Assessor; Vocational Institute Placement Officer Profile|vocational_institute_placement_officer_profile|Placement Officer; Vocational Institute Administrator Profile|vocational_institute_administrator_profile|Administrator","","","","","","","","","","","","","","","","","","","","","","","","","","Organization Types, User Types, Profile Forms, Company Mapping","Create the organization type once; add its user types; create one enabled form per user type; map each actual IOMAD company; assign exact company members to a user type.","User Type is profile classification only. Company and membership remain IOMAD-owned. Leave default form empty when multiple user types exist; resolver selects the user-type form.","FutureSkills Vocational Centre → vocational_institute; default form: None","Requested organization structure"
"Ownership Rule","0 Prerequisite","","","","","","","","","","","Company","Existing (IOMAD Company)","","","","","","","","","","","","","","","","","","","","IOMAD Company","Do not add to Field Library.","IOMAD Company: Configure in IOMAD; never create as a profile field.","","Corrected from attached School CSV / plugin ownership rules"
"Ownership Rule","0 Prerequisite","","","","","","","","","","","Department","Existing (IOMAD Department)","","","","","","","","","","","","","","","","","","","","IOMAD Department","Do not add to Field Library.","IOMAD Department: Configure in IOMAD; keep separate from Moodle course categories.","","Corrected from attached School CSV / plugin ownership rules"
"Ownership Rule","0 Prerequisite","","","","","","","","","","","Learning population","Existing (Moodle Cohort)","","","","","","","","","","","","","","","","","","","","Moodle Cohort","Do not add to Field Library.","Moodle Cohort: Use Cohort for grade, intake, or reusable learning population where appropriate.","","Corrected from attached School CSV / plugin ownership rules"
"Ownership Rule","0 Prerequisite","","","","","","","","","","","Course","Existing (Moodle Course)","","","","","","","","","","","","","","","","","","","","Moodle Course","Do not add to Field Library.","Moodle Course: Do not recreate Subject or Course as a dynamic profile field.","","Corrected from attached School CSV / plugin ownership rules"
"Ownership Rule","0 Prerequisite","","","","","","","","","","","Course-local population","Existing (Moodle Group)","","","","","","","","","","","","","","","","","","","","Moodle Group","Do not add to Field Library.","Moodle Group: Do not recreate course groups or sections as dynamic profile fields.","","Corrected from attached School CSV / plugin ownership rules"
"Ownership Rule","0 Prerequisite","","","","","","","","","","","Authorization","Existing (Moodle Roles and Capabilities)","","","","","","","","","","","","","","","","","","","","Moodle Roles and Capabilities","Do not add to Field Library.","Moodle Roles and Capabilities: Never grant permissions based on business User Type or a profile field value.","","Corrected from attached School CSV / plugin ownership rules"
"Ownership Rule","0 Prerequisite","","","","","","","","","","","Username","Existing (Moodle core user account)","","","","","","","","","","","","","","","","","","","","Moodle core user account","Do not add to Field Library.","Moodle core user account: Not one of local_orgprofile's selected core-field placements; manage through Moodle user APIs.","","Corrected from attached School CSV / plugin ownership rules"
"Ownership Rule","0 Prerequisite","","","","","","","","","","","Profile Photo","Existing (Moodle core user account)","","","","","","","","","","","","","","","","","","","","Moodle core user account","Do not add to Field Library.","Moodle core user account: Image/file field is outside V1; retain Moodle profile picture ownership.","","Corrected from attached School CSV / plugin ownership rules"
"Field Definition + Placement Map","3 Field Library → 5 Categories → 6 Form Fields","All 10 organization types: School; University; Training Institute; Consulting Firm; Corporate Organization; Hospital / Healthcare; Government Organization; NGO / Foundation; College; Vocational Institute","shared_field_library","","Yes","All user types","All 45 profile forms; see Organization Setup records for exact names","Basic Information","basic_information","10","No","First Name","Existing (Moodle core)","core_firstname","First Name","text","firstname","No","Yes","Inherit","Inherit","none","Yes","No","No","Yes","","","{""required"":true,""maxlength"":100}","10","All user types","All 45 profile forms; see Organization Setup records for exact names","Field Library; Form Categories; Form Fields","Create once in Field Library, then attach to the listed forms and category.","Moodle-global core value; not company-scoped. Update through Moodle user API. Sensitive=Yes requires local/orgprofile:viewsensitive and editsensitive.","Reuse the same Field Library record; saved custom values remain user + company scoped.","New organization-specific recommendation"
"Field Definition + Placement Map","3 Field Library → 5 Categories → 6 Form Fields","All 10 organization types: School; University; Training Institute; Consulting Firm; Corporate Organization; Hospital / Healthcare; Government Organization; NGO / Foundation; College; Vocational Institute","shared_field_library","","Yes","All user types","All 45 profile forms; see Organization Setup records for exact names","Basic Information","basic_information","10","No","Last Name","Existing (Moodle core)","core_lastname","Last Name","text","lastname","No","Yes","Inherit","Inherit","none","Yes","No","No","Yes","","","{""required"":true,""maxlength"":100}","20","All user types","All 45 profile forms; see Organization Setup records for exact names","Field Library; Form Categories; Form Fields","Create once in Field Library, then attach to the listed forms and category.","Moodle-global core value; not company-scoped. Update through Moodle user API. Sensitive=Yes requires local/orgprofile:viewsensitive and editsensitive.","Reuse the same Field Library record; saved custom values remain user + company scoped.","New organization-specific recommendation"
"Field Definition + Placement Map","3 Field Library → 5 Categories → 6 Form Fields","All 10 organization types: School; University; Training Institute; Consulting Firm; Corporate Organization; Hospital / Healthcare; Government Organization; NGO / Foundation; College; Vocational Institute","shared_field_library","","Yes","All user types","All 45 profile forms; see Organization Setup records for exact names","Contact","contact","20","No","Primary Email","Existing (Moodle core)","core_email","Primary Email","email","email","No","Yes","Inherit","Inherit","none","Yes","No","No","Yes","","","{""required"":true,""email"":true,""maxlength"":254}","10","All user types","All 45 profile forms; see Organization Setup records for exact names","Field Library; Form Categories; Form Fields","Create once in Field Library, then attach to the listed forms and category.","Moodle-global core value. Moodle duplicate-email and confirmation policy applies. Sensitive=Yes requires local/orgprofile:viewsensitive and editsensitive.","Reuse the same Field Library record; saved custom values remain user + company scoped.","New organization-specific recommendation"
"Field Definition + Placement Map","3 Field Library → 5 Categories → 6 Form Fields","All 10 organization types: School; University; Training Institute; Consulting Firm; Corporate Organization; Hospital / Healthcare; Government Organization; NGO / Foundation; College; Vocational Institute","shared_field_library","","Yes","All user types","All 45 profile forms; see Organization Setup records for exact names","Contact","contact","20","No","Primary Phone","Existing (Moodle core)","core_phone1","Primary Phone","phone","phone1","No","No","Inherit","Inherit","none","Yes","No","No","Yes","","","{""phone"":true,""minlength"":7,""maxlength"":20}","20","All user types","All 45 profile forms; see Organization Setup records for exact names","Field Library; Form Categories; Form Fields","Create once in Field Library, then attach to the listed forms and category.","Moodle-global core value; not company-scoped. Sensitive=Yes requires local/orgprofile:viewsensitive and editsensitive.","Reuse the same Field Library record; saved custom values remain user + company scoped.","New organization-specific recommendation"
"Field Definition + Placement Map","3 Field Library → 5 Categories → 6 Form Fields","All 10 organization types: School; University; Training Institute; Consulting Firm; Corporate Organization; Hospital / Healthcare; Government Organization; NGO / Foundation; College; Vocational Institute","shared_field_library","","Yes","All user types","All 45 profile forms; see Organization Setup records for exact names","Contact","contact","20","No","Secondary Phone","Existing (Moodle core)","core_phone2","Secondary Phone","phone","phone2","No","No","Inherit","Inherit","none","Yes","No","No","Yes","","","{""phone"":true,""minlength"":7,""maxlength"":20}","30","All user types","All 45 profile forms; see Organization Setup records for exact names","Field Library; Form Categories; Form Fields","Create once in Field Library, then attach to the listed forms and category.","Moodle-global core value; not company-scoped. Sensitive=Yes requires local/orgprofile:viewsensitive and editsensitive.","Reuse the same Field Library record; saved custom values remain user + company scoped.","New organization-specific recommendation"
"Field Definition + Placement Map","3 Field Library → 5 Categories → 6 Form Fields","All 10 organization types: School; University; Training Institute; Consulting Firm; Corporate Organization; Hospital / Healthcare; Government Organization; NGO / Foundation; College; Vocational Institute","shared_field_library","","Yes","All user types","All 45 profile forms; see Organization Setup records for exact names","Address","address","60","No","City","Existing (Moodle core)","core_city","City","text","city","No","Yes","Inherit","Inherit","none","Yes","No","No","Yes","","","{""required"":true,""maxlength"":120}","10","All user types","All 45 profile forms; see Organization Setup records for exact names","Field Library; Form Categories; Form Fields","Create once in Field Library, then attach to the listed forms and category.","Moodle-global core value; not company-scoped. Sensitive=Yes requires local/orgprofile:viewsensitive and editsensitive.","Reuse the same Field Library record; saved custom values remain user + company scoped.","New organization-specific recommendation"
"Field Definition + Placement Map","3 Field Library → 5 Categories → 6 Form Fields","All 10 organization types: School; University; Training Institute; Consulting Firm; Corporate Organization; Hospital / Healthcare; Government Organization; NGO / Foundation; College; Vocational Institute","shared_field_library","","Yes","All user types","All 45 profile forms; see Organization Setup records for exact names","Address","address","60","No","Country","Existing (Moodle core)","core_country","Country","menu","country","No","Yes","Inherit","Inherit","none","Yes","No","No","Yes","","","","20","All user types","All 45 profile forms; see Organization Setup records for exact names","Field Library; Form Categories; Form Fields","Leave optionsjson blank; Moodle supplies its country list.","Moodle-global core value; not company-scoped. Sensitive=Yes requires local/orgprofile:viewsensitive and editsensitive.","Reuse the same Field Library record; saved custom values remain user + company scoped.","New organization-specific recommendation"
"Field Definition + Placement Map","3 Field Library → 5 Categories → 6 Form Fields","All 10 organization types: School; University; Training Institute; Consulting Firm; Corporate Organization; Hospital / Healthcare; Government Organization; NGO / Foundation; College; Vocational Institute","shared_field_library","","Yes","All user types","All 45 profile forms; see Organization Setup records for exact names","Basic Information","basic_information","10","No","Middle Name","New (plugin-defined)","middle_name","Middle Name","text","","No","No","Inherit","Inherit","none","Yes","No","No","Yes","","","{""maxlength"":100}","30","All user types","All 45 profile forms; see Organization Setup records for exact names","Field Library; Form Categories; Form Fields","Create once in Field Library, then attach to the listed forms and category.","Custom value is scoped by userid + companyid + fieldid. Sensitive=Yes requires local/orgprofile:viewsensitive and editsensitive.","Reuse the same Field Library record; saved custom values remain user + company scoped.","Adapted from attached School CSV"
"Field Definition + Placement Map","3 Field Library → 5 Categories → 6 Form Fields","All 10 organization types: School; University; Training Institute; Consulting Firm; Corporate Organization; Hospital / Healthcare; Government Organization; NGO / Foundation; College; Vocational Institute","shared_field_library","","Yes","All user types","All 45 profile forms; see Organization Setup records for exact names","Address","address","60","No","Address Line 1","New (plugin-defined)","address_line_1","Address Line 1","textarea","","No","No","Inherit","Inherit","none","Yes","No","No","Yes","","","{""maxlength"":255}","30","All user types","All 45 profile forms; see Organization Setup records for exact names","Field Library; Form Categories; Form Fields","Create once in Field Library, then attach to the listed forms and category.","Custom value is scoped by userid + companyid + fieldid. Sensitive=Yes requires local/orgprofile:viewsensitive and editsensitive.","Reuse the same Field Library record; saved custom values remain user + company scoped.","Corrected from attached CSV: not one of the selected Moodle core mappings in this plugin"
"Field Definition + Placement Map","3 Field Library → 5 Categories → 6 Form Fields","All 10 organization types: School; University; Training Institute; Consulting Firm; Corporate Organization; Hospital / Healthcare; Government Organization; NGO / Foundation; College; Vocational Institute","shared_field_library","","Yes","All user types","All 45 profile forms; see Organization Setup records for exact names","Address","address","60","No","State / Province","New (plugin-defined)","state_province","State / Province","text","","No","No","Inherit","Inherit","none","Yes","No","No","Yes","","","{""maxlength"":120}","40","All user types","All 45 profile forms; see Organization Setup records for exact names","Field Library; Form Categories; Form Fields","Create once in Field Library, then attach to the listed forms and category.","Custom value is scoped by userid + companyid + fieldid. Sensitive=Yes requires local/orgprofile:viewsensitive and editsensitive.","Reuse the same Field Library record; saved custom values remain user + company scoped.","Generalized from attached School CSV"
"Field Definition + Placement Map","3 Field Library → 5 Categories → 6 Form Fields","All 10 organization types: School; University; Training Institute; Consulting Firm; Corporate Organization; Hospital / Healthcare; Government Organization; NGO / Foundation; College; Vocational Institute","shared_field_library","","Yes","All user types","All 45 profile forms; see Organization Setup records for exact names","Address","address","60","No","Postal / PIN Code","New (plugin-defined)","postal_code","Postal / PIN Code","text","","No","No","Inherit","Inherit","none","Yes","No","No","Yes","","","{""maxlength"":20}","50","All user types","All 45 profile forms; see Organization Setup records for exact names","Field Library; Form Categories; Form Fields","Use generic validation by default. For an India-only form, trusted admin may configure regex /^[0-9]{6}$/.","Custom value is scoped by userid + companyid + fieldid. Sensitive=Yes requires local/orgprofile:viewsensitive and editsensitive.","Reuse the same Field Library record; saved custom values remain user + company scoped.","Generalized from attached School CSV"
"Field Definition + Placement Map","3 Field Library → 5 Categories → 6 Form Fields","All 10 organization types: School; University; Training Institute; Consulting Firm; Corporate Organization; Hospital / Healthcare; Government Organization; NGO / Foundation; College; Vocational Institute","shared_field_library","","Yes","All user types","All 45 profile forms; see Organization Setup records for exact names","Emergency","emergency","80","Yes","Emergency Contact Name","New (plugin-defined)","emergency_contact_name","Emergency Contact Name","text","","No","No","Inherit","Inherit","none","Yes","No","No","Yes","","","{""maxlength"":150}","10","All user types","All 45 profile forms; see Organization Setup records for exact names","Field Library; Form Categories; Form Fields","Create once in Field Library, then attach to the listed forms and category.","Custom value is scoped by userid + companyid + fieldid. Sensitive=Yes requires local/orgprofile:viewsensitive and editsensitive.","Reuse the same Field Library record; saved custom values remain user + company scoped.","New organization-specific recommendation"
"Field Definition + Placement Map","3 Field Library → 5 Categories → 6 Form Fields","All 10 organization types: School; University; Training Institute; Consulting Firm; Corporate Organization; Hospital / Healthcare; Government Organization; NGO / Foundation; College; Vocational Institute","shared_field_library","","Yes","All user types","All 45 profile forms; see Organization Setup records for exact names","Emergency","emergency","80","Yes","Emergency Contact Relationship","New (plugin-defined)","emergency_contact_relationship","Emergency Contact Relationship","text","","No","No","Inherit","Inherit","none","Yes","No","No","Yes","","","{""maxlength"":100}","20","All user types","All 45 profile forms; see Organization Setup records for exact names","Field Library; Form Categories; Form Fields","Create once in Field Library, then attach to the listed forms and category.","Custom value is scoped by userid + companyid + fieldid. Sensitive=Yes requires local/orgprofile:viewsensitive and editsensitive.","Reuse the same Field Library record; saved custom values remain user + company scoped.","New organization-specific recommendation"
"Field Definition + Placement Map","3 Field Library → 5 Categories → 6 Form Fields","All 10 organization types: School; University; Training Institute; Consulting Firm; Corporate Organization; Hospital / Healthcare; Government Organization; NGO / Foundation; College; Vocational Institute","shared_field_library","","Yes","All user types","All 45 profile forms; see Organization Setup records for exact names","Emergency","emergency","80","Yes","Emergency Contact Mobile","New (plugin-defined)","emergency_contact_mobile","Emergency Contact Mobile","phone","","No","No","Inherit","Inherit","none","Yes","No","No","Yes","","","{""phone"":true,""minlength"":7,""maxlength"":20}","30","All user types","All 45 profile forms; see Organization Setup records for exact names","Field Library; Form Categories; Form Fields","Create once in Field Library, then attach to the listed forms and category.","Custom value is scoped by userid + companyid + fieldid. Sensitive=Yes requires local/orgprofile:viewsensitive and editsensitive.","Reuse the same Field Library record; saved custom values remain user + company scoped.","New organization-specific recommendation"
"Field Definition + Placement Map","3 Field Library → 5 Categories → 6 Form Fields","All 10 organization types: School; University; Training Institute; Consulting Firm; Corporate Organization; Hospital / Healthcare; Government Organization; NGO / Foundation; College; Vocational Institute","shared_field_library","","Yes","All user types","All 45 profile forms; see Organization Setup records for exact names","Health & Accessibility","health_accessibility","85","Yes","Accessibility Support Required","New (plugin-defined)","accessibility_support_required","Accessibility Support Required","boolean","","No","No","Inherit","Inherit","none","Yes","No","Yes","Yes","","","","10","All user types","All 45 profile forms; see Organization Setup records for exact names","Field Library; Form Categories; Form Fields","Boolean Yes/No. No conditional subform exists in V1.","Requires dedicated sensitive view/edit capabilities. Sensitive=Yes requires local/orgprofile:viewsensitive and editsensitive.","Reuse the same Field Library record; saved custom values remain user + company scoped.","New organization-specific recommendation"
"Field Definition + Placement Map","3 Field Library → 5 Categories → 6 Form Fields","All 10 organization types: School; University; Training Institute; Consulting Firm; Corporate Organization; Hospital / Healthcare; Government Organization; NGO / Foundation; College; Vocational Institute","shared_field_library","","Yes","All user types","All 45 profile forms; see Organization Setup records for exact names","Compliance & Consent","compliance_consent","90","Yes","Profile Verification Date and Time","New (plugin-defined)","profile_verified_at","Profile Verification Date and Time","datetime","","No","No","Inherit","Inherit","none","Yes","Yes","No","Yes","","","{""date"":true}","10","All user types","All 45 profile forms; see Organization Setup records for exact names","Field Library; Form Categories; Form Fields","Use readonly field when administrators record verification; V1 does not auto-populate workflow timestamps.","Custom value is scoped by userid + companyid + fieldid. Sensitive=Yes requires local/orgprofile:viewsensitive and editsensitive.","Reuse the same Field Library record; saved custom values remain user + company scoped.","New organization-specific recommendation"
"Field Definition + Placement Map","3 Field Library → 5 Categories → 6 Form Fields","All 10 organization types: School; University; Training Institute; Consulting Firm; Corporate Organization; Hospital / Healthcare; Government Organization; NGO / Foundation; College; Vocational Institute","shared_field_library","","Yes","All user types","All 45 profile forms; see Organization Setup records for exact names","Compliance & Consent","compliance_consent","90","Yes","Profile Data Confirmed Accurate","New (plugin-defined)","profile_data_confirmed","Profile Data Confirmed Accurate","checkbox","","No","Yes","Inherit","Inherit","none","Yes","No","No","Yes","","","","20","All user types","All 45 profile forms; see Organization Setup records for exact names","Field Library; Form Categories; Form Fields","Required checkbox; unchecked submission is rejected. This records state only and is not an approval workflow.","Custom value is scoped by userid + companyid + fieldid. Sensitive=Yes requires local/orgprofile:viewsensitive and editsensitive.","Reuse the same Field Library record; saved custom values remain user + company scoped.","New organization-specific recommendation"
"Field Definition + Placement Map","3 Field Library → 5 Categories → 6 Form Fields","Shared employment fields: School; University; Training Institute; Consulting Firm; Corporate Organization; Hospital / Healthcare; Government Organization; NGO / Foundation; College; Vocational Institute","shared_employment_library","","Yes","Teacher; Principal; Faculty; Researcher; Staff; Trainer; Coordinator; Assessor; Consultant; Project Manager; Partner; Operations Staff; Employee; Instructor; Manager; Contractor; Clinical Staff; Nursing Staff; Allied Health Professional; Administrative Staff; Officer; Contract Staff; Field Worker; Program Manager; Non-Teaching Staff; Placement Officer; Administrator","All employment-related profile forms identified by Applies To User Types","Employment","employment","40","No","Employee / Staff ID","New (plugin-defined)","employee_id","Employee / Staff ID","text","","No","Yes","Inherit","Inherit","company","Yes","No","No","Yes","","","{""minlength"":2,""maxlength"":50}","10","Teacher; Principal; Faculty; Researcher; Staff; Trainer; Coordinator; Assessor; Consultant; Project Manager; Partner; Operations Staff; Employee; Instructor; Manager; Contractor; Clinical Staff; Nursing Staff; Allied Health Professional; Administrative Staff; Officer; Contract Staff; Field Worker; Program Manager; Non-Teaching Staff; Placement Officer; Administrator","All employment-related profile forms identified by Applies To User Types","Field Library; Form Categories; Form Fields","One reusable company-unique employment identifier field. Use required placement override only on employment forms.","Custom value is scoped by userid + companyid + fieldid. Sensitive=Yes requires local/orgprofile:viewsensitive and editsensitive.","Create each shared employment field once and reuse it across the listed organization forms.","New organization-specific recommendation"
"Field Definition + Placement Map","3 Field Library → 5 Categories → 6 Form Fields","Shared employment fields: School; University; Training Institute; Consulting Firm; Corporate Organization; Hospital / Healthcare; Government Organization; NGO / Foundation; College; Vocational Institute","shared_employment_library","","Yes","Teacher; Principal; Faculty; Researcher; Staff; Trainer; Coordinator; Assessor; Consultant; Project Manager; Partner; Operations Staff; Employee; Instructor; Manager; Contractor; Clinical Staff; Nursing Staff; Allied Health Professional; Administrative Staff; Officer; Contract Staff; Field Worker; Program Manager; Non-Teaching Staff; Placement Officer; Administrator","All employment-related profile forms identified by Applies To User Types","Employment","employment","40","No","Job Title / Designation","New (plugin-defined)","job_title","Job Title / Designation","text","","No","Yes","Inherit","Inherit","none","Yes","No","No","Yes","","","{""maxlength"":150}","20","Teacher; Principal; Faculty; Researcher; Staff; Trainer; Coordinator; Assessor; Consultant; Project Manager; Partner; Operations Staff; Employee; Instructor; Manager; Contractor; Clinical Staff; Nursing Staff; Allied Health Professional; Administrative Staff; Officer; Contract Staff; Field Worker; Program Manager; Non-Teaching Staff; Placement Officer; Administrator","All employment-related profile forms identified by Applies To User Types","Field Library; Form Categories; Form Fields","Create once in Field Library, then attach to the listed forms and category.","Profile label only; never grant Moodle/IOMAD permissions from this value. Sensitive=Yes requires local/orgprofile:viewsensitive and editsensitive.","Create each shared employment field once and reuse it across the listed organization forms.","New organization-specific recommendation"
"Field Definition + Placement Map","3 Field Library → 5 Categories → 6 Form Fields","Shared employment fields: School; University; Training Institute; Consulting Firm; Corporate Organization; Hospital / Healthcare; Government Organization; NGO / Foundation; College; Vocational Institute","shared_employment_library","","Yes","Teacher; Principal; Faculty; Researcher; Staff; Trainer; Coordinator; Assessor; Consultant; Project Manager; Partner; Operations Staff; Employee; Instructor; Manager; Contractor; Clinical Staff; Nursing Staff; Allied Health Professional; Administrative Staff; Officer; Contract Staff; Field Worker; Program Manager; Non-Teaching Staff; Placement Officer; Administrator","All employment-related profile forms identified by Applies To User Types","Employment","employment","40","No","Employment Start Date","New (plugin-defined)","employment_start_date","Employment Start Date","date","","No","No","Inherit","Inherit","none","Yes","No","No","Yes","","","{""date"":true}","30","Teacher; Principal; Faculty; Researcher; Staff; Trainer; Coordinator; Assessor; Consultant; Project Manager; Partner; Operations Staff; Employee; Instructor; Manager; Contractor; Clinical Staff; Nursing Staff; Allied Health Professional; Administrative Staff; Officer; Contract Staff; Field Worker; Program Manager; Non-Teaching Staff; Placement Officer; Administrator","All employment-related profile forms identified by Applies To User Types","Field Library; Form Categories; Form Fields","Create once in Field Library, then attach to the listed forms and category.","Custom value is scoped by userid + companyid + fieldid. Sensitive=Yes requires local/orgprofile:viewsensitive and editsensitive.","Create each shared employment field once and reuse it across the listed organization forms.","New organization-specific recommendation"
"Field Definition + Placement Map","3 Field Library → 5 Categories → 6 Form Fields","Shared employment fields: School; University; Training Institute; Consulting Firm; Corporate Organization; Hospital / Healthcare; Government Organization; NGO / Foundation; College; Vocational Institute","shared_employment_library","","Yes","Teacher; Principal; Faculty; Researcher; Staff; Trainer; Coordinator; Assessor; Consultant; Project Manager; Partner; Operations Staff; Employee; Instructor; Manager; Contractor; Clinical Staff; Nursing Staff; Allied Health Professional; Administrative Staff; Officer; Contract Staff; Field Worker; Program Manager; Non-Teaching Staff; Placement Officer; Administrator","All employment-related profile forms identified by Applies To User Types","Employment","employment","40","No","Employment Type","New (plugin-defined)","employment_type","Employment Type","menu","","No","No","Inherit","Inherit","none","Yes","No","No","Yes","","{""permanent"":""Permanent"",""fixed_term"":""Fixed term"",""contractor"":""Contractor"",""part_time"":""Part time"",""volunteer"":""Volunteer"",""intern"":""Intern""}","","40","Teacher; Principal; Faculty; Researcher; Staff; Trainer; Coordinator; Assessor; Consultant; Project Manager; Partner; Operations Staff; Employee; Instructor; Manager; Contractor; Clinical Staff; Nursing Staff; Allied Health Professional; Administrative Staff; Officer; Contract Staff; Field Worker; Program Manager; Non-Teaching Staff; Placement Officer; Administrator","All employment-related profile forms identified by Applies To User Types","Field Library; Form Categories; Form Fields","Create once in Field Library, then attach to the listed forms and category.","Custom value is scoped by userid + companyid + fieldid. Sensitive=Yes requires local/orgprofile:viewsensitive and editsensitive.","Create each shared employment field once and reuse it across the listed organization forms.","New organization-specific recommendation"
"Field Definition + Placement Map","3 Field Library → 5 Categories → 6 Form Fields","Shared employment fields: School; University; Training Institute; Consulting Firm; Corporate Organization; Hospital / Healthcare; Government Organization; NGO / Foundation; College; Vocational Institute","shared_employment_library","","Yes","Teacher; Principal; Faculty; Researcher; Staff; Trainer; Coordinator; Assessor; Consultant; Project Manager; Partner; Operations Staff; Employee; Instructor; Manager; Contractor; Clinical Staff; Nursing Staff; Allied Health Professional; Administrative Staff; Officer; Contract Staff; Field Worker; Program Manager; Non-Teaching Staff; Placement Officer; Administrator","All employment-related profile forms identified by Applies To User Types","Professional","professional","50","No","Years of Experience","New (plugin-defined)","years_experience","Years of Experience","integer","","No","No","Inherit","Inherit","none","Yes","No","No","Yes","","","{""integer"":true,""min"":0,""max"":60}","10","Teacher; Principal; Faculty; Researcher; Staff; Trainer; Coordinator; Assessor; Consultant; Project Manager; Partner; Operations Staff; Employee; Instructor; Manager; Contractor; Clinical Staff; Nursing Staff; Allied Health Professional; Administrative Staff; Officer; Contract Staff; Field Worker; Program Manager; Non-Teaching Staff; Placement Officer; Administrator","All employment-related profile forms identified by Applies To User Types","Field Library; Form Categories; Form Fields","Create once in Field Library, then attach to the listed forms and category.","Custom value is scoped by userid + companyid + fieldid. Sensitive=Yes requires local/orgprofile:viewsensitive and editsensitive.","Create each shared employment field once and reuse it across the listed organization forms.","New organization-specific recommendation"
"Field Definition + Placement Map","3 Field Library → 5 Categories → 6 Form Fields","Shared employment fields: School; University; Training Institute; Consulting Firm; Corporate Organization; Hospital / Healthcare; Government Organization; NGO / Foundation; College; Vocational Institute","shared_employment_library","","Yes","Teacher; Principal; Faculty; Researcher; Staff; Trainer; Coordinator; Assessor; Consultant; Project Manager; Partner; Operations Staff; Employee; Instructor; Manager; Contractor; Clinical Staff; Nursing Staff; Allied Health Professional; Administrative Staff; Officer; Contract Staff; Field Worker; Program Manager; Non-Teaching Staff; Placement Officer; Administrator","All employment-related profile forms identified by Applies To User Types","Professional","professional","50","No","Highest Qualification","New (plugin-defined)","highest_qualification","Highest Qualification","text","","No","No","Inherit","Inherit","none","Yes","No","No","Yes","","","{""maxlength"":200}","20","Teacher; Principal; Faculty; Researcher; Staff; Trainer; Coordinator; Assessor; Consultant; Project Manager; Partner; Operations Staff; Employee; Instructor; Manager; Contractor; Clinical Staff; Nursing Staff; Allied Health Professional; Administrative Staff; Officer; Contract Staff; Field Worker; Program Manager; Non-Teaching Staff; Placement Officer; Administrator","All employment-related profile forms identified by Applies To User Types","Field Library; Form Categories; Form Fields","Create once in Field Library, then attach to the listed forms and category.","Custom value is scoped by userid + companyid + fieldid. Sensitive=Yes requires local/orgprofile:viewsensitive and editsensitive.","Create each shared employment field once and reuse it across the listed organization forms.","New organization-specific recommendation"
"Field Definition + Placement Map","3 Field Library → 5 Categories → 6 Form Fields","Shared employment fields: School; University; Training Institute; Consulting Firm; Corporate Organization; Hospital / Healthcare; Government Organization; NGO / Foundation; College; Vocational Institute","shared_employment_library","","Yes","Teacher; Principal; Faculty; Researcher; Staff; Trainer; Coordinator; Assessor; Consultant; Project Manager; Partner; Operations Staff; Employee; Instructor; Manager; Contractor; Clinical Staff; Nursing Staff; Allied Health Professional; Administrative Staff; Officer; Contract Staff; Field Worker; Program Manager; Non-Teaching Staff; Placement Officer; Administrator","All employment-related profile forms identified by Applies To User Types","Professional","professional","50","No","Professional Specialisation","New (plugin-defined)","professional_specialisation","Professional Specialisation","textarea","","No","No","Inherit","Inherit","none","Yes","No","No","Yes","","","{""maxlength"":1000}","30","Teacher; Principal; Faculty; Researcher; Staff; Trainer; Coordinator; Assessor; Consultant; Project Manager; Partner; Operations Staff; Employee; Instructor; Manager; Contractor; Clinical Staff; Nursing Staff; Allied Health Professional; Administrative Staff; Officer; Contract Staff; Field Worker; Program Manager; Non-Teaching Staff; Placement Officer; Administrator","All employment-related profile forms identified by Applies To User Types","Field Library; Form Categories; Form Fields","Create once in Field Library, then attach to the listed forms and category.","Descriptive expertise only; do not use it as a course assignment. Sensitive=Yes requires local/orgprofile:viewsensitive and editsensitive.","Create each shared employment field once and reuse it across the listed organization forms.","New organization-specific recommendation"
"Field Definition + Placement Map","3 Field Library → 5 Categories → 6 Form Fields","Shared employment fields: School; University; Training Institute; Consulting Firm; Corporate Organization; Hospital / Healthcare; Government Organization; NGO / Foundation; College; Vocational Institute","shared_employment_library","","Yes","Teacher; Principal; Faculty; Researcher; Staff; Trainer; Coordinator; Assessor; Consultant; Project Manager; Partner; Operations Staff; Employee; Instructor; Manager; Contractor; Clinical Staff; Nursing Staff; Allied Health Professional; Administrative Staff; Officer; Contract Staff; Field Worker; Program Manager; Non-Teaching Staff; Placement Officer; Administrator","All employment-related profile forms identified by Applies To User Types","Professional","professional","50","No","Professional Profile URL","New (plugin-defined)","professional_profile_url","Professional Profile URL","url","","No","No","Inherit","Inherit","none","Yes","No","No","Yes","","","{""url"":true,""maxlength"":500}","40","Teacher; Principal; Faculty; Researcher; Staff; Trainer; Coordinator; Assessor; Consultant; Project Manager; Partner; Operations Staff; Employee; Instructor; Manager; Contractor; Clinical Staff; Nursing Staff; Allied Health Professional; Administrative Staff; Officer; Contract Staff; Field Worker; Program Manager; Non-Teaching Staff; Placement Officer; Administrator","All employment-related profile forms identified by Applies To User Types","Field Library; Form Categories; Form Fields","Create once in Field Library, then attach to the listed forms and category.","Custom value is scoped by userid + companyid + fieldid. Sensitive=Yes requires local/orgprofile:viewsensitive and editsensitive.","Create each shared employment field once and reuse it across the listed organization forms.","New organization-specific recommendation"
"Field Definition + Placement Map","3 Field Library → 5 Categories → 6 Form Fields","Shared employment fields: School; University; Training Institute; Consulting Firm; Corporate Organization; Hospital / Healthcare; Government Organization; NGO / Foundation; College; Vocational Institute","shared_employment_library","","Yes","Teacher; Principal; Faculty; Researcher; Staff; Trainer; Coordinator; Assessor; Consultant; Project Manager; Partner; Operations Staff; Employee; Instructor; Manager; Contractor; Clinical Staff; Nursing Staff; Allied Health Professional; Administrative Staff; Officer; Contract Staff; Field Worker; Program Manager; Non-Teaching Staff; Placement Officer; Administrator","All employment-related profile forms identified by Applies To User Types","Employment","employment","40","No","Full-Time Equivalent","New (plugin-defined)","fte","Full-Time Equivalent","decimal","","No","No","Inherit","Inherit","none","Yes","No","No","Yes","","","{""min"":0,""max"":1}","50","Teacher; Principal; Faculty; Researcher; Staff; Trainer; Coordinator; Assessor; Consultant; Project Manager; Partner; Operations Staff; Employee; Instructor; Manager; Contractor; Clinical Staff; Nursing Staff; Allied Health Professional; Administrative Staff; Officer; Contract Staff; Field Worker; Program Manager; Non-Teaching Staff; Placement Officer; Administrator","All employment-related profile forms identified by Applies To User Types","Field Library; Form Categories; Form Fields","Decimal between 0 and 1, for example 0.5 or 1.","Custom value is scoped by userid + companyid + fieldid. Sensitive=Yes requires local/orgprofile:viewsensitive and editsensitive.","Create each shared employment field once and reuse it across the listed organization forms.","New organization-specific recommendation"
"Field Definition + Placement Map","3 Field Library → 5 Categories → 6 Form Fields","Shared employment fields: School; University; Training Institute; Consulting Firm; Corporate Organization; Hospital / Healthcare; Government Organization; NGO / Foundation; College; Vocational Institute","shared_employment_library","","Yes","Teacher; Principal; Faculty; Researcher; Staff; Trainer; Coordinator; Assessor; Consultant; Project Manager; Partner; Operations Staff; Employee; Instructor; Manager; Contractor; Clinical Staff; Nursing Staff; Allied Health Professional; Administrative Staff; Officer; Contract Staff; Field Worker; Program Manager; Non-Teaching Staff; Placement Officer; Administrator","All employment-related profile forms identified by Applies To User Types","Employment","employment","40","No","Remote / Field Worker","New (plugin-defined)","remote_or_field_worker","Remote / Field Worker","boolean","","No","No","Inherit","Inherit","none","Yes","No","No","Yes","","","","60","Teacher; Principal; Faculty; Researcher; Staff; Trainer; Coordinator; Assessor; Consultant; Project Manager; Partner; Operations Staff; Employee; Instructor; Manager; Contractor; Clinical Staff; Nursing Staff; Allied Health Professional; Administrative Staff; Officer; Contract Staff; Field Worker; Program Manager; Non-Teaching Staff; Placement Officer; Administrator","All employment-related profile forms identified by Applies To User Types","Field Library; Form Categories; Form Fields","Boolean profile attribute only; authorization is capability-based.","Custom value is scoped by userid + companyid + fieldid. Sensitive=Yes requires local/orgprofile:viewsensitive and editsensitive.","Create each shared employment field once and reuse it across the listed organization forms.","New organization-specific recommendation"
"Field Definition + Placement Map","3 Field Library → 5 Categories → 6 Form Fields","School","school","10","Yes","Student|student|10; Teacher|teacher|20; Parent|parent|30; Principal|principal|40","See Organization Setup record for School","Basic Information","basic_information","10","No","Date of Birth","New (plugin-defined)","date_of_birth","Date of Birth","date","","No","Yes","Inherit","Inherit","none","Yes","No","Yes","Yes","","","{""required"":true,""date"":true}","10","Student","School Student Profile","Field Library; Form Categories; Form Fields","Create once in Field Library, then attach to the listed forms and category.","Custom value is scoped by userid + companyid + fieldid. Sensitive=Yes requires local/orgprofile:viewsensitive and editsensitive.","ABC International School → school; default form: None; resolve by assigned user type","Adapted from attached School CSV"
"Field Definition + Placement Map","3 Field Library → 5 Categories → 6 Form Fields","School","school","10","Yes","Student|student|10; Teacher|teacher|20; Parent|parent|30; Principal|principal|40","See Organization Setup record for School","Basic Information","basic_information","10","No","Gender","New (plugin-defined)","gender","Gender","menu","","No","Yes","Inherit","Inherit","none","Yes","No","No","Yes","","{""female"":""Female"",""male"":""Male"",""transgender"":""Transgender"",""other"":""Other"",""prefer_not"":""Prefer not to say""}","","20","Student","School Student Profile","Field Library; Form Categories; Form Fields","Create once in Field Library, then attach to the listed forms and category.","Custom value is scoped by userid + companyid + fieldid. Sensitive=Yes requires local/orgprofile:viewsensitive and editsensitive.","ABC International School → school; default form: None; resolve by assigned user type","Adapted from attached School CSV"
"Field Definition + Placement Map","3 Field Library → 5 Categories → 6 Form Fields","School","school","10","Yes","Student|student|10; Teacher|teacher|20; Parent|parent|30; Principal|principal|40","See Organization Setup record for School","Basic Information","basic_information","10","No","Mother Tongue","New (plugin-defined)","mother_tongue","Mother Tongue","text","","No","No","Inherit","Inherit","none","Yes","No","No","Yes","","","{""maxlength"":100}","30","Student","School Student Profile","Field Library; Form Categories; Form Fields","Create once in Field Library, then attach to the listed forms and category.","Custom value is scoped by userid + companyid + fieldid. Sensitive=Yes requires local/orgprofile:viewsensitive and editsensitive.","ABC International School → school; default form: None; resolve by assigned user type","Corrected from Menu/Text to one supported type"
"Field Definition + Placement Map","3 Field Library → 5 Categories → 6 Form Fields","School","school","10","Yes","Student|student|10; Teacher|teacher|20; Parent|parent|30; Principal|principal|40","See Organization Setup record for School","Basic Information","basic_information","10","No","Nationality","New (plugin-defined)","nationality","Nationality","text","","No","No","Inherit","Inherit","none","Yes","No","No","Yes","","","{""maxlength"":100}","40","Student","School Student Profile","Field Library; Form Categories; Form Fields","Create once in Field Library, then attach to the listed forms and category.","Custom value is scoped by userid + companyid + fieldid. Sensitive=Yes requires local/orgprofile:viewsensitive and editsensitive.","ABC International School → school; default form: None; resolve by assigned user type","Generalized from India-only attached values"
"Field Definition + Placement Map","3 Field Library → 5 Categories → 6 Form Fields","School","school","10","Yes","Student|student|10; Teacher|teacher|20; Parent|parent|30; Principal|principal|40","See Organization Setup record for School","Identification","identification","30","No","Admission Number","New (plugin-defined)","school_admission_number","Admission Number","text","","No","Yes","Inherit","Inherit","company","Yes","No","No","Yes","","","{""minlength"":2,""maxlength"":30}","10","Student","School Student Profile","Field Library; Form Categories; Form Fields","Create once in Field Library, then attach to the listed forms and category.","Custom value is scoped by userid + companyid + fieldid. Sensitive=Yes requires local/orgprofile:viewsensitive and editsensitive.","ABC International School → school; default form: None; resolve by assigned user type","Adapted from attached School CSV"
"Field Definition + Placement Map","3 Field Library → 5 Categories → 6 Form Fields","School","school","10","Yes","Student|student|10; Teacher|teacher|20; Parent|parent|30; Principal|principal|40","See Organization Setup record for School","Identification","identification","30","No","GR Number","New (plugin-defined)","school_gr_number","GR Number","text","","No","Yes","Inherit","Inherit","company","Yes","No","No","Yes","","","{""maxlength"":30}","20","Student","School Student Profile","Field Library; Form Categories; Form Fields","Create once in Field Library, then attach to the listed forms and category.","Custom value is scoped by userid + companyid + fieldid. Sensitive=Yes requires local/orgprofile:viewsensitive and editsensitive.","ABC International School → school; default form: None; resolve by assigned user type","Adapted from attached School CSV"
"Field Definition + Placement Map","3 Field Library → 5 Categories → 6 Form Fields","School","school","10","Yes","Student|student|10; Teacher|teacher|20; Parent|parent|30; Principal|principal|40","See Organization Setup record for School","Identification","identification","30","No","PEN / UDISE+ Student ID","New (plugin-defined)","school_pen_id","PEN / UDISE+ Student ID","text","","No","No","Inherit","Inherit","site","Yes","No","Yes","Yes","","","{""maxlength"":50}","30","Student","School Student Profile","Field Library; Form Categories; Form Fields","Create once in Field Library, then attach to the listed forms and category.","Use site uniqueness only if the authority guarantees global uniqueness. Dedicated sensitive capabilities required. Sensitive=Yes requires local/orgprofile:viewsensitive and editsensitive.","ABC International School → school; default form: None; resolve by assigned user type","Consolidated duplicate PEN rows from attached School CSV"
"Field Definition + Placement Map","3 Field Library → 5 Categories → 6 Form Fields","School","school","10","Yes","Student|student|10; Teacher|teacher|20; Parent|parent|30; Principal|principal|40","See Organization Setup record for School","Identification","identification","30","No","APAAR ID","New (plugin-defined)","school_apaar_id","APAAR ID","text","","No","No","Inherit","Inherit","site","Yes","No","Yes","Yes","","","{""regex"":""/^[0-9]{12}$/""}","40","Student","School Student Profile","Field Library; Form Categories; Form Fields","Create once in Field Library, then attach to the listed forms and category.","Restricted identifier. Collect only where legally required; never include in logs or generic listings. Sensitive=Yes requires local/orgprofile:viewsensitive and editsensitive.","ABC International School → school; default form: None; resolve by assigned user type","Consolidated duplicate APAAR rows from attached School CSV"
"Field Definition + Placement Map","3 Field Library → 5 Categories → 6 Form Fields","School","school","10","Yes","Student|student|10; Teacher|teacher|20; Parent|parent|30; Principal|principal|40","See Organization Setup record for School","Identification","identification","30","No","Roll Number","New (plugin-defined)","school_roll_number","Roll Number","text","","No","No","Inherit","Inherit","none","Yes","No","No","Yes","","","{""maxlength"":30}","50","Student","School Student Profile","Field Library; Form Categories; Form Fields","Create once in Field Library, then attach to the listed forms and category.","Custom value is scoped by userid + companyid + fieldid. Sensitive=Yes requires local/orgprofile:viewsensitive and editsensitive.","ABC International School → school; default form: None; resolve by assigned user type","Adapted from attached School CSV"
"Field Definition + Placement Map","3 Field Library → 5 Categories → 6 Form Fields","School","school","10","Yes","Student|student|10; Teacher|teacher|20; Parent|parent|30; Principal|principal|40","See Organization Setup record for School","Academic","academic","40","No","Admission Date","New (plugin-defined)","school_admission_date","Admission Date","date","","No","No","Inherit","Inherit","none","Yes","No","No","Yes","","","{""date"":true}","10","Student","School Student Profile","Field Library; Form Categories; Form Fields","Create once in Field Library, then attach to the listed forms and category.","Custom value is scoped by userid + companyid + fieldid. Sensitive=Yes requires local/orgprofile:viewsensitive and editsensitive.","ABC International School → school; default form: None; resolve by assigned user type","Adapted from attached School CSV"
"Field Definition + Placement Map","3 Field Library → 5 Categories → 6 Form Fields","School","school","10","Yes","Student|student|10; Teacher|teacher|20; Parent|parent|30; Principal|principal|40","See Organization Setup record for School","Academic","academic","40","No","Student Status","New (plugin-defined)","school_student_status","Student Status","menu","","No","Yes","Inherit","Inherit","none","Yes","No","No","Yes","","{""active"":""Active"",""inactive"":""Inactive"",""transferred"":""Transferred"",""left"":""Left"",""alumni"":""Alumni""}","","20","Student","School Student Profile","Field Library; Form Categories; Form Fields","Create once in Field Library, then attach to the listed forms and category.","Custom value is scoped by userid + companyid + fieldid. Sensitive=Yes requires local/orgprofile:viewsensitive and editsensitive.","ABC International School → school; default form: None; resolve by assigned user type","Adapted from attached School CSV"
"Field Definition + Placement Map","3 Field Library → 5 Categories → 6 Form Fields","School","school","10","Yes","Student|student|10; Teacher|teacher|20; Parent|parent|30; Principal|principal|40","See Organization Setup record for School","Academic","academic","40","No","Medium of Instruction","New (plugin-defined)","school_medium","Medium of Instruction","menu","","No","No","Inherit","Inherit","none","Yes","No","No","Yes","","[""Gujarati"",""English"",""Hindi"",""Other""]","","30","Student","School Student Profile","Field Library; Form Categories; Form Fields","Create once in Field Library, then attach to the listed forms and category.","Custom value is scoped by userid + companyid + fieldid. Sensitive=Yes requires local/orgprofile:viewsensitive and editsensitive.","ABC International School → school; default form: None; resolve by assigned user type","Adapted from attached School CSV; values are editable organization policy"
"Field Definition + Placement Map","3 Field Library → 5 Categories → 6 Form Fields","School","school","10","Yes","Student|student|10; Teacher|teacher|20; Parent|parent|30; Principal|principal|40","See Organization Setup record for School","Academic","academic","40","No","Education Board","New (plugin-defined)","school_board","Education Board","menu","","No","No","Inherit","Inherit","none","Yes","No","No","Yes","","[""GSEB"",""CBSE"",""CISCE/ICSE"",""IB"",""Other""]","","40","Student","School Student Profile","Field Library; Form Categories; Form Fields","Create once in Field Library, then attach to the listed forms and category.","Custom value is scoped by userid + companyid + fieldid. Sensitive=Yes requires local/orgprofile:viewsensitive and editsensitive.","ABC International School → school; default form: None; resolve by assigned user type","Adapted from attached School CSV"
"Field Definition + Placement Map","3 Field Library → 5 Categories → 6 Form Fields","School","school","10","Yes","Student|student|10; Teacher|teacher|20; Parent|parent|30; Principal|principal|40","See Organization Setup record for School","Academic","academic","40","No","Academic Stream","New (plugin-defined)","school_stream","Academic Stream","menu","","No","No","Inherit","Inherit","none","Yes","No","No","Yes","","[""General"",""Science"",""Commerce"",""Arts/Humanities"",""Vocational"",""Other""]","","50","Student","School Student Profile","Field Library; Form Categories; Form Fields","V1 has no conditional expressions; leave optional or use a dedicated form where Stream is required.","Custom value is scoped by userid + companyid + fieldid. Sensitive=Yes requires local/orgprofile:viewsensitive and editsensitive.","ABC International School → school; default form: None; resolve by assigned user type","Adapted from attached School CSV"
"Field Definition + Placement Map","3 Field Library → 5 Categories → 6 Form Fields","School","school","10","Yes","Student|student|10; Teacher|teacher|20; Parent|parent|30; Principal|principal|40","See Organization Setup record for School","Academic","academic","40","No","School House","New (plugin-defined)","school_house","School House","text","","No","No","Inherit","Inherit","none","Yes","No","No","Yes","","","{""maxlength"":100}","60","Student","School Student Profile","Field Library; Form Categories; Form Fields","Create once in Field Library, then attach to the listed forms and category.","Custom value is scoped by userid + companyid + fieldid. Sensitive=Yes requires local/orgprofile:viewsensitive and editsensitive.","ABC International School → school; default form: None; resolve by assigned user type","Corrected from school-specific menu to reusable text; can be changed to menu per institution"
"Field Definition + Placement Map","3 Field Library → 5 Categories → 6 Form Fields","School","school","10","Yes","Student|student|10; Teacher|teacher|20; Parent|parent|30; Principal|principal|40","See Organization Setup record for School","Academic","academic","40","No","Previous School","New (plugin-defined)","previous_school","Previous School","text","","No","No","Inherit","Inherit","none","Yes","No","No","Yes","","","{""maxlength"":200}","70","Student","School Student Profile","Field Library; Form Categories; Form Fields","Create once in Field Library, then attach to the listed forms and category.","Custom value is scoped by userid + companyid + fieldid. Sensitive=Yes requires local/orgprofile:viewsensitive and editsensitive.","ABC International School → school; default form: None; resolve by assigned user type","Adapted from attached School CSV"
"Field Definition + Placement Map","3 Field Library → 5 Categories → 6 Form Fields","School","school","10","Yes","Student|student|10; Teacher|teacher|20; Parent|parent|30; Principal|principal|40","See Organization Setup record for School","Guardian / Family","guardian_family","70","No","Guardian Name","New (plugin-defined)","guardian_name","Guardian Name","text","","No","Yes","Inherit","Inherit","none","Yes","No","No","Yes","","","{""maxlength"":150}","10","Student","School Student Profile","Field Library; Form Categories; Form Fields","Create once in Field Library, then attach to the listed forms and category.","Custom value is scoped by userid + companyid + fieldid. Sensitive=Yes requires local/orgprofile:viewsensitive and editsensitive.","ABC International School → school; default form: None; resolve by assigned user type","Consolidated father/mother/guardian patterns from attached School CSV"
"Field Definition + Placement Map","3 Field Library → 5 Categories → 6 Form Fields","School","school","10","Yes","Student|student|10; Teacher|teacher|20; Parent|parent|30; Principal|principal|40","See Organization Setup record for School","Guardian / Family","guardian_family","70","No","Guardian Relationship","New (plugin-defined)","guardian_relationship","Guardian Relationship","menu","","No","Yes","Inherit","Inherit","none","Yes","No","No","Yes","","{""mother"":""Mother"",""father"":""Father"",""grandparent"":""Grandparent"",""legal_guardian"":""Legal guardian"",""other"":""Other""}","","20","Student","School Student Profile","Field Library; Form Categories; Form Fields","Create once in Field Library, then attach to the listed forms and category.","Custom value is scoped by userid + companyid + fieldid. Sensitive=Yes requires local/orgprofile:viewsensitive and editsensitive.","ABC International School → school; default form: None; resolve by assigned user type","Adapted from attached School CSV"
"Field Definition + Placement Map","3 Field Library → 5 Categories → 6 Form Fields","School","school","10","Yes","Student|student|10; Teacher|teacher|20; Parent|parent|30; Principal|principal|40","See Organization Setup record for School","Guardian / Family","guardian_family","70","No","Guardian Mobile","New (plugin-defined)","guardian_mobile","Guardian Mobile","phone","","No","Yes","Inherit","Inherit","none","Yes","No","No","Yes","","","{""phone"":true,""minlength"":7,""maxlength"":20}","30","Student","School Student Profile","Field Library; Form Categories; Form Fields","For an India-only form, admin may additionally use regex /^[0-9]{10}$/.","Custom value is scoped by userid + companyid + fieldid. Sensitive=Yes requires local/orgprofile:viewsensitive and editsensitive.","ABC International School → school; default form: None; resolve by assigned user type","Corrected from text to phone"
"Field Definition + Placement Map","3 Field Library → 5 Categories → 6 Form Fields","School","school","10","Yes","Student|student|10; Teacher|teacher|20; Parent|parent|30; Principal|principal|40","See Organization Setup record for School","Guardian / Family","guardian_family","70","No","Guardian Email","New (plugin-defined)","guardian_email","Guardian Email","email","","No","No","Inherit","Inherit","none","Yes","No","No","Yes","","","{""email"":true,""maxlength"":254}","40","Student","School Student Profile","Field Library; Form Categories; Form Fields","Create once in Field Library, then attach to the listed forms and category.","Custom value is scoped by userid + companyid + fieldid. Sensitive=Yes requires local/orgprofile:viewsensitive and editsensitive.","ABC International School → school; default form: None; resolve by assigned user type","Corrected from text to email"
"Field Definition + Placement Map","3 Field Library → 5 Categories → 6 Form Fields","School","school","10","Yes","Student|student|10; Teacher|teacher|20; Parent|parent|30; Principal|principal|40","See Organization Setup record for School","Health & Accessibility","health_accessibility","85","Yes","Medical Notes","New (plugin-defined)","school_medical_notes","Medical Notes","textarea","","No","No","Inherit","Inherit","none","Yes","No","Yes","Yes","","","{""maxlength"":2000}","10","Student","School Student Profile","Field Library; Form Categories; Form Fields","Create once in Field Library, then attach to the listed forms and category.","Restricted personal data; dedicated sensitive capabilities required. Sensitive=Yes requires local/orgprofile:viewsensitive and editsensitive.","ABC International School → school; default form: None; resolve by assigned user type","Adapted from attached School CSV"
"Field Definition + Placement Map","3 Field Library → 5 Categories → 6 Form Fields","School","school","10","Yes","Student|student|10; Teacher|teacher|20; Parent|parent|30; Principal|principal|40","See Organization Setup record for School","Health & Accessibility","health_accessibility","85","Yes","Allergies","New (plugin-defined)","school_allergies","Allergies","textarea","","No","No","Inherit","Inherit","none","Yes","No","Yes","Yes","","","{""maxlength"":1000}","20","Student","School Student Profile","Field Library; Form Categories; Form Fields","Create once in Field Library, then attach to the listed forms and category.","Restricted personal data; not a clinical record system. Sensitive=Yes requires local/orgprofile:viewsensitive and editsensitive.","ABC International School → school; default form: None; resolve by assigned user type","Adapted from attached School CSV"
"Field Definition + Placement Map","3 Field Library → 5 Categories → 6 Form Fields","School","school","10","Yes","Student|student|10; Teacher|teacher|20; Parent|parent|30; Principal|principal|40","See Organization Setup record for School","Transport","transport","75","Yes","Uses School Transport","New (plugin-defined)","uses_school_transport","Uses School Transport","boolean","","No","No","Inherit","Inherit","none","Yes","No","No","Yes","","","","10","Student","School Student Profile","Field Library; Form Categories; Form Fields","Create once in Field Library, then attach to the listed forms and category.","Custom value is scoped by userid + companyid + fieldid. Sensitive=Yes requires local/orgprofile:viewsensitive and editsensitive.","ABC International School → school; default form: None; resolve by assigned user type","Corrected from menu to boolean"
"Field Definition + Placement Map","3 Field Library → 5 Categories → 6 Form Fields","School","school","10","Yes","Student|student|10; Teacher|teacher|20; Parent|parent|30; Principal|principal|40","See Organization Setup record for School","Transport","transport","75","Yes","Transport Mode","New (plugin-defined)","school_transport_mode","Transport Mode","menu","","No","No","Inherit","Inherit","none","Yes","No","No","Yes","","[""School Bus"",""Van"",""Private"",""Walking"",""Other""]","","20","Student","School Student Profile","Field Library; Form Categories; Form Fields","Create once in Field Library, then attach to the listed forms and category.","Custom value is scoped by userid + companyid + fieldid. Sensitive=Yes requires local/orgprofile:viewsensitive and editsensitive.","ABC International School → school; default form: None; resolve by assigned user type","Adapted from attached School CSV"
"Field Definition + Placement Map","3 Field Library → 5 Categories → 6 Form Fields","School","school","10","Yes","Student|student|10; Teacher|teacher|20; Parent|parent|30; Principal|principal|40","See Organization Setup record for School","Transport","transport","75","Yes","Bus Route","New (plugin-defined)","school_bus_route","Bus Route","text","","No","No","Inherit","Inherit","none","Yes","No","No","Yes","","","{""maxlength"":100}","30","Student","School Student Profile","Field Library; Form Categories; Form Fields","V1 cannot conditionally require this based on Uses School Transport.","Custom value is scoped by userid + companyid + fieldid. Sensitive=Yes requires local/orgprofile:viewsensitive and editsensitive.","ABC International School → school; default form: None; resolve by assigned user type","Corrected from Text/Menu to text"
"Field Definition + Placement Map","3 Field Library → 5 Categories → 6 Form Fields","School","school","10","Yes","Student|student|10; Teacher|teacher|20; Parent|parent|30; Principal|principal|40","See Organization Setup record for School","Transport","transport","75","Yes","Pickup Point","New (plugin-defined)","school_pickup_point","Pickup Point","text","","No","No","Inherit","Inherit","none","Yes","No","No","Yes","","","{""maxlength"":200}","40","Student","School Student Profile","Field Library; Form Categories; Form Fields","Create once in Field Library, then attach to the listed forms and category.","Custom value is scoped by userid + companyid + fieldid. Sensitive=Yes requires local/orgprofile:viewsensitive and editsensitive.","ABC International School → school; default form: None; resolve by assigned user type","Adapted from attached School CSV"
"Field Definition + Placement Map","3 Field Library → 5 Categories → 6 Form Fields","School","school","10","Yes","Student|student|10; Teacher|teacher|20; Parent|parent|30; Principal|principal|40","See Organization Setup record for School","Identification","identification","30","No","External ERP / SIS ID","New (plugin-defined)","school_external_student_id","External ERP / SIS ID","text","","No","No","Inherit","Inherit","company","Yes","No","No","Yes","","","{""maxlength"":100}","60","Student","School Student Profile","Field Library; Form Categories; Form Fields","Create once in Field Library, then attach to the listed forms and category.","Custom value is scoped by userid + companyid + fieldid. Sensitive=Yes requires local/orgprofile:viewsensitive and editsensitive.","ABC International School → school; default form: None; resolve by assigned user type","Adapted from attached School CSV"
"Field Definition + Placement Map","3 Field Library → 5 Categories → 6 Form Fields","School","school","10","Yes","Student|student|10; Teacher|teacher|20; Parent|parent|30; Principal|principal|40","See Organization Setup record for School","Identification","identification","30","No","Parent Reference Number","New (plugin-defined)","school_parent_reference","Parent Reference Number","text","","No","No","Inherit","Inherit","company","Yes","No","No","Yes","","","{""maxlength"":30}","70","Parent","School Parent Profile","Field Library; Form Categories; Form Fields","Create once in Field Library, then attach to the listed forms and category.","Custom value is scoped by userid + companyid + fieldid. Sensitive=Yes requires local/orgprofile:viewsensitive and editsensitive.","ABC International School → school; default form: None; resolve by assigned user type","New organization-specific recommendation"
"Field Definition + Placement Map","3 Field Library → 5 Categories → 6 Form Fields","School","school","10","Yes","Student|student|10; Teacher|teacher|20; Parent|parent|30; Principal|principal|40","See Organization Setup record for School","Guardian / Family","guardian_family","70","No","Relationship to Student","New (plugin-defined)","relationship_to_student","Relationship to Student","menu","","No","Yes","Inherit","Inherit","none","Yes","No","No","Yes","","{""mother"":""Mother"",""father"":""Father"",""legal_guardian"":""Legal guardian"",""other"":""Other""}","","50","Parent","School Parent Profile","Field Library; Form Categories; Form Fields","Create once in Field Library, then attach to the listed forms and category.","Custom value is scoped by userid + companyid + fieldid. Sensitive=Yes requires local/orgprofile:viewsensitive and editsensitive.","ABC International School → school; default form: None; resolve by assigned user type","New organization-specific recommendation"
"Field Definition + Placement Map","3 Field Library → 5 Categories → 6 Form Fields","School","school","10","Yes","Student|student|10; Teacher|teacher|20; Parent|parent|30; Principal|principal|40","See Organization Setup record for School","Professional","professional","50","No","Parent Occupation","New (plugin-defined)","parent_occupation","Parent Occupation","text","","No","No","Inherit","Inherit","none","Yes","No","No","Yes","","","{""maxlength"":150}","10","Parent","School Parent Profile","Field Library; Form Categories; Form Fields","Create once in Field Library, then attach to the listed forms and category.","Custom value is scoped by userid + companyid + fieldid. Sensitive=Yes requires local/orgprofile:viewsensitive and editsensitive.","ABC International School → school; default form: None; resolve by assigned user type","New organization-specific recommendation"
"Field Definition + Placement Map","3 Field Library → 5 Categories → 6 Form Fields","School","school","10","Yes","Student|student|10; Teacher|teacher|20; Parent|parent|30; Principal|principal|40","See Organization Setup record for School","Employment","employment","40","No","School Designation","New (plugin-defined)","school_designation","School Designation","menu","","No","Yes","Inherit","Inherit","none","Yes","No","No","Yes","","{""teacher"":""Teacher"",""senior_teacher"":""Senior teacher"",""coordinator"":""Coordinator"",""vice_principal"":""Vice principal"",""principal"":""Principal""}","","10","Teacher; Principal","School Teacher Profile; School Principal Profile","Field Library; Form Categories; Form Fields","Create once in Field Library, then attach to the listed forms and category.","Profile classification only; does not grant a Moodle role. Sensitive=Yes requires local/orgprofile:viewsensitive and editsensitive.","ABC International School → school; default form: None; resolve by assigned user type","New organization-specific recommendation"
"Field Definition + Placement Map","3 Field Library → 5 Categories → 6 Form Fields","University","university","20","Yes","Student|student|10; Faculty|faculty|20; Researcher|researcher|30; Staff|staff|40; Alumni|alumni|50","See Organization Setup record for University","Identification","identification","30","No","University Student Number","New (plugin-defined)","university_student_number","University Student Number","text","","No","Yes","Inherit","Inherit","company","Yes","No","No","Yes","","","{""maxlength"":50}","10","Student","University Student Profile","Field Library; Form Categories; Form Fields","Create once in Field Library, then attach to the listed forms and category.","Custom value is scoped by userid + companyid + fieldid. Sensitive=Yes requires local/orgprofile:viewsensitive and editsensitive.","Nova State University → university; default form: None; resolve by assigned user type","New organization-specific recommendation"
"Field Definition + Placement Map","3 Field Library → 5 Categories → 6 Form Fields","University","university","20","Yes","Student|student|10; Faculty|faculty|20; Researcher|researcher|30; Staff|staff|40; Alumni|alumni|50","See Organization Setup record for University","Identification","identification","30","No","University Registration Number","New (plugin-defined)","university_registration_number","University Registration Number","text","","No","No","Inherit","Inherit","site","Yes","No","No","Yes","","","{""maxlength"":80}","20","Student","University Student Profile","Field Library; Form Categories; Form Fields","Create once in Field Library, then attach to the listed forms and category.","Custom value is scoped by userid + companyid + fieldid. Sensitive=Yes requires local/orgprofile:viewsensitive and editsensitive.","Nova State University → university; default form: None; resolve by assigned user type","New organization-specific recommendation"
"Field Definition + Placement Map","3 Field Library → 5 Categories → 6 Form Fields","University","university","20","Yes","Student|student|10; Faculty|faculty|20; Researcher|researcher|30; Staff|staff|40; Alumni|alumni|50","See Organization Setup record for University","Academic","academic","40","No","Admission Date","New (plugin-defined)","university_admission_date","Admission Date","date","","No","No","Inherit","Inherit","none","Yes","No","No","Yes","","","{""date"":true}","10","Student","University Student Profile","Field Library; Form Categories; Form Fields","Create once in Field Library, then attach to the listed forms and category.","Custom value is scoped by userid + companyid + fieldid. Sensitive=Yes requires local/orgprofile:viewsensitive and editsensitive.","Nova State University → university; default form: None; resolve by assigned user type","New organization-specific recommendation"
"Field Definition + Placement Map","3 Field Library → 5 Categories → 6 Form Fields","University","university","20","Yes","Student|student|10; Faculty|faculty|20; Researcher|researcher|30; Staff|staff|40; Alumni|alumni|50","See Organization Setup record for University","Academic","academic","40","No","Student Status","New (plugin-defined)","university_student_status","Student Status","menu","","No","Yes","Inherit","Inherit","none","Yes","No","No","Yes","","[""Active"",""Deferred"",""Suspended"",""Withdrawn"",""Graduated""]","","20","Student","University Student Profile","Field Library; Form Categories; Form Fields","Create once in Field Library, then attach to the listed forms and category.","Custom value is scoped by userid + companyid + fieldid. Sensitive=Yes requires local/orgprofile:viewsensitive and editsensitive.","Nova State University → university; default form: None; resolve by assigned user type","New organization-specific recommendation"
"Field Definition + Placement Map","3 Field Library → 5 Categories → 6 Form Fields","University","university","20","Yes","Student|student|10; Faculty|faculty|20; Researcher|researcher|30; Staff|staff|40; Alumni|alumni|50","See Organization Setup record for University","Academic","academic","40","No","Programme Name","New (plugin-defined)","university_programme_name","Programme Name","text","","No","Yes","Inherit","Inherit","none","Yes","No","No","Yes","","","{""maxlength"":200}","30","Student; Alumni","University Student Profile; University Alumni Profile","Field Library; Form Categories; Form Fields","Create once in Field Library, then attach to the listed forms and category.","Profile attribute only; it does not replace Moodle Course or IOMAD Department. Sensitive=Yes requires local/orgprofile:viewsensitive and editsensitive.","Nova State University → university; default form: None; resolve by assigned user type","New organization-specific recommendation"
"Field Definition + Placement Map","3 Field Library → 5 Categories → 6 Form Fields","University","university","20","Yes","Student|student|10; Faculty|faculty|20; Researcher|researcher|30; Staff|staff|40; Alumni|alumni|50","See Organization Setup record for University","Academic","academic","40","No","Programme Level","New (plugin-defined)","university_programme_level","Programme Level","menu","","No","Yes","Inherit","Inherit","none","Yes","No","No","Yes","","[""Undergraduate"",""Postgraduate"",""Doctoral"",""Diploma"",""Certificate"",""Other""]","","40","Student; Alumni","University Student Profile; University Alumni Profile","Field Library; Form Categories; Form Fields","Create once in Field Library, then attach to the listed forms and category.","Custom value is scoped by userid + companyid + fieldid. Sensitive=Yes requires local/orgprofile:viewsensitive and editsensitive.","Nova State University → university; default form: None; resolve by assigned user type","New organization-specific recommendation"
"Field Definition + Placement Map","3 Field Library → 5 Categories → 6 Form Fields","University","university","20","Yes","Student|student|10; Faculty|faculty|20; Researcher|researcher|30; Staff|staff|40; Alumni|alumni|50","See Organization Setup record for University","Academic","academic","40","No","Study Mode","New (plugin-defined)","university_study_mode","Study Mode","menu","","No","No","Inherit","Inherit","none","Yes","No","No","Yes","","[""Full time"",""Part time"",""Online"",""Blended"",""Distance""]","","50","Student","University Student Profile","Field Library; Form Categories; Form Fields","Create once in Field Library, then attach to the listed forms and category.","Custom value is scoped by userid + companyid + fieldid. Sensitive=Yes requires local/orgprofile:viewsensitive and editsensitive.","Nova State University → university; default form: None; resolve by assigned user type","New organization-specific recommendation"
"Field Definition + Placement Map","3 Field Library → 5 Categories → 6 Form Fields","University","university","20","Yes","Student|student|10; Faculty|faculty|20; Researcher|researcher|30; Staff|staff|40; Alumni|alumni|50","See Organization Setup record for University","Academic","academic","40","No","Current Semester","New (plugin-defined)","university_current_semester","Current Semester","integer","","No","No","Inherit","Inherit","none","Yes","No","No","Yes","","","{""integer"":true,""min"":1,""max"":20}","60","Student","University Student Profile","Field Library; Form Categories; Form Fields","Create once in Field Library, then attach to the listed forms and category.","Custom value is scoped by userid + companyid + fieldid. Sensitive=Yes requires local/orgprofile:viewsensitive and editsensitive.","Nova State University → university; default form: None; resolve by assigned user type","New organization-specific recommendation"
"Field Definition + Placement Map","3 Field Library → 5 Categories → 6 Form Fields","University","university","20","Yes","Student|student|10; Faculty|faculty|20; Researcher|researcher|30; Staff|staff|40; Alumni|alumni|50","See Organization Setup record for University","Academic","academic","40","No","Expected Graduation Year","New (plugin-defined)","expected_graduation_year","Expected Graduation Year","integer","","No","No","Inherit","Inherit","none","Yes","No","No","Yes","","","{""integer"":true,""min"":2000,""max"":2200}","70","Student","University Student Profile","Field Library; Form Categories; Form Fields","Create once in Field Library, then attach to the listed forms and category.","Custom value is scoped by userid + companyid + fieldid. Sensitive=Yes requires local/orgprofile:viewsensitive and editsensitive.","Nova State University → university; default form: None; resolve by assigned user type","New organization-specific recommendation"
"Field Definition + Placement Map","3 Field Library → 5 Categories → 6 Form Fields","University","university","20","Yes","Student|student|10; Faculty|faculty|20; Researcher|researcher|30; Staff|staff|40; Alumni|alumni|50","See Organization Setup record for University","Identification","identification","30","No","Research Scholar ID","New (plugin-defined)","research_scholar_id","Research Scholar ID","text","","No","No","Inherit","Inherit","company","Yes","No","No","Yes","","","{""maxlength"":50}","30","Researcher","University Researcher Profile","Field Library; Form Categories; Form Fields","Create once in Field Library, then attach to the listed forms and category.","Custom value is scoped by userid + companyid + fieldid. Sensitive=Yes requires local/orgprofile:viewsensitive and editsensitive.","Nova State University → university; default form: None; resolve by assigned user type","New organization-specific recommendation"
"Field Definition + Placement Map","3 Field Library → 5 Categories → 6 Form Fields","University","university","20","Yes","Student|student|10; Faculty|faculty|20; Researcher|researcher|30; Staff|staff|40; Alumni|alumni|50","See Organization Setup record for University","Research","research","50","No","ORCID Profile URL","New (plugin-defined)","orcid_profile_url","ORCID Profile URL","url","","No","No","Inherit","Inherit","site","Yes","No","No","Yes","","","{""url"":true,""maxlength"":500}","10","Researcher; Faculty","University Faculty Profile; University Researcher Profile","Field Library; Form Categories; Form Fields","Create once in Field Library, then attach to the listed forms and category.","Custom value is scoped by userid + companyid + fieldid. Sensitive=Yes requires local/orgprofile:viewsensitive and editsensitive.","Nova State University → university; default form: None; resolve by assigned user type","New organization-specific recommendation"
"Field Definition + Placement Map","3 Field Library → 5 Categories → 6 Form Fields","University","university","20","Yes","Student|student|10; Faculty|faculty|20; Researcher|researcher|30; Staff|staff|40; Alumni|alumni|50","See Organization Setup record for University","Research","research","50","No","Research Area","New (plugin-defined)","research_area","Research Area","textarea","","No","No","Inherit","Inherit","none","Yes","No","No","Yes","","","{""maxlength"":1500}","20","Researcher; Faculty","University Faculty Profile; University Researcher Profile","Field Library; Form Categories; Form Fields","Create once in Field Library, then attach to the listed forms and category.","Custom value is scoped by userid + companyid + fieldid. Sensitive=Yes requires local/orgprofile:viewsensitive and editsensitive.","Nova State University → university; default form: None; resolve by assigned user type","New organization-specific recommendation"
"Field Definition + Placement Map","3 Field Library → 5 Categories → 6 Form Fields","University","university","20","Yes","Student|student|10; Faculty|faculty|20; Researcher|researcher|30; Staff|staff|40; Alumni|alumni|50","See Organization Setup record for University","Research","research","50","No","Thesis / Project Title","New (plugin-defined)","thesis_project_title","Thesis / Project Title","textarea","","No","No","Inherit","Inherit","none","Yes","No","No","Yes","","","{""maxlength"":500}","30","Researcher","University Researcher Profile","Field Library; Form Categories; Form Fields","Create once in Field Library, then attach to the listed forms and category.","Custom value is scoped by userid + companyid + fieldid. Sensitive=Yes requires local/orgprofile:viewsensitive and editsensitive.","Nova State University → university; default form: None; resolve by assigned user type","New organization-specific recommendation"
"Field Definition + Placement Map","3 Field Library → 5 Categories → 6 Form Fields","University","university","20","Yes","Student|student|10; Faculty|faculty|20; Researcher|researcher|30; Staff|staff|40; Alumni|alumni|50","See Organization Setup record for University","Research","research","50","No","Supervisor Name","New (plugin-defined)","supervisor_name","Supervisor Name","text","","No","No","Inherit","Inherit","none","Yes","No","No","Yes","","","{""maxlength"":150}","40","Researcher","University Researcher Profile","Field Library; Form Categories; Form Fields","Create once in Field Library, then attach to the listed forms and category.","Informational only; V1 does not establish a Moodle relationship. Sensitive=Yes requires local/orgprofile:viewsensitive and editsensitive.","Nova State University → university; default form: None; resolve by assigned user type","New organization-specific recommendation"
"Field Definition + Placement Map","3 Field Library → 5 Categories → 6 Form Fields","University","university","20","Yes","Student|student|10; Faculty|faculty|20; Researcher|researcher|30; Staff|staff|40; Alumni|alumni|50","See Organization Setup record for University","Identification","identification","30","No","Alumni ID","New (plugin-defined)","university_alumni_id","Alumni ID","text","","No","No","Inherit","Inherit","company","Yes","No","No","Yes","","","{""maxlength"":50}","40","Alumni","University Alumni Profile","Field Library; Form Categories; Form Fields","Create once in Field Library, then attach to the listed forms and category.","Custom value is scoped by userid + companyid + fieldid. Sensitive=Yes requires local/orgprofile:viewsensitive and editsensitive.","Nova State University → university; default form: None; resolve by assigned user type","New organization-specific recommendation"
"Field Definition + Placement Map","3 Field Library → 5 Categories → 6 Form Fields","University","university","20","Yes","Student|student|10; Faculty|faculty|20; Researcher|researcher|30; Staff|staff|40; Alumni|alumni|50","See Organization Setup record for University","Academic","academic","40","No","Graduation Year","New (plugin-defined)","university_graduation_year","Graduation Year","integer","","No","No","Inherit","Inherit","none","Yes","No","No","Yes","","","{""integer"":true,""min"":1900,""max"":2200}","80","Alumni","University Alumni Profile","Field Library; Form Categories; Form Fields","Create once in Field Library, then attach to the listed forms and category.","Custom value is scoped by userid + companyid + fieldid. Sensitive=Yes requires local/orgprofile:viewsensitive and editsensitive.","Nova State University → university; default form: None; resolve by assigned user type","New organization-specific recommendation"
"Field Definition + Placement Map","3 Field Library → 5 Categories → 6 Form Fields","Training Institute","training_institute","30","Yes","Learner|learner|10; Trainer|trainer|20; Coordinator|coordinator|30; Assessor|assessor|40","See Organization Setup record for Training Institute","Identification","identification","30","No","Learner ID","New (plugin-defined)","training_learner_id","Learner ID","text","","No","Yes","Inherit","Inherit","company","Yes","No","No","Yes","","","{""maxlength"":50}","10","Learner","Training Institute Learner Profile","Field Library; Form Categories; Form Fields","Create once in Field Library, then attach to the listed forms and category.","Custom value is scoped by userid + companyid + fieldid. Sensitive=Yes requires local/orgprofile:viewsensitive and editsensitive.","SkillBridge Academy → training_institute; default form: None","New organization-specific recommendation"
"Field Definition + Placement Map","3 Field Library → 5 Categories → 6 Form Fields","Training Institute","training_institute","30","Yes","Learner|learner|10; Trainer|trainer|20; Coordinator|coordinator|30; Assessor|assessor|40","See Organization Setup record for Training Institute","Identification","identification","30","No","Enrollment Reference","New (plugin-defined)","training_enrollment_reference","Enrollment Reference","text","","No","No","Inherit","Inherit","company","Yes","No","No","Yes","","","{""maxlength"":80}","20","Learner","Training Institute Learner Profile","Field Library; Form Categories; Form Fields","Create once in Field Library, then attach to the listed forms and category.","Custom value is scoped by userid + companyid + fieldid. Sensitive=Yes requires local/orgprofile:viewsensitive and editsensitive.","SkillBridge Academy → training_institute; default form: None","New organization-specific recommendation"
"Field Definition + Placement Map","3 Field Library → 5 Categories → 6 Form Fields","Training Institute","training_institute","30","Yes","Learner|learner|10; Trainer|trainer|20; Coordinator|coordinator|30; Assessor|assessor|40","See Organization Setup record for Training Institute","Program / Service","program_service","50","No","Enrollment Date","New (plugin-defined)","training_enrollment_date","Enrollment Date","date","","No","No","Inherit","Inherit","none","Yes","No","No","Yes","","","{""date"":true}","10","Learner","Training Institute Learner Profile","Field Library; Form Categories; Form Fields","Create once in Field Library, then attach to the listed forms and category.","Custom value is scoped by userid + companyid + fieldid. Sensitive=Yes requires local/orgprofile:viewsensitive and editsensitive.","SkillBridge Academy → training_institute; default form: None","New organization-specific recommendation"
"Field Definition + Placement Map","3 Field Library → 5 Categories → 6 Form Fields","Training Institute","training_institute","30","Yes","Learner|learner|10; Trainer|trainer|20; Coordinator|coordinator|30; Assessor|assessor|40","See Organization Setup record for Training Institute","Program / Service","program_service","50","No","Learner Status","New (plugin-defined)","training_learner_status","Learner Status","menu","","No","Yes","Inherit","Inherit","none","Yes","No","No","Yes","","[""Active"",""Paused"",""Completed"",""Withdrawn""]","","20","Learner","Training Institute Learner Profile","Field Library; Form Categories; Form Fields","Create once in Field Library, then attach to the listed forms and category.","Custom value is scoped by userid + companyid + fieldid. Sensitive=Yes requires local/orgprofile:viewsensitive and editsensitive.","SkillBridge Academy → training_institute; default form: None","New organization-specific recommendation"
"Field Definition + Placement Map","3 Field Library → 5 Categories → 6 Form Fields","Training Institute","training_institute","30","Yes","Learner|learner|10; Trainer|trainer|20; Coordinator|coordinator|30; Assessor|assessor|40","See Organization Setup record for Training Institute","Program / Service","program_service","50","No","Training Mode","New (plugin-defined)","training_mode","Training Mode","menu","","No","No","Inherit","Inherit","none","Yes","No","No","Yes","","[""Classroom"",""Online"",""Blended"",""On-the-job""]","","30","Learner; Trainer","Training Institute Learner Profile; Training Institute Trainer Profile","Field Library; Form Categories; Form Fields","Create once in Field Library, then attach to the listed forms and category.","Custom value is scoped by userid + companyid + fieldid. Sensitive=Yes requires local/orgprofile:viewsensitive and editsensitive.","SkillBridge Academy → training_institute; default form: None","New organization-specific recommendation"
"Field Definition + Placement Map","3 Field Library → 5 Categories → 6 Form Fields","Training Institute","training_institute","30","Yes","Learner|learner|10; Trainer|trainer|20; Coordinator|coordinator|30; Assessor|assessor|40","See Organization Setup record for Training Institute","Program / Service","program_service","50","No","Experience Level","New (plugin-defined)","training_experience_level","Experience Level","menu","","No","No","Inherit","Inherit","none","Yes","No","No","Yes","","[""Beginner"",""Intermediate"",""Advanced""]","","40","Learner","Training Institute Learner Profile","Field Library; Form Categories; Form Fields","Create once in Field Library, then attach to the listed forms and category.","Custom value is scoped by userid + companyid + fieldid. Sensitive=Yes requires local/orgprofile:viewsensitive and editsensitive.","SkillBridge Academy → training_institute; default form: None","New organization-specific recommendation"
"Field Definition + Placement Map","3 Field Library → 5 Categories → 6 Form Fields","Training Institute","training_institute","30","Yes","Learner|learner|10; Trainer|trainer|20; Coordinator|coordinator|30; Assessor|assessor|40","See Organization Setup record for Training Institute","Program / Service","program_service","50","No","Target Occupation","New (plugin-defined)","training_target_occupation","Target Occupation","text","","No","No","Inherit","Inherit","none","Yes","No","No","Yes","","","{""maxlength"":150}","50","Learner","Training Institute Learner Profile","Field Library; Form Categories; Form Fields","Create once in Field Library, then attach to the listed forms and category.","Custom value is scoped by userid + companyid + fieldid. Sensitive=Yes requires local/orgprofile:viewsensitive and editsensitive.","SkillBridge Academy → training_institute; default form: None","New organization-specific recommendation"
"Field Definition + Placement Map","3 Field Library → 5 Categories → 6 Form Fields","Training Institute","training_institute","30","Yes","Learner|learner|10; Trainer|trainer|20; Coordinator|coordinator|30; Assessor|assessor|40","See Organization Setup record for Training Institute","Credentialing","credentialing","50","No","Certification Number","New (plugin-defined)","training_certification_number","Certification Number","text","","No","No","Inherit","Inherit","company","Yes","No","No","Yes","","","{""maxlength"":100}","10","Learner","Training Institute Learner Profile","Field Library; Form Categories; Form Fields","Create once in Field Library, then attach to the listed forms and category.","Custom value is scoped by userid + companyid + fieldid. Sensitive=Yes requires local/orgprofile:viewsensitive and editsensitive.","SkillBridge Academy → training_institute; default form: None","New organization-specific recommendation"
"Field Definition + Placement Map","3 Field Library → 5 Categories → 6 Form Fields","Training Institute","training_institute","30","Yes","Learner|learner|10; Trainer|trainer|20; Coordinator|coordinator|30; Assessor|assessor|40","See Organization Setup record for Training Institute","Credentialing","credentialing","50","No","Certification Issue Date","New (plugin-defined)","training_certification_issue_date","Certification Issue Date","date","","No","No","Inherit","Inherit","none","Yes","No","No","Yes","","","{""date"":true}","20","Learner","Training Institute Learner Profile","Field Library; Form Categories; Form Fields","Create once in Field Library, then attach to the listed forms and category.","Custom value is scoped by userid + companyid + fieldid. Sensitive=Yes requires local/orgprofile:viewsensitive and editsensitive.","SkillBridge Academy → training_institute; default form: None","New organization-specific recommendation"
"Field Definition + Placement Map","3 Field Library → 5 Categories → 6 Form Fields","Training Institute","training_institute","30","Yes","Learner|learner|10; Trainer|trainer|20; Coordinator|coordinator|30; Assessor|assessor|40","See Organization Setup record for Training Institute","Credentialing","credentialing","50","No","Certification Expiry Date","New (plugin-defined)","training_certification_expiry_date","Certification Expiry Date","date","","No","No","Inherit","Inherit","none","Yes","No","No","Yes","","","{""date"":true}","30","Learner","Training Institute Learner Profile","Field Library; Form Categories; Form Fields","V1 records the date but has no expiry workflow.","Custom value is scoped by userid + companyid + fieldid. Sensitive=Yes requires local/orgprofile:viewsensitive and editsensitive.","SkillBridge Academy → training_institute; default form: None","New organization-specific recommendation"
"Field Definition + Placement Map","3 Field Library → 5 Categories → 6 Form Fields","Training Institute","training_institute","30","Yes","Learner|learner|10; Trainer|trainer|20; Coordinator|coordinator|30; Assessor|assessor|40","See Organization Setup record for Training Institute","Identification","identification","30","No","Trainer ID","New (plugin-defined)","training_trainer_id","Trainer ID","text","","No","Yes","Inherit","Inherit","company","Yes","No","No","Yes","","","{""maxlength"":50}","30","Trainer","Training Institute Trainer Profile","Field Library; Form Categories; Form Fields","Create once in Field Library, then attach to the listed forms and category.","Custom value is scoped by userid + companyid + fieldid. Sensitive=Yes requires local/orgprofile:viewsensitive and editsensitive.","SkillBridge Academy → training_institute; default form: None","New organization-specific recommendation"
"Field Definition + Placement Map","3 Field Library → 5 Categories → 6 Form Fields","Training Institute","training_institute","30","Yes","Learner|learner|10; Trainer|trainer|20; Coordinator|coordinator|30; Assessor|assessor|40","See Organization Setup record for Training Institute","Identification","identification","30","No","Assessor ID","New (plugin-defined)","training_assessor_id","Assessor ID","text","","No","Yes","Inherit","Inherit","company","Yes","No","No","Yes","","","{""maxlength"":50}","40","Assessor","Training Institute Assessor Profile","Field Library; Form Categories; Form Fields","Create once in Field Library, then attach to the listed forms and category.","Custom value is scoped by userid + companyid + fieldid. Sensitive=Yes requires local/orgprofile:viewsensitive and editsensitive.","SkillBridge Academy → training_institute; default form: None","New organization-specific recommendation"
"Field Definition + Placement Map","3 Field Library → 5 Categories → 6 Form Fields","Training Institute","training_institute","30","Yes","Learner|learner|10; Trainer|trainer|20; Coordinator|coordinator|30; Assessor|assessor|40","See Organization Setup record for Training Institute","Professional","professional","50","No","Expertise Area","New (plugin-defined)","training_expertise_area","Expertise Area","textarea","","No","No","Inherit","Inherit","none","Yes","No","No","Yes","","","{""maxlength"":1000}","10","Trainer; Assessor","Training Institute Trainer Profile; Training Institute Assessor Profile","Field Library; Form Categories; Form Fields","Create once in Field Library, then attach to the listed forms and category.","Custom value is scoped by userid + companyid + fieldid. Sensitive=Yes requires local/orgprofile:viewsensitive and editsensitive.","SkillBridge Academy → training_institute; default form: None","New organization-specific recommendation"
"Field Definition + Placement Map","3 Field Library → 5 Categories → 6 Form Fields","Training Institute","training_institute","30","Yes","Learner|learner|10; Trainer|trainer|20; Coordinator|coordinator|30; Assessor|assessor|40","See Organization Setup record for Training Institute","Program / Service","program_service","50","No","Coordination Region","New (plugin-defined)","training_coordination_region","Coordination Region","text","","No","No","Inherit","Inherit","none","Yes","No","No","Yes","","","{""maxlength"":150}","60","Coordinator","Training Institute Coordinator Profile","Field Library; Form Categories; Form Fields","Create once in Field Library, then attach to the listed forms and category.","Custom value is scoped by userid + companyid + fieldid. Sensitive=Yes requires local/orgprofile:viewsensitive and editsensitive.","SkillBridge Academy → training_institute; default form: None","New organization-specific recommendation"
"Field Definition + Placement Map","3 Field Library → 5 Categories → 6 Form Fields","Consulting Firm","consulting_firm","40","Yes","Consultant|consultant|10; Project Manager|project_manager|20; Partner|partner|30; Operations Staff|operations_staff|40","See Organization Setup record for Consulting Firm","Identification","identification","30","No","Consultant ID","New (plugin-defined)","consultant_id","Consultant ID","text","","No","Yes","Inherit","Inherit","company","Yes","No","No","Yes","","","{""maxlength"":50}","10","Consultant; Project Manager; Partner","Consulting Firm Consultant Profile; Consulting Firm Project Manager Profile; Consulting Firm Partner Profile","Field Library; Form Categories; Form Fields","Create once in Field Library, then attach to the listed forms and category.","Custom value is scoped by userid + companyid + fieldid. Sensitive=Yes requires local/orgprofile:viewsensitive and editsensitive.","Insight Advisory LLP → consulting_firm; default form: None","New organization-specific recommendation"
"Field Definition + Placement Map","3 Field Library → 5 Categories → 6 Form Fields","Consulting Firm","consulting_firm","40","Yes","Consultant|consultant|10; Project Manager|project_manager|20; Partner|partner|30; Operations Staff|operations_staff|40","See Organization Setup record for Consulting Firm","Professional","professional","50","No","Practice Area","New (plugin-defined)","consulting_practice_area","Practice Area","text","","No","Yes","Inherit","Inherit","none","Yes","No","No","Yes","","","{""maxlength"":150}","10","Consultant; Project Manager; Partner","Consulting Firm Consultant Profile; Consulting Firm Project Manager Profile; Consulting Firm Partner Profile","Field Library; Form Categories; Form Fields","Create once in Field Library, then attach to the listed forms and category.","Custom value is scoped by userid + companyid + fieldid. Sensitive=Yes requires local/orgprofile:viewsensitive and editsensitive.","Insight Advisory LLP → consulting_firm; default form: None","New organization-specific recommendation"
"Field Definition + Placement Map","3 Field Library → 5 Categories → 6 Form Fields","Consulting Firm","consulting_firm","40","Yes","Consultant|consultant|10; Project Manager|project_manager|20; Partner|partner|30; Operations Staff|operations_staff|40","See Organization Setup record for Consulting Firm","Employment","employment","40","No","Consultant Grade","New (plugin-defined)","consultant_grade","Consultant Grade","menu","","No","No","Inherit","Inherit","none","Yes","No","No","Yes","","[""Analyst"",""Consultant"",""Senior Consultant"",""Manager"",""Senior Manager"",""Director""]","","10","Consultant; Project Manager","Consulting Firm Consultant Profile; Consulting Firm Project Manager Profile","Field Library; Form Categories; Form Fields","Create once in Field Library, then attach to the listed forms and category.","Custom value is scoped by userid + companyid + fieldid. Sensitive=Yes requires local/orgprofile:viewsensitive and editsensitive.","Insight Advisory LLP → consulting_firm; default form: None","New organization-specific recommendation"
"Field Definition + Placement Map","3 Field Library → 5 Categories → 6 Form Fields","Consulting Firm","consulting_firm","40","Yes","Consultant|consultant|10; Project Manager|project_manager|20; Partner|partner|30; Operations Staff|operations_staff|40","See Organization Setup record for Consulting Firm","Employment","employment","40","No","Billable Consultant","New (plugin-defined)","billable_consultant","Billable Consultant","boolean","","No","No","Inherit","Inherit","none","Yes","No","No","Yes","","","","20","Consultant; Project Manager","Consulting Firm Consultant Profile; Consulting Firm Project Manager Profile","Field Library; Form Categories; Form Fields","Create once in Field Library, then attach to the listed forms and category.","Business profile value only; does not control course access. Sensitive=Yes requires local/orgprofile:viewsensitive and editsensitive.","Insight Advisory LLP → consulting_firm; default form: None","New organization-specific recommendation"
"Field Definition + Placement Map","3 Field Library → 5 Categories → 6 Form Fields","Consulting Firm","consulting_firm","40","Yes","Consultant|consultant|10; Project Manager|project_manager|20; Partner|partner|30; Operations Staff|operations_staff|40","See Organization Setup record for Consulting Firm","Employment","employment","40","No","Home Office","New (plugin-defined)","consulting_home_office","Home Office","text","","No","No","Inherit","Inherit","none","Yes","No","No","Yes","","","{""maxlength"":150}","30","Consultant; Project Manager; Partner; Operations Staff","Consulting Firm Consultant Profile; Consulting Firm Project Manager Profile; Consulting Firm Partner Profile; Consulting Firm Operations Staff Profile","Field Library; Form Categories; Form Fields","Create once in Field Library, then attach to the listed forms and category.","Custom value is scoped by userid + companyid + fieldid. Sensitive=Yes requires local/orgprofile:viewsensitive and editsensitive.","Insight Advisory LLP → consulting_firm; default form: None","New organization-specific recommendation"
"Field Definition + Placement Map","3 Field Library → 5 Categories → 6 Form Fields","Consulting Firm","consulting_firm","40","Yes","Consultant|consultant|10; Project Manager|project_manager|20; Partner|partner|30; Operations Staff|operations_staff|40","See Organization Setup record for Consulting Firm","Professional","professional","50","No","Travel Readiness","New (plugin-defined)","travel_readiness","Travel Readiness","menu","","No","No","Inherit","Inherit","none","Yes","No","No","Yes","","[""No travel"",""Occasional"",""Frequent"",""International""]","","20","Consultant; Project Manager","Consulting Firm Consultant Profile; Consulting Firm Project Manager Profile","Field Library; Form Categories; Form Fields","Create once in Field Library, then attach to the listed forms and category.","Custom value is scoped by userid + companyid + fieldid. Sensitive=Yes requires local/orgprofile:viewsensitive and editsensitive.","Insight Advisory LLP → consulting_firm; default form: None","New organization-specific recommendation"
"Field Definition + Placement Map","3 Field Library → 5 Categories → 6 Form Fields","Consulting Firm","consulting_firm","40","Yes","Consultant|consultant|10; Project Manager|project_manager|20; Partner|partner|30; Operations Staff|operations_staff|40","See Organization Setup record for Consulting Firm","Professional","professional","50","No","Sector Experience","New (plugin-defined)","sector_experience","Sector Experience","textarea","","No","No","Inherit","Inherit","none","Yes","No","No","Yes","","","{""maxlength"":1500}","30","Consultant; Project Manager; Partner","Consulting Firm Consultant Profile; Consulting Firm Project Manager Profile; Consulting Firm Partner Profile","Field Library; Form Categories; Form Fields","Create once in Field Library, then attach to the listed forms and category.","Custom value is scoped by userid + companyid + fieldid. Sensitive=Yes requires local/orgprofile:viewsensitive and editsensitive.","Insight Advisory LLP → consulting_firm; default form: None","New organization-specific recommendation"
"Field Definition + Placement Map","3 Field Library → 5 Categories → 6 Form Fields","Consulting Firm","consulting_firm","40","Yes","Consultant|consultant|10; Project Manager|project_manager|20; Partner|partner|30; Operations Staff|operations_staff|40","See Organization Setup record for Consulting Firm","Credentialing","credentialing","50","No","Certification Summary","New (plugin-defined)","consulting_certification_summary","Certification Summary","textarea","","No","No","Inherit","Inherit","none","Yes","No","No","Yes","","","{""maxlength"":1000}","10","Consultant; Project Manager","Consulting Firm Consultant Profile; Consulting Firm Project Manager Profile","Field Library; Form Categories; Form Fields","Create once in Field Library, then attach to the listed forms and category.","Custom value is scoped by userid + companyid + fieldid. Sensitive=Yes requires local/orgprofile:viewsensitive and editsensitive.","Insight Advisory LLP → consulting_firm; default form: None","New organization-specific recommendation"
"Field Definition + Placement Map","3 Field Library → 5 Categories → 6 Form Fields","Consulting Firm","consulting_firm","40","Yes","Consultant|consultant|10; Project Manager|project_manager|20; Partner|partner|30; Operations Staff|operations_staff|40","See Organization Setup record for Consulting Firm","Employment","employment","40","No","People / Project Manager","New (plugin-defined)","consulting_manager_flag","People / Project Manager","boolean","","No","No","Inherit","Inherit","none","Yes","No","No","Yes","","","","40","Project Manager","Consulting Firm Project Manager Profile","Field Library; Form Categories; Form Fields","Create once in Field Library, then attach to the listed forms and category.","Profile classification only; does not grant authorization. Sensitive=Yes requires local/orgprofile:viewsensitive and editsensitive.","Insight Advisory LLP → consulting_firm; default form: None","New organization-specific recommendation"
"Field Definition + Placement Map","3 Field Library → 5 Categories → 6 Form Fields","Consulting Firm","consulting_firm","40","Yes","Consultant|consultant|10; Project Manager|project_manager|20; Partner|partner|30; Operations Staff|operations_staff|40","See Organization Setup record for Consulting Firm","Professional","professional","50","No","Partner Specialisation","New (plugin-defined)","partner_specialisation","Partner Specialisation","textarea","","No","No","Inherit","Inherit","none","Yes","No","No","Yes","","","{""maxlength"":1000}","40","Partner","Consulting Firm Partner Profile","Field Library; Form Categories; Form Fields","Create once in Field Library, then attach to the listed forms and category.","Custom value is scoped by userid + companyid + fieldid. Sensitive=Yes requires local/orgprofile:viewsensitive and editsensitive.","Insight Advisory LLP → consulting_firm; default form: None","New organization-specific recommendation"
"Field Definition + Placement Map","3 Field Library → 5 Categories → 6 Form Fields","Consulting Firm","consulting_firm","40","Yes","Consultant|consultant|10; Project Manager|project_manager|20; Partner|partner|30; Operations Staff|operations_staff|40","See Organization Setup record for Consulting Firm","Employment","employment","40","No","Utilization Target","New (plugin-defined)","utilization_target","Utilization Target","decimal","","No","No","Inherit","Inherit","none","Yes","No","Yes","Yes","","","{""min"":0,""max"":1}","50","Consultant; Project Manager","Consulting Firm Consultant Profile; Consulting Firm Project Manager Profile","Field Library; Form Categories; Form Fields","Decimal 0–1. Consider whether this belongs in HR systems before collecting in LMS.","Custom value is scoped by userid + companyid + fieldid. Sensitive=Yes requires local/orgprofile:viewsensitive and editsensitive.","Insight Advisory LLP → consulting_firm; default form: None","New organization-specific recommendation"
"Field Definition + Placement Map","3 Field Library → 5 Categories → 6 Form Fields","Corporate Organization","corporate","50","Yes","Employee|employee|10; Instructor|instructor|20; Manager|manager|30; Contractor|contractor|40","See Organization Setup record for Corporate Organization","Identification","identification","30","No","Corporate Employee ID","New (plugin-defined)","corporate_employee_id","Corporate Employee ID","text","","No","Yes","Inherit","Inherit","company","Yes","No","No","Yes","","","{""maxlength"":50}","10","Employee; Instructor; Manager; Contractor","Corporate Organization Employee Profile; Corporate Organization Instructor Profile; Corporate Organization Manager Profile; Corporate Organization Contractor Profile","Field Library; Form Categories; Form Fields","Create once in Field Library, then attach to the listed forms and category.","Custom value is scoped by userid + companyid + fieldid. Sensitive=Yes requires local/orgprofile:viewsensitive and editsensitive.","NovaTech Industries → corporate; default form: None","New organization-specific recommendation"
"Field Definition + Placement Map","3 Field Library → 5 Categories → 6 Form Fields","Corporate Organization","corporate","50","Yes","Employee|employee|10; Instructor|instructor|20; Manager|manager|30; Contractor|contractor|40","See Organization Setup record for Corporate Organization","Employment","employment","40","No","Job Level","New (plugin-defined)","corporate_job_level","Job Level","menu","","No","No","Inherit","Inherit","none","Yes","No","No","Yes","","[""Entry"",""Associate"",""Senior"",""Lead"",""Manager"",""Director"",""Executive""]","","10","Employee; Instructor; Manager","Corporate Organization Employee Profile; Corporate Organization Instructor Profile; Corporate Organization Manager Profile","Field Library; Form Categories; Form Fields","Create once in Field Library, then attach to the listed forms and category.","Profile classification only; not a Moodle role. Sensitive=Yes requires local/orgprofile:viewsensitive and editsensitive.","NovaTech Industries → corporate; default form: None","New organization-specific recommendation"
"Field Definition + Placement Map","3 Field Library → 5 Categories → 6 Form Fields","Corporate Organization","corporate","50","Yes","Employee|employee|10; Instructor|instructor|20; Manager|manager|30; Contractor|contractor|40","See Organization Setup record for Corporate Organization","Employment","employment","40","No","Work Location","New (plugin-defined)","corporate_work_location","Work Location","text","","No","Yes","Inherit","Inherit","none","Yes","No","No","Yes","","","{""maxlength"":150}","20","Employee; Instructor; Manager; Contractor","Corporate Organization Employee Profile; Corporate Organization Instructor Profile; Corporate Organization Manager Profile; Corporate Organization Contractor Profile","Field Library; Form Categories; Form Fields","Create once in Field Library, then attach to the listed forms and category.","Do not use this field to replace IOMAD Department. Sensitive=Yes requires local/orgprofile:viewsensitive and editsensitive.","NovaTech Industries → corporate; default form: None","New organization-specific recommendation"
"Field Definition + Placement Map","3 Field Library → 5 Categories → 6 Form Fields","Corporate Organization","corporate","50","Yes","Employee|employee|10; Instructor|instructor|20; Manager|manager|30; Contractor|contractor|40","See Organization Setup record for Corporate Organization","Employment","employment","40","No","Employee Status","New (plugin-defined)","corporate_employee_status","Employee Status","menu","","No","Yes","Inherit","Inherit","none","Yes","No","No","Yes","","[""Active"",""Leave"",""Inactive"",""Separated""]","","30","Employee; Instructor; Manager; Contractor","Corporate Organization Employee Profile; Corporate Organization Instructor Profile; Corporate Organization Manager Profile; Corporate Organization Contractor Profile","Field Library; Form Categories; Form Fields","Create once in Field Library, then attach to the listed forms and category.","Custom value is scoped by userid + companyid + fieldid. Sensitive=Yes requires local/orgprofile:viewsensitive and editsensitive.","NovaTech Industries → corporate; default form: None","New organization-specific recommendation"
"Field Definition + Placement Map","3 Field Library → 5 Categories → 6 Form Fields","Corporate Organization","corporate","50","Yes","Employee|employee|10; Instructor|instructor|20; Manager|manager|30; Contractor|contractor|40","See Organization Setup record for Corporate Organization","Professional","professional","50","No","Skills Summary","New (plugin-defined)","corporate_skills_summary","Skills Summary","textarea","","No","No","Inherit","Inherit","none","Yes","No","No","Yes","","","{""maxlength"":2000}","10","Employee; Instructor; Manager; Contractor","Corporate Organization Employee Profile; Corporate Organization Instructor Profile; Corporate Organization Manager Profile; Corporate Organization Contractor Profile","Field Library; Form Categories; Form Fields","Create once in Field Library, then attach to the listed forms and category.","Custom value is scoped by userid + companyid + fieldid. Sensitive=Yes requires local/orgprofile:viewsensitive and editsensitive.","NovaTech Industries → corporate; default form: None","New organization-specific recommendation"
"Field Definition + Placement Map","3 Field Library → 5 Categories → 6 Form Fields","Corporate Organization","corporate","50","Yes","Employee|employee|10; Instructor|instructor|20; Manager|manager|30; Contractor|contractor|40","See Organization Setup record for Corporate Organization","Employment","employment","40","No","People Manager","New (plugin-defined)","corporate_people_manager","People Manager","boolean","","No","No","Inherit","Inherit","none","Yes","No","No","Yes","","","","40","Manager","Corporate Organization Manager Profile","Field Library; Form Categories; Form Fields","Create once in Field Library, then attach to the listed forms and category.","Does not grant manager roles or capabilities. Sensitive=Yes requires local/orgprofile:viewsensitive and editsensitive.","NovaTech Industries → corporate; default form: None","New organization-specific recommendation"
"Field Definition + Placement Map","3 Field Library → 5 Categories → 6 Form Fields","Corporate Organization","corporate","50","Yes","Employee|employee|10; Instructor|instructor|20; Manager|manager|30; Contractor|contractor|40","See Organization Setup record for Corporate Organization","Credentialing","credentialing","50","No","Instructor Certification","New (plugin-defined)","corporate_instructor_certification","Instructor Certification","text","","No","No","Inherit","Inherit","none","Yes","No","No","Yes","","","{""maxlength"":200}","10","Instructor","Corporate Organization Instructor Profile","Field Library; Form Categories; Form Fields","Create once in Field Library, then attach to the listed forms and category.","Custom value is scoped by userid + companyid + fieldid. Sensitive=Yes requires local/orgprofile:viewsensitive and editsensitive.","NovaTech Industries → corporate; default form: None","New organization-specific recommendation"
"Field Definition + Placement Map","3 Field Library → 5 Categories → 6 Form Fields","Corporate Organization","corporate","50","Yes","Employee|employee|10; Instructor|instructor|20; Manager|manager|30; Contractor|contractor|40","See Organization Setup record for Corporate Organization","Credentialing","credentialing","50","No","Instructor Certification Expiry","New (plugin-defined)","corporate_instructor_cert_expiry","Instructor Certification Expiry","date","","No","No","Inherit","Inherit","none","Yes","No","No","Yes","","","{""date"":true}","20","Instructor","Corporate Organization Instructor Profile","Field Library; Form Categories; Form Fields","Create once in Field Library, then attach to the listed forms and category.","Custom value is scoped by userid + companyid + fieldid. Sensitive=Yes requires local/orgprofile:viewsensitive and editsensitive.","NovaTech Industries → corporate; default form: None","New organization-specific recommendation"
"Field Definition + Placement Map","3 Field Library → 5 Categories → 6 Form Fields","Corporate Organization","corporate","50","Yes","Employee|employee|10; Instructor|instructor|20; Manager|manager|30; Contractor|contractor|40","See Organization Setup record for Corporate Organization","Employment","employment","40","No","Contract End Date","New (plugin-defined)","corporate_contract_end_date","Contract End Date","date","","No","No","Inherit","Inherit","none","Yes","No","No","Yes","","","{""date"":true}","50","Contractor","Corporate Organization Contractor Profile","Field Library; Form Categories; Form Fields","Create once in Field Library, then attach to the listed forms and category.","Custom value is scoped by userid + companyid + fieldid. Sensitive=Yes requires local/orgprofile:viewsensitive and editsensitive.","NovaTech Industries → corporate; default form: None","New organization-specific recommendation"
"Field Definition + Placement Map","3 Field Library → 5 Categories → 6 Form Fields","Corporate Organization","corporate","50","Yes","Employee|employee|10; Instructor|instructor|20; Manager|manager|30; Contractor|contractor|40","See Organization Setup record for Corporate Organization","Identification","identification","30","No","Global External Identifier","New (plugin-defined)","global_external_identifier","Global External Identifier","text","","No","No","Inherit","Inherit","site","Yes","No","Yes","Yes","","","{""maxlength"":100}","20","Employee; Instructor; Manager; Contractor","Corporate Organization Employee Profile; Corporate Organization Instructor Profile; Corporate Organization Manager Profile; Corporate Organization Contractor Profile","Field Library; Form Categories; Form Fields","Create once in Field Library, then attach to the listed forms and category.","Use site uniqueness only for a genuinely global identifier; never log the value. Sensitive=Yes requires local/orgprofile:viewsensitive and editsensitive.","NovaTech Industries → corporate; default form: None","New organization-specific recommendation"
"Field Definition + Placement Map","3 Field Library → 5 Categories → 6 Form Fields","Hospital / Healthcare","healthcare","60","Yes","Clinical Staff|clinical_staff|10; Nursing Staff|nursing_staff|20; Allied Health Professional|allied_health|30; Administrative Staff|administrative_staff|40; Trainee|trainee|50","See Organization Setup record for Hospital / Healthcare","Identification","identification","30","No","Healthcare Staff ID","New (plugin-defined)","healthcare_staff_id","Healthcare Staff ID","text","","No","Yes","Inherit","Inherit","company","Yes","No","No","Yes","","","{""maxlength"":50}","10","Clinical Staff; Nursing Staff; Allied Health Professional; Administrative Staff; Trainee","Hospital Healthcare Clinical Staff Profile; Hospital Healthcare Nursing Staff Profile; Hospital Healthcare Allied Health Professional Profile; Hospital Healthcare Administrative Staff Profile; Hospital Healthcare Trainee Profile","Field Library; Form Categories; Form Fields","Create once in Field Library, then attach to the listed forms and category.","Custom value is scoped by userid + companyid + fieldid. Sensitive=Yes requires local/orgprofile:viewsensitive and editsensitive.","CityCare Hospital → healthcare; default form: None","New organization-specific recommendation"
"Field Definition + Placement Map","3 Field Library → 5 Categories → 6 Form Fields","Hospital / Healthcare","healthcare","60","Yes","Clinical Staff|clinical_staff|10; Nursing Staff|nursing_staff|20; Allied Health Professional|allied_health|30; Administrative Staff|administrative_staff|40; Trainee|trainee|50","See Organization Setup record for Hospital / Healthcare","Employment","employment","40","No","Staff Category","New (plugin-defined)","healthcare_staff_category","Staff Category","menu","","No","Yes","Inherit","Inherit","none","Yes","No","No","Yes","","[""Medical"",""Nursing"",""Allied Health"",""Administrative"",""Trainee""]","","10","Clinical Staff; Nursing Staff; Allied Health Professional; Administrative Staff; Trainee","Hospital Healthcare Clinical Staff Profile; Hospital Healthcare Nursing Staff Profile; Hospital Healthcare Allied Health Professional Profile; Hospital Healthcare Administrative Staff Profile; Hospital Healthcare Trainee Profile","Field Library; Form Categories; Form Fields","Create once in Field Library, then attach to the listed forms and category.","Profile classification only; never use it as authorization. Sensitive=Yes requires local/orgprofile:viewsensitive and editsensitive.","CityCare Hospital → healthcare; default form: None","New organization-specific recommendation"
"Field Definition + Placement Map","3 Field Library → 5 Categories → 6 Form Fields","Hospital / Healthcare","healthcare","60","Yes","Clinical Staff|clinical_staff|10; Nursing Staff|nursing_staff|20; Allied Health Professional|allied_health|30; Administrative Staff|administrative_staff|40; Trainee|trainee|50","See Organization Setup record for Hospital / Healthcare","Credentialing","credentialing","50","No","Professional Registration Number","New (plugin-defined)","professional_registration_number","Professional Registration Number","text","","No","Yes","Inherit","Inherit","company","Yes","No","Yes","Yes","","","{""maxlength"":100}","10","Clinical Staff; Nursing Staff; Allied Health Professional","Hospital Healthcare Clinical Staff Profile; Hospital Healthcare Nursing Staff Profile; Hospital Healthcare Allied Health Professional Profile","Field Library; Form Categories; Form Fields","Create once in Field Library, then attach to the listed forms and category.","Dedicated sensitive capabilities required. Verify with the issuing authority outside V1. Sensitive=Yes requires local/orgprofile:viewsensitive and editsensitive.","CityCare Hospital → healthcare; default form: None","New organization-specific recommendation"
"Field Definition + Placement Map","3 Field Library → 5 Categories → 6 Form Fields","Hospital / Healthcare","healthcare","60","Yes","Clinical Staff|clinical_staff|10; Nursing Staff|nursing_staff|20; Allied Health Professional|allied_health|30; Administrative Staff|administrative_staff|40; Trainee|trainee|50","See Organization Setup record for Hospital / Healthcare","Credentialing","credentialing","50","No","Registration / Licensing Body","New (plugin-defined)","registration_licensing_body","Registration / Licensing Body","text","","No","Yes","Inherit","Inherit","none","Yes","No","No","Yes","","","{""maxlength"":200}","20","Clinical Staff; Nursing Staff; Allied Health Professional","Hospital Healthcare Clinical Staff Profile; Hospital Healthcare Nursing Staff Profile; Hospital Healthcare Allied Health Professional Profile","Field Library; Form Categories; Form Fields","Create once in Field Library, then attach to the listed forms and category.","Custom value is scoped by userid + companyid + fieldid. Sensitive=Yes requires local/orgprofile:viewsensitive and editsensitive.","CityCare Hospital → healthcare; default form: None","New organization-specific recommendation"
"Field Definition + Placement Map","3 Field Library → 5 Categories → 6 Form Fields","Hospital / Healthcare","healthcare","60","Yes","Clinical Staff|clinical_staff|10; Nursing Staff|nursing_staff|20; Allied Health Professional|allied_health|30; Administrative Staff|administrative_staff|40; Trainee|trainee|50","See Organization Setup record for Hospital / Healthcare","Credentialing","credentialing","50","No","Professional License Expiry","New (plugin-defined)","professional_license_expiry","Professional License Expiry","date","","No","Yes","Inherit","Inherit","none","Yes","No","No","Yes","","","{""date"":true}","30","Clinical Staff; Nursing Staff; Allied Health Professional","Hospital Healthcare Clinical Staff Profile; Hospital Healthcare Nursing Staff Profile; Hospital Healthcare Allied Health Professional Profile","Field Library; Form Categories; Form Fields","V1 records expiry only; no automatic credential workflow.","Custom value is scoped by userid + companyid + fieldid. Sensitive=Yes requires local/orgprofile:viewsensitive and editsensitive.","CityCare Hospital → healthcare; default form: None","New organization-specific recommendation"
"Field Definition + Placement Map","3 Field Library → 5 Categories → 6 Form Fields","Hospital / Healthcare","healthcare","60","Yes","Clinical Staff|clinical_staff|10; Nursing Staff|nursing_staff|20; Allied Health Professional|allied_health|30; Administrative Staff|administrative_staff|40; Trainee|trainee|50","See Organization Setup record for Hospital / Healthcare","Professional","professional","50","No","Clinical Specialty","New (plugin-defined)","clinical_specialty","Clinical Specialty","text","","No","No","Inherit","Inherit","none","Yes","No","No","Yes","","","{""maxlength"":200}","10","Clinical Staff; Nursing Staff; Allied Health Professional","Hospital Healthcare Clinical Staff Profile; Hospital Healthcare Nursing Staff Profile; Hospital Healthcare Allied Health Professional Profile","Field Library; Form Categories; Form Fields","Create once in Field Library, then attach to the listed forms and category.","Staff expertise only; no patient clinical information. Sensitive=Yes requires local/orgprofile:viewsensitive and editsensitive.","CityCare Hospital → healthcare; default form: None","New organization-specific recommendation"
"Field Definition + Placement Map","3 Field Library → 5 Categories → 6 Form Fields","Hospital / Healthcare","healthcare","60","Yes","Clinical Staff|clinical_staff|10; Nursing Staff|nursing_staff|20; Allied Health Professional|allied_health|30; Administrative Staff|administrative_staff|40; Trainee|trainee|50","See Organization Setup record for Hospital / Healthcare","Credentialing","credentialing","50","No","Credential Status","New (plugin-defined)","healthcare_credential_status","Credential Status","menu","","No","No","Inherit","Inherit","none","Yes","Yes","No","Yes","","[""Pending"",""Verified"",""Expired"",""Suspended""]","","40","Clinical Staff; Nursing Staff; Allied Health Professional","Hospital Healthcare Clinical Staff Profile; Hospital Healthcare Nursing Staff Profile; Hospital Healthcare Allied Health Professional Profile","Field Library; Form Categories; Form Fields","Create once in Field Library, then attach to the listed forms and category.","Only authorized credential administrators should edit. Sensitive=Yes requires local/orgprofile:viewsensitive and editsensitive.","CityCare Hospital → healthcare; default form: None","New organization-specific recommendation"
"Field Definition + Placement Map","3 Field Library → 5 Categories → 6 Form Fields","Hospital / Healthcare","healthcare","60","Yes","Clinical Staff|clinical_staff|10; Nursing Staff|nursing_staff|20; Allied Health Professional|allied_health|30; Administrative Staff|administrative_staff|40; Trainee|trainee|50","See Organization Setup record for Hospital / Healthcare","Employment","employment","40","No","Facility Location","New (plugin-defined)","healthcare_facility_location","Facility Location","text","","No","No","Inherit","Inherit","none","Yes","No","No","Yes","","","{""maxlength"":150}","20","Clinical Staff; Nursing Staff; Allied Health Professional; Administrative Staff; Trainee","Hospital Healthcare Clinical Staff Profile; Hospital Healthcare Nursing Staff Profile; Hospital Healthcare Allied Health Professional Profile; Hospital Healthcare Administrative Staff Profile; Hospital Healthcare Trainee Profile","Field Library; Form Categories; Form Fields","Create once in Field Library, then attach to the listed forms and category.","Do not use it to replace IOMAD Department or company hierarchy. Sensitive=Yes requires local/orgprofile:viewsensitive and editsensitive.","CityCare Hospital → healthcare; default form: None","New organization-specific recommendation"
"Field Definition + Placement Map","3 Field Library → 5 Categories → 6 Form Fields","Hospital / Healthcare","healthcare","60","Yes","Clinical Staff|clinical_staff|10; Nursing Staff|nursing_staff|20; Allied Health Professional|allied_health|30; Administrative Staff|administrative_staff|40; Trainee|trainee|50","See Organization Setup record for Hospital / Healthcare","Employment","employment","40","No","Shift Preference","New (plugin-defined)","healthcare_shift_preference","Shift Preference","menu","","No","No","Inherit","Inherit","none","Yes","No","No","Yes","","[""Day"",""Evening"",""Night"",""Rotating"",""No preference""]","","30","Clinical Staff; Nursing Staff; Allied Health Professional","Hospital Healthcare Clinical Staff Profile; Hospital Healthcare Nursing Staff Profile; Hospital Healthcare Allied Health Professional Profile","Field Library; Form Categories; Form Fields","Create once in Field Library, then attach to the listed forms and category.","Custom value is scoped by userid + companyid + fieldid. Sensitive=Yes requires local/orgprofile:viewsensitive and editsensitive.","CityCare Hospital → healthcare; default form: None","New organization-specific recommendation"
"Field Definition + Placement Map","3 Field Library → 5 Categories → 6 Form Fields","Hospital / Healthcare","healthcare","60","Yes","Clinical Staff|clinical_staff|10; Nursing Staff|nursing_staff|20; Allied Health Professional|allied_health|30; Administrative Staff|administrative_staff|40; Trainee|trainee|50","See Organization Setup record for Hospital / Healthcare","Compliance & Consent","compliance_consent","90","Yes","Mandatory Training Due Date","New (plugin-defined)","healthcare_training_due_date","Mandatory Training Due Date","date","","No","No","Inherit","Inherit","none","Yes","No","No","Yes","","","{""date"":true}","10","Clinical Staff; Nursing Staff; Allied Health Professional; Administrative Staff; Trainee","Hospital Healthcare Clinical Staff Profile; Hospital Healthcare Nursing Staff Profile; Hospital Healthcare Allied Health Professional Profile; Hospital Healthcare Administrative Staff Profile; Hospital Healthcare Trainee Profile","Field Library; Form Categories; Form Fields","Informational profile value; V1 does not assign courses or send due-date alerts.","Custom value is scoped by userid + companyid + fieldid. Sensitive=Yes requires local/orgprofile:viewsensitive and editsensitive.","CityCare Hospital → healthcare; default form: None","New organization-specific recommendation"
"Field Definition + Placement Map","3 Field Library → 5 Categories → 6 Form Fields","Hospital / Healthcare","healthcare","60","Yes","Clinical Staff|clinical_staff|10; Nursing Staff|nursing_staff|20; Allied Health Professional|allied_health|30; Administrative Staff|administrative_staff|40; Trainee|trainee|50","See Organization Setup record for Hospital / Healthcare","Professional","professional","50","No","Healthcare Trainer","New (plugin-defined)","healthcare_trainer","Healthcare Trainer","boolean","","No","No","Inherit","Inherit","none","Yes","No","No","Yes","","","","20","Clinical Staff; Nursing Staff; Allied Health Professional","Hospital Healthcare Clinical Staff Profile; Hospital Healthcare Nursing Staff Profile; Hospital Healthcare Allied Health Professional Profile","Field Library; Form Categories; Form Fields","Create once in Field Library, then attach to the listed forms and category.","Does not grant trainer capabilities. Sensitive=Yes requires local/orgprofile:viewsensitive and editsensitive.","CityCare Hospital → healthcare; default form: None","New organization-specific recommendation"
"Field Definition + Placement Map","3 Field Library → 5 Categories → 6 Form Fields","Hospital / Healthcare","healthcare","60","Yes","Clinical Staff|clinical_staff|10; Nursing Staff|nursing_staff|20; Allied Health Professional|allied_health|30; Administrative Staff|administrative_staff|40; Trainee|trainee|50","See Organization Setup record for Hospital / Healthcare","Compliance & Consent","compliance_consent","90","Yes","Infection Control Training Date","New (plugin-defined)","infection_control_training_date","Infection Control Training Date","date","","No","No","Inherit","Inherit","none","Yes","No","No","Yes","","","{""date"":true}","20","Clinical Staff; Nursing Staff; Allied Health Professional; Trainee","Hospital Healthcare Clinical Staff Profile; Hospital Healthcare Nursing Staff Profile; Hospital Healthcare Allied Health Professional Profile; Hospital Healthcare Trainee Profile","Field Library; Form Categories; Form Fields","Create once in Field Library, then attach to the listed forms and category.","Custom value is scoped by userid + companyid + fieldid. Sensitive=Yes requires local/orgprofile:viewsensitive and editsensitive.","CityCare Hospital → healthcare; default form: None","New organization-specific recommendation"
"Field Definition + Placement Map","3 Field Library → 5 Categories → 6 Form Fields","Government Organization","government","70","Yes","Officer|officer|10; Employee|employee|20; Contract Staff|contract_staff|30; Trainer|trainer|40","See Organization Setup record for Government Organization","Identification","identification","30","No","Government Employee Number","New (plugin-defined)","government_employee_number","Government Employee Number","text","","No","Yes","Inherit","Inherit","company","Yes","No","No","Yes","","","{""maxlength"":50}","10","Officer; Employee; Contract Staff; Trainer","Government Organization Officer Profile; Government Organization Employee Profile; Government Organization Contract Staff Profile; Government Organization Trainer Profile","Field Library; Form Categories; Form Fields","Create once in Field Library, then attach to the listed forms and category.","Custom value is scoped by userid + companyid + fieldid. Sensitive=Yes requires local/orgprofile:viewsensitive and editsensitive.","State Training Directorate → government; default form: None","New organization-specific recommendation"
"Field Definition + Placement Map","3 Field Library → 5 Categories → 6 Form Fields","Government Organization","government","70","Yes","Officer|officer|10; Employee|employee|20; Contract Staff|contract_staff|30; Trainer|trainer|40","See Organization Setup record for Government Organization","Employment","employment","40","No","Service / Cadre","New (plugin-defined)","government_service_cadre","Service / Cadre","text","","No","No","Inherit","Inherit","none","Yes","No","No","Yes","","","{""maxlength"":150}","10","Officer; Employee","Government Organization Officer Profile; Government Organization Employee Profile","Field Library; Form Categories; Form Fields","Create once in Field Library, then attach to the listed forms and category.","Profile classification only; do not derive permissions. Sensitive=Yes requires local/orgprofile:viewsensitive and editsensitive.","State Training Directorate → government; default form: None","New organization-specific recommendation"
"Field Definition + Placement Map","3 Field Library → 5 Categories → 6 Form Fields","Government Organization","government","70","Yes","Officer|officer|10; Employee|employee|20; Contract Staff|contract_staff|30; Trainer|trainer|40","See Organization Setup record for Government Organization","Employment","employment","40","No","Official Designation","New (plugin-defined)","government_designation","Official Designation","text","","No","Yes","Inherit","Inherit","none","Yes","No","No","Yes","","","{""maxlength"":150}","20","Officer; Employee; Contract Staff; Trainer","Government Organization Officer Profile; Government Organization Employee Profile; Government Organization Contract Staff Profile; Government Organization Trainer Profile","Field Library; Form Categories; Form Fields","Create once in Field Library, then attach to the listed forms and category.","Custom value is scoped by userid + companyid + fieldid. Sensitive=Yes requires local/orgprofile:viewsensitive and editsensitive.","State Training Directorate → government; default form: None","New organization-specific recommendation"
"Field Definition + Placement Map","3 Field Library → 5 Categories → 6 Form Fields","Government Organization","government","70","Yes","Officer|officer|10; Employee|employee|20; Contract Staff|contract_staff|30; Trainer|trainer|40","See Organization Setup record for Government Organization","Employment","employment","40","No","Pay / Grade Level","New (plugin-defined)","government_grade_level","Pay / Grade Level","text","","No","No","Inherit","Inherit","none","Yes","No","Yes","Yes","","","{""maxlength"":100}","30","Officer; Employee","Government Organization Officer Profile; Government Organization Employee Profile","Field Library; Form Categories; Form Fields","Create once in Field Library, then attach to the listed forms and category.","Consider whether this belongs in HR rather than LMS; protect with sensitive capabilities. Sensitive=Yes requires local/orgprofile:viewsensitive and editsensitive.","State Training Directorate → government; default form: None","New organization-specific recommendation"
"Field Definition + Placement Map","3 Field Library → 5 Categories → 6 Form Fields","Government Organization","government","70","Yes","Officer|officer|10; Employee|employee|20; Contract Staff|contract_staff|30; Trainer|trainer|40","See Organization Setup record for Government Organization","Employment","employment","40","No","Posting Location","New (plugin-defined)","government_posting_location","Posting Location","text","","No","No","Inherit","Inherit","none","Yes","No","No","Yes","","","{""maxlength"":150}","40","Officer; Employee; Contract Staff; Trainer","Government Organization Officer Profile; Government Organization Employee Profile; Government Organization Contract Staff Profile; Government Organization Trainer Profile","Field Library; Form Categories; Form Fields","Create once in Field Library, then attach to the listed forms and category.","Custom value is scoped by userid + companyid + fieldid. Sensitive=Yes requires local/orgprofile:viewsensitive and editsensitive.","State Training Directorate → government; default form: None","New organization-specific recommendation"
"Field Definition + Placement Map","3 Field Library → 5 Categories → 6 Form Fields","Government Organization","government","70","Yes","Officer|officer|10; Employee|employee|20; Contract Staff|contract_staff|30; Trainer|trainer|40","See Organization Setup record for Government Organization","Employment","employment","40","No","Appointment Type","New (plugin-defined)","government_appointment_type","Appointment Type","menu","","No","No","Inherit","Inherit","none","Yes","No","No","Yes","","[""Permanent"",""Temporary"",""Contract"",""Deputation"",""Other""]","","50","Officer; Employee; Contract Staff","Government Organization Officer Profile; Government Organization Employee Profile; Government Organization Contract Staff Profile","Field Library; Form Categories; Form Fields","Create once in Field Library, then attach to the listed forms and category.","Custom value is scoped by userid + companyid + fieldid. Sensitive=Yes requires local/orgprofile:viewsensitive and editsensitive.","State Training Directorate → government; default form: None","New organization-specific recommendation"
"Field Definition + Placement Map","3 Field Library → 5 Categories → 6 Form Fields","Government Organization","government","70","Yes","Officer|officer|10; Employee|employee|20; Contract Staff|contract_staff|30; Trainer|trainer|40","See Organization Setup record for Government Organization","Employment","employment","40","No","Office Type","New (plugin-defined)","government_office_type","Office Type","menu","","No","No","Inherit","Inherit","none","Yes","No","No","Yes","","[""Head Office"",""Regional"",""District"",""Field"",""Training Centre"",""Other""]","","60","Officer; Employee; Contract Staff; Trainer","Government Organization Officer Profile; Government Organization Employee Profile; Government Organization Contract Staff Profile; Government Organization Trainer Profile","Field Library; Form Categories; Form Fields","Create once in Field Library, then attach to the listed forms and category.","Custom value is scoped by userid + companyid + fieldid. Sensitive=Yes requires local/orgprofile:viewsensitive and editsensitive.","State Training Directorate → government; default form: None","New organization-specific recommendation"
"Field Definition + Placement Map","3 Field Library → 5 Categories → 6 Form Fields","Government Organization","government","70","Yes","Officer|officer|10; Employee|employee|20; Contract Staff|contract_staff|30; Trainer|trainer|40","See Organization Setup record for Government Organization","Identification","identification","30","No","Government Identifier","New (plugin-defined)","government_identifier","Government Identifier","text","","No","No","Inherit","Inherit","site","Yes","No","Yes","Yes","","","{""maxlength"":100}","20","Officer; Employee; Contract Staff; Trainer","Government Organization Officer Profile; Government Organization Employee Profile; Government Organization Contract Staff Profile; Government Organization Trainer Profile","Field Library; Form Categories; Form Fields","Create once in Field Library, then attach to the listed forms and category.","Collect only where required; never expose through generic listings or logs. Sensitive=Yes requires local/orgprofile:viewsensitive and editsensitive.","State Training Directorate → government; default form: None","New organization-specific recommendation"
"Field Definition + Placement Map","3 Field Library → 5 Categories → 6 Form Fields","Government Organization","government","70","Yes","Officer|officer|10; Employee|employee|20; Contract Staff|contract_staff|30; Trainer|trainer|40","See Organization Setup record for Government Organization","Compliance & Consent","compliance_consent","90","Yes","Clearance Classification","New (plugin-defined)","government_clearance_classification","Clearance Classification","menu","","No","No","Inherit","Inherit","none","Yes","No","Yes","Yes","","[""Not applicable"",""Standard"",""Restricted""]","","10","Officer; Employee; Contract Staff","Government Organization Officer Profile; Government Organization Employee Profile; Government Organization Contract Staff Profile","Field Library; Form Categories; Form Fields","Create once in Field Library, then attach to the listed forms and category.","Example only. Organization must define legally appropriate values and capability assignments. Sensitive=Yes requires local/orgprofile:viewsensitive and editsensitive.","State Training Directorate → government; default form: None","New organization-specific recommendation"
"Field Definition + Placement Map","3 Field Library → 5 Categories → 6 Form Fields","Government Organization","government","70","Yes","Officer|officer|10; Employee|employee|20; Contract Staff|contract_staff|30; Trainer|trainer|40","See Organization Setup record for Government Organization","Professional","professional","50","No","Certified Trainer","New (plugin-defined)","government_certified_trainer","Certified Trainer","boolean","","No","No","Inherit","Inherit","none","Yes","No","No","Yes","","","","10","Trainer","Government Organization Trainer Profile","Field Library; Form Categories; Form Fields","Create once in Field Library, then attach to the listed forms and category.","Profile attribute only; does not grant trainer permissions. Sensitive=Yes requires local/orgprofile:viewsensitive and editsensitive.","State Training Directorate → government; default form: None","New organization-specific recommendation"
"Field Definition + Placement Map","3 Field Library → 5 Categories → 6 Form Fields","Government Organization","government","70","Yes","Officer|officer|10; Employee|employee|20; Contract Staff|contract_staff|30; Trainer|trainer|40","See Organization Setup record for Government Organization","Credentialing","credentialing","50","No","Trainer Certification Number","New (plugin-defined)","government_trainer_cert_number","Trainer Certification Number","text","","No","No","Inherit","Inherit","company","Yes","No","No","Yes","","","{""maxlength"":100}","10","Trainer","Government Organization Trainer Profile","Field Library; Form Categories; Form Fields","Create once in Field Library, then attach to the listed forms and category.","Custom value is scoped by userid + companyid + fieldid. Sensitive=Yes requires local/orgprofile:viewsensitive and editsensitive.","State Training Directorate → government; default form: None","New organization-specific recommendation"
"Field Definition + Placement Map","3 Field Library → 5 Categories → 6 Form Fields","NGO / Foundation","ngo_foundation","80","Yes","Staff|staff|10; Volunteer|volunteer|20; Field Worker|field_worker|30; Program Manager|program_manager|40; Partner|partner|50","See Organization Setup record for NGO / Foundation","Identification","identification","30","No","NGO Person ID","New (plugin-defined)","ngo_person_id","NGO Person ID","text","","No","Yes","Inherit","Inherit","company","Yes","No","No","Yes","","","{""maxlength"":50}","10","Staff; Volunteer; Field Worker; Program Manager; Partner","NGO Foundation Staff Profile; NGO Foundation Volunteer Profile; NGO Foundation Field Worker Profile; NGO Foundation Program Manager Profile; NGO Foundation Partner Profile","Field Library; Form Categories; Form Fields","Create once in Field Library, then attach to the listed forms and category.","Custom value is scoped by userid + companyid + fieldid. Sensitive=Yes requires local/orgprofile:viewsensitive and editsensitive.","Community Impact Foundation → ngo_foundation; default form: None","New organization-specific recommendation"
"Field Definition + Placement Map","3 Field Library → 5 Categories → 6 Form Fields","NGO / Foundation","ngo_foundation","80","Yes","Staff|staff|10; Volunteer|volunteer|20; Field Worker|field_worker|30; Program Manager|program_manager|40; Partner|partner|50","See Organization Setup record for NGO / Foundation","Program / Service","program_service","50","No","Affiliation Type","New (plugin-defined)","ngo_affiliation_type","Affiliation Type","menu","","No","Yes","Inherit","Inherit","none","Yes","No","No","Yes","","[""Employee"",""Volunteer"",""Field Worker"",""Program Manager"",""Partner Organization""]","","10","Staff; Volunteer; Field Worker; Program Manager; Partner","NGO Foundation Staff Profile; NGO Foundation Volunteer Profile; NGO Foundation Field Worker Profile; NGO Foundation Program Manager Profile; NGO Foundation Partner Profile","Field Library; Form Categories; Form Fields","Create once in Field Library, then attach to the listed forms and category.","Custom value is scoped by userid + companyid + fieldid. Sensitive=Yes requires local/orgprofile:viewsensitive and editsensitive.","Community Impact Foundation → ngo_foundation; default form: None","New organization-specific recommendation"
"Field Definition + Placement Map","3 Field Library → 5 Categories → 6 Form Fields","NGO / Foundation","ngo_foundation","80","Yes","Staff|staff|10; Volunteer|volunteer|20; Field Worker|field_worker|30; Program Manager|program_manager|40; Partner|partner|50","See Organization Setup record for NGO / Foundation","Program / Service","program_service","50","No","Program Area","New (plugin-defined)","ngo_program_area","Program Area","text","","No","No","Inherit","Inherit","none","Yes","No","No","Yes","","","{""maxlength"":200}","20","Staff; Volunteer; Field Worker; Program Manager; Partner","NGO Foundation Staff Profile; NGO Foundation Volunteer Profile; NGO Foundation Field Worker Profile; NGO Foundation Program Manager Profile; NGO Foundation Partner Profile","Field Library; Form Categories; Form Fields","Create once in Field Library, then attach to the listed forms and category.","Profile descriptor only; not a course or IOMAD department. Sensitive=Yes requires local/orgprofile:viewsensitive and editsensitive.","Community Impact Foundation → ngo_foundation; default form: None","New organization-specific recommendation"
"Field Definition + Placement Map","3 Field Library → 5 Categories → 6 Form Fields","NGO / Foundation","ngo_foundation","80","Yes","Staff|staff|10; Volunteer|volunteer|20; Field Worker|field_worker|30; Program Manager|program_manager|40; Partner|partner|50","See Organization Setup record for NGO / Foundation","Program / Service","program_service","50","No","Field Location","New (plugin-defined)","ngo_field_location","Field Location","text","","No","No","Inherit","Inherit","none","Yes","No","No","Yes","","","{""maxlength"":200}","30","Field Worker; Program Manager; Volunteer","NGO Foundation Volunteer Profile; NGO Foundation Field Worker Profile; NGO Foundation Program Manager Profile","Field Library; Form Categories; Form Fields","Create once in Field Library, then attach to the listed forms and category.","Custom value is scoped by userid + companyid + fieldid. Sensitive=Yes requires local/orgprofile:viewsensitive and editsensitive.","Community Impact Foundation → ngo_foundation; default form: None","New organization-specific recommendation"
"Field Definition + Placement Map","3 Field Library → 5 Categories → 6 Form Fields","NGO / Foundation","ngo_foundation","80","Yes","Staff|staff|10; Volunteer|volunteer|20; Field Worker|field_worker|30; Program Manager|program_manager|40; Partner|partner|50","See Organization Setup record for NGO / Foundation","Program / Service","program_service","50","No","Affiliation Start Date","New (plugin-defined)","ngo_start_date","Affiliation Start Date","date","","No","No","Inherit","Inherit","none","Yes","No","No","Yes","","","{""date"":true}","40","Staff; Volunteer; Field Worker; Program Manager; Partner","NGO Foundation Staff Profile; NGO Foundation Volunteer Profile; NGO Foundation Field Worker Profile; NGO Foundation Program Manager Profile; NGO Foundation Partner Profile","Field Library; Form Categories; Form Fields","Create once in Field Library, then attach to the listed forms and category.","Custom value is scoped by userid + companyid + fieldid. Sensitive=Yes requires local/orgprofile:viewsensitive and editsensitive.","Community Impact Foundation → ngo_foundation; default form: None","New organization-specific recommendation"
"Field Definition + Placement Map","3 Field Library → 5 Categories → 6 Form Fields","NGO / Foundation","ngo_foundation","80","Yes","Staff|staff|10; Volunteer|volunteer|20; Field Worker|field_worker|30; Program Manager|program_manager|40; Partner|partner|50","See Organization Setup record for NGO / Foundation","Program / Service","program_service","50","No","Volunteer Availability","New (plugin-defined)","volunteer_availability","Volunteer Availability","menu","","No","No","Inherit","Inherit","none","Yes","No","No","Yes","","[""Weekdays"",""Weekends"",""Evenings"",""Flexible"",""Project based""]","","50","Volunteer","NGO Foundation Volunteer Profile","Field Library; Form Categories; Form Fields","Create once in Field Library, then attach to the listed forms and category.","Custom value is scoped by userid + companyid + fieldid. Sensitive=Yes requires local/orgprofile:viewsensitive and editsensitive.","Community Impact Foundation → ngo_foundation; default form: None","New organization-specific recommendation"
"Field Definition + Placement Map","3 Field Library → 5 Categories → 6 Form Fields","NGO / Foundation","ngo_foundation","80","Yes","Staff|staff|10; Volunteer|volunteer|20; Field Worker|field_worker|30; Program Manager|program_manager|40; Partner|partner|50","See Organization Setup record for NGO / Foundation","Professional","professional","50","No","Languages Spoken","New (plugin-defined)","ngo_languages_spoken","Languages Spoken","textarea","","No","No","Inherit","Inherit","none","Yes","No","No","Yes","","","{""maxlength"":500}","10","Staff; Volunteer; Field Worker; Program Manager","NGO Foundation Staff Profile; NGO Foundation Volunteer Profile; NGO Foundation Field Worker Profile; NGO Foundation Program Manager Profile","Field Library; Form Categories; Form Fields","Create once in Field Library, then attach to the listed forms and category.","Custom value is scoped by userid + companyid + fieldid. Sensitive=Yes requires local/orgprofile:viewsensitive and editsensitive.","Community Impact Foundation → ngo_foundation; default form: None","New organization-specific recommendation"
"Field Definition + Placement Map","3 Field Library → 5 Categories → 6 Form Fields","NGO / Foundation","ngo_foundation","80","Yes","Staff|staff|10; Volunteer|volunteer|20; Field Worker|field_worker|30; Program Manager|program_manager|40; Partner|partner|50","See Organization Setup record for NGO / Foundation","Compliance & Consent","compliance_consent","90","Yes","Safeguarding Training Date","New (plugin-defined)","safeguarding_training_date","Safeguarding Training Date","date","","No","No","Inherit","Inherit","none","Yes","No","No","Yes","","","{""date"":true}","10","Staff; Volunteer; Field Worker; Program Manager","NGO Foundation Staff Profile; NGO Foundation Volunteer Profile; NGO Foundation Field Worker Profile; NGO Foundation Program Manager Profile","Field Library; Form Categories; Form Fields","Create once in Field Library, then attach to the listed forms and category.","Custom value is scoped by userid + companyid + fieldid. Sensitive=Yes requires local/orgprofile:viewsensitive and editsensitive.","Community Impact Foundation → ngo_foundation; default form: None","New organization-specific recommendation"
"Field Definition + Placement Map","3 Field Library → 5 Categories → 6 Form Fields","NGO / Foundation","ngo_foundation","80","Yes","Staff|staff|10; Volunteer|volunteer|20; Field Worker|field_worker|30; Program Manager|program_manager|40; Partner|partner|50","See Organization Setup record for NGO / Foundation","Compliance & Consent","compliance_consent","90","Yes","Background Check Status","New (plugin-defined)","background_check_status","Background Check Status","menu","","No","No","Inherit","Inherit","none","Yes","Yes","Yes","Yes","","[""Not required"",""Pending"",""Verified"",""Expired""]","","20","Staff; Volunteer; Field Worker; Program Manager","NGO Foundation Staff Profile; NGO Foundation Volunteer Profile; NGO Foundation Field Worker Profile; NGO Foundation Program Manager Profile","Field Library; Form Categories; Form Fields","Create once in Field Library, then attach to the listed forms and category.","Status only; do not store report details in this profile field. Sensitive=Yes requires local/orgprofile:viewsensitive and editsensitive.","Community Impact Foundation → ngo_foundation; default form: None","New organization-specific recommendation"
"Field Definition + Placement Map","3 Field Library → 5 Categories → 6 Form Fields","NGO / Foundation","ngo_foundation","80","Yes","Staff|staff|10; Volunteer|volunteer|20; Field Worker|field_worker|30; Program Manager|program_manager|40; Partner|partner|50","See Organization Setup record for NGO / Foundation","Program / Service","program_service","50","No","Community Role","New (plugin-defined)","community_role","Community Role","text","","No","No","Inherit","Inherit","none","Yes","No","No","Yes","","","{""maxlength"":150}","60","Volunteer; Field Worker; Partner","NGO Foundation Volunteer Profile; NGO Foundation Field Worker Profile; NGO Foundation Partner Profile","Field Library; Form Categories; Form Fields","Create once in Field Library, then attach to the listed forms and category.","Custom value is scoped by userid + companyid + fieldid. Sensitive=Yes requires local/orgprofile:viewsensitive and editsensitive.","Community Impact Foundation → ngo_foundation; default form: None","New organization-specific recommendation"
"Field Definition + Placement Map","3 Field Library → 5 Categories → 6 Form Fields","NGO / Foundation","ngo_foundation","80","Yes","Staff|staff|10; Volunteer|volunteer|20; Field Worker|field_worker|30; Program Manager|program_manager|40; Partner|partner|50","See Organization Setup record for NGO / Foundation","Program / Service","program_service","50","No","Deployment Ready","New (plugin-defined)","deployment_ready","Deployment Ready","boolean","","No","No","Inherit","Inherit","none","Yes","No","No","Yes","","","","70","Field Worker; Volunteer","NGO Foundation Volunteer Profile; NGO Foundation Field Worker Profile","Field Library; Form Categories; Form Fields","Create once in Field Library, then attach to the listed forms and category.","Profile attribute only; operational deployment requires a separate workflow. Sensitive=Yes requires local/orgprofile:viewsensitive and editsensitive.","Community Impact Foundation → ngo_foundation; default form: None","New organization-specific recommendation"
"Field Definition + Placement Map","3 Field Library → 5 Categories → 6 Form Fields","NGO / Foundation","ngo_foundation","80","Yes","Staff|staff|10; Volunteer|volunteer|20; Field Worker|field_worker|30; Program Manager|program_manager|40; Partner|partner|50","See Organization Setup record for NGO / Foundation","Identification","identification","30","No","Partner Organization Reference","New (plugin-defined)","ngo_partner_reference","Partner Organization Reference","text","","No","No","Inherit","Inherit","company","Yes","No","No","Yes","","","{""maxlength"":100}","20","Partner","NGO Foundation Partner Profile","Field Library; Form Categories; Form Fields","Create once in Field Library, then attach to the listed forms and category.","Custom value is scoped by userid + companyid + fieldid. Sensitive=Yes requires local/orgprofile:viewsensitive and editsensitive.","Community Impact Foundation → ngo_foundation; default form: None","New organization-specific recommendation"
"Field Definition + Placement Map","3 Field Library → 5 Categories → 6 Form Fields","College","college","90","Yes","Student|student|10; Faculty|faculty|20; Non-Teaching Staff|non_teaching_staff|30; Principal|principal|40; Alumni|alumni|50","See Organization Setup record for College","Identification","identification","30","No","College Admission Number","New (plugin-defined)","college_admission_number","College Admission Number","text","","No","Yes","Inherit","Inherit","company","Yes","No","No","Yes","","","{""maxlength"":50}","10","Student","College Student Profile","Field Library; Form Categories; Form Fields","Create once in Field Library, then attach to the listed forms and category.","Custom value is scoped by userid + companyid + fieldid. Sensitive=Yes requires local/orgprofile:viewsensitive and editsensitive.","Central Arts College → college; default form: None","New organization-specific recommendation"
"Field Definition + Placement Map","3 Field Library → 5 Categories → 6 Form Fields","College","college","90","Yes","Student|student|10; Faculty|faculty|20; Non-Teaching Staff|non_teaching_staff|30; Principal|principal|40; Alumni|alumni|50","See Organization Setup record for College","Identification","identification","30","No","University Enrollment Number","New (plugin-defined)","college_university_enrollment","University Enrollment Number","text","","No","No","Inherit","Inherit","site","Yes","No","No","Yes","","","{""maxlength"":80}","20","Student","College Student Profile","Field Library; Form Categories; Form Fields","Create once in Field Library, then attach to the listed forms and category.","Custom value is scoped by userid + companyid + fieldid. Sensitive=Yes requires local/orgprofile:viewsensitive and editsensitive.","Central Arts College → college; default form: None","New organization-specific recommendation"
"Field Definition + Placement Map","3 Field Library → 5 Categories → 6 Form Fields","College","college","90","Yes","Student|student|10; Faculty|faculty|20; Non-Teaching Staff|non_teaching_staff|30; Principal|principal|40; Alumni|alumni|50","See Organization Setup record for College","Identification","identification","30","No","College Roll Number","New (plugin-defined)","college_roll_number","College Roll Number","text","","No","No","Inherit","Inherit","none","Yes","No","No","Yes","","","{""maxlength"":30}","30","Student","College Student Profile","Field Library; Form Categories; Form Fields","Create once in Field Library, then attach to the listed forms and category.","Custom value is scoped by userid + companyid + fieldid. Sensitive=Yes requires local/orgprofile:viewsensitive and editsensitive.","Central Arts College → college; default form: None","New organization-specific recommendation"
"Field Definition + Placement Map","3 Field Library → 5 Categories → 6 Form Fields","College","college","90","Yes","Student|student|10; Faculty|faculty|20; Non-Teaching Staff|non_teaching_staff|30; Principal|principal|40; Alumni|alumni|50","See Organization Setup record for College","Academic","academic","40","No","Admission Date","New (plugin-defined)","college_admission_date","Admission Date","date","","No","No","Inherit","Inherit","none","Yes","No","No","Yes","","","{""date"":true}","10","Student","College Student Profile","Field Library; Form Categories; Form Fields","Create once in Field Library, then attach to the listed forms and category.","Custom value is scoped by userid + companyid + fieldid. Sensitive=Yes requires local/orgprofile:viewsensitive and editsensitive.","Central Arts College → college; default form: None","New organization-specific recommendation"
"Field Definition + Placement Map","3 Field Library → 5 Categories → 6 Form Fields","College","college","90","Yes","Student|student|10; Faculty|faculty|20; Non-Teaching Staff|non_teaching_staff|30; Principal|principal|40; Alumni|alumni|50","See Organization Setup record for College","Academic","academic","40","No","Student Status","New (plugin-defined)","college_student_status","Student Status","menu","","No","Yes","Inherit","Inherit","none","Yes","No","No","Yes","","[""Active"",""On leave"",""Withdrawn"",""Graduated""]","","20","Student","College Student Profile","Field Library; Form Categories; Form Fields","Create once in Field Library, then attach to the listed forms and category.","Custom value is scoped by userid + companyid + fieldid. Sensitive=Yes requires local/orgprofile:viewsensitive and editsensitive.","Central Arts College → college; default form: None","New organization-specific recommendation"
"Field Definition + Placement Map","3 Field Library → 5 Categories → 6 Form Fields","College","college","90","Yes","Student|student|10; Faculty|faculty|20; Non-Teaching Staff|non_teaching_staff|30; Principal|principal|40; Alumni|alumni|50","See Organization Setup record for College","Academic","academic","40","No","Programme Name","New (plugin-defined)","college_programme_name","Programme Name","text","","No","Yes","Inherit","Inherit","none","Yes","No","No","Yes","","","{""maxlength"":200}","30","Student; Alumni","College Student Profile; College Alumni Profile","Field Library; Form Categories; Form Fields","Create once in Field Library, then attach to the listed forms and category.","Profile descriptor only; not a Moodle course. Sensitive=Yes requires local/orgprofile:viewsensitive and editsensitive.","Central Arts College → college; default form: None","New organization-specific recommendation"
"Field Definition + Placement Map","3 Field Library → 5 Categories → 6 Form Fields","College","college","90","Yes","Student|student|10; Faculty|faculty|20; Non-Teaching Staff|non_teaching_staff|30; Principal|principal|40; Alumni|alumni|50","See Organization Setup record for College","Academic","academic","40","No","Programme Level","New (plugin-defined)","college_programme_level","Programme Level","menu","","No","Yes","Inherit","Inherit","none","Yes","No","No","Yes","","[""Undergraduate"",""Postgraduate"",""Diploma"",""Certificate"",""Other""]","","40","Student; Alumni","College Student Profile; College Alumni Profile","Field Library; Form Categories; Form Fields","Create once in Field Library, then attach to the listed forms and category.","Custom value is scoped by userid + companyid + fieldid. Sensitive=Yes requires local/orgprofile:viewsensitive and editsensitive.","Central Arts College → college; default form: None","New organization-specific recommendation"
"Field Definition + Placement Map","3 Field Library → 5 Categories → 6 Form Fields","College","college","90","Yes","Student|student|10; Faculty|faculty|20; Non-Teaching Staff|non_teaching_staff|30; Principal|principal|40; Alumni|alumni|50","See Organization Setup record for College","Academic","academic","40","No","Current Semester","New (plugin-defined)","college_current_semester","Current Semester","integer","","No","No","Inherit","Inherit","none","Yes","No","No","Yes","","","{""integer"":true,""min"":1,""max"":20}","50","Student","College Student Profile","Field Library; Form Categories; Form Fields","Create once in Field Library, then attach to the listed forms and category.","Custom value is scoped by userid + companyid + fieldid. Sensitive=Yes requires local/orgprofile:viewsensitive and editsensitive.","Central Arts College → college; default form: None","New organization-specific recommendation"
"Field Definition + Placement Map","3 Field Library → 5 Categories → 6 Form Fields","College","college","90","Yes","Student|student|10; Faculty|faculty|20; Non-Teaching Staff|non_teaching_staff|30; Principal|principal|40; Alumni|alumni|50","See Organization Setup record for College","Academic","academic","40","No","Academic Year","New (plugin-defined)","college_academic_year","Academic Year","text","","No","No","Inherit","Inherit","none","Yes","No","No","Yes","","","{""regex"":""/^[0-9]{4}-[0-9]{4}$/""}","60","Student","College Student Profile","Field Library; Form Categories; Form Fields","Example format 2026-2027.","Custom value is scoped by userid + companyid + fieldid. Sensitive=Yes requires local/orgprofile:viewsensitive and editsensitive.","Central Arts College → college; default form: None","New organization-specific recommendation"
"Field Definition + Placement Map","3 Field Library → 5 Categories → 6 Form Fields","College","college","90","Yes","Student|student|10; Faculty|faculty|20; Non-Teaching Staff|non_teaching_staff|30; Principal|principal|40; Alumni|alumni|50","See Organization Setup record for College","Academic","academic","40","No","Study Mode","New (plugin-defined)","college_study_mode","Study Mode","menu","","No","No","Inherit","Inherit","none","Yes","No","No","Yes","","[""Full time"",""Part time"",""Online"",""Blended""]","","70","Student","College Student Profile","Field Library; Form Categories; Form Fields","Create once in Field Library, then attach to the listed forms and category.","Custom value is scoped by userid + companyid + fieldid. Sensitive=Yes requires local/orgprofile:viewsensitive and editsensitive.","Central Arts College → college; default form: None","New organization-specific recommendation"
"Field Definition + Placement Map","3 Field Library → 5 Categories → 6 Form Fields","College","college","90","Yes","Student|student|10; Faculty|faculty|20; Non-Teaching Staff|non_teaching_staff|30; Principal|principal|40; Alumni|alumni|50","See Organization Setup record for College","Placement","placement","70","No","Placement Eligible","New (plugin-defined)","college_placement_eligible","Placement Eligible","boolean","","No","No","Inherit","Inherit","none","Yes","No","No","Yes","","","","10","Student","College Student Profile","Field Library; Form Categories; Form Fields","Create once in Field Library, then attach to the listed forms and category.","Profile state only; V1 has no placement workflow. Sensitive=Yes requires local/orgprofile:viewsensitive and editsensitive.","Central Arts College → college; default form: None","New organization-specific recommendation"
"Field Definition + Placement Map","3 Field Library → 5 Categories → 6 Form Fields","College","college","90","Yes","Student|student|10; Faculty|faculty|20; Non-Teaching Staff|non_teaching_staff|30; Principal|principal|40; Alumni|alumni|50","See Organization Setup record for College","Identification","identification","30","No","Alumni ID","New (plugin-defined)","college_alumni_id","Alumni ID","text","","No","No","Inherit","Inherit","company","Yes","No","No","Yes","","","{""maxlength"":50}","40","Alumni","College Alumni Profile","Field Library; Form Categories; Form Fields","Create once in Field Library, then attach to the listed forms and category.","Custom value is scoped by userid + companyid + fieldid. Sensitive=Yes requires local/orgprofile:viewsensitive and editsensitive.","Central Arts College → college; default form: None","New organization-specific recommendation"
"Field Definition + Placement Map","3 Field Library → 5 Categories → 6 Form Fields","College","college","90","Yes","Student|student|10; Faculty|faculty|20; Non-Teaching Staff|non_teaching_staff|30; Principal|principal|40; Alumni|alumni|50","See Organization Setup record for College","Academic","academic","40","No","Graduation Year","New (plugin-defined)","college_graduation_year","Graduation Year","integer","","No","No","Inherit","Inherit","none","Yes","No","No","Yes","","","{""integer"":true,""min"":1900,""max"":2200}","80","Alumni","College Alumni Profile","Field Library; Form Categories; Form Fields","Create once in Field Library, then attach to the listed forms and category.","Custom value is scoped by userid + companyid + fieldid. Sensitive=Yes requires local/orgprofile:viewsensitive and editsensitive.","Central Arts College → college; default form: None","New organization-specific recommendation"
"Field Definition + Placement Map","3 Field Library → 5 Categories → 6 Form Fields","College","college","90","Yes","Student|student|10; Faculty|faculty|20; Non-Teaching Staff|non_teaching_staff|30; Principal|principal|40; Alumni|alumni|50","See Organization Setup record for College","Employment","employment","40","No","College Designation","New (plugin-defined)","college_designation","College Designation","text","","No","Yes","Inherit","Inherit","none","Yes","No","No","Yes","","","{""maxlength"":150}","10","Faculty; Non-Teaching Staff; Principal","College Faculty Profile; College Non-Teaching Staff Profile; College Principal Profile","Field Library; Form Categories; Form Fields","Create once in Field Library, then attach to the listed forms and category.","Profile label only; not a Moodle role. Sensitive=Yes requires local/orgprofile:viewsensitive and editsensitive.","Central Arts College → college; default form: None","New organization-specific recommendation"
"Field Definition + Placement Map","3 Field Library → 5 Categories → 6 Form Fields","College","college","90","Yes","Student|student|10; Faculty|faculty|20; Non-Teaching Staff|non_teaching_staff|30; Principal|principal|40; Alumni|alumni|50","See Organization Setup record for College","Professional","professional","50","No","Faculty Specialisation","New (plugin-defined)","college_faculty_specialisation","Faculty Specialisation","textarea","","No","No","Inherit","Inherit","none","Yes","No","No","Yes","","","{""maxlength"":1000}","10","Faculty; Principal","College Faculty Profile; College Principal Profile","Field Library; Form Categories; Form Fields","Create once in Field Library, then attach to the listed forms and category.","Custom value is scoped by userid + companyid + fieldid. Sensitive=Yes requires local/orgprofile:viewsensitive and editsensitive.","Central Arts College → college; default form: None","New organization-specific recommendation"
"Field Definition + Placement Map","3 Field Library → 5 Categories → 6 Form Fields","Vocational Institute","vocational_institute","100","Yes","Trainee|trainee|10; Instructor|instructor|20; Assessor|assessor|30; Placement Officer|placement_officer|40; Administrator|administrator|50","See Organization Setup record for Vocational Institute","Identification","identification","30","No","Trainee ID","New (plugin-defined)","vocational_trainee_id","Trainee ID","text","","No","Yes","Inherit","Inherit","company","Yes","No","No","Yes","","","{""maxlength"":50}","10","Trainee","Vocational Institute Trainee Profile","Field Library; Form Categories; Form Fields","Create once in Field Library, then attach to the listed forms and category.","Custom value is scoped by userid + companyid + fieldid. Sensitive=Yes requires local/orgprofile:viewsensitive and editsensitive.","FutureSkills Vocational Centre → vocational_institute; default form: None","New organization-specific recommendation"
"Field Definition + Placement Map","3 Field Library → 5 Categories → 6 Form Fields","Vocational Institute","vocational_institute","100","Yes","Trainee|trainee|10; Instructor|instructor|20; Assessor|assessor|30; Placement Officer|placement_officer|40; Administrator|administrator|50","See Organization Setup record for Vocational Institute","Identification","identification","30","No","Registration Number","New (plugin-defined)","vocational_registration_number","Registration Number","text","","No","No","Inherit","Inherit","company","Yes","No","No","Yes","","","{""maxlength"":80}","20","Trainee","Vocational Institute Trainee Profile","Field Library; Form Categories; Form Fields","Create once in Field Library, then attach to the listed forms and category.","Custom value is scoped by userid + companyid + fieldid. Sensitive=Yes requires local/orgprofile:viewsensitive and editsensitive.","FutureSkills Vocational Centre → vocational_institute; default form: None","New organization-specific recommendation"
"Field Definition + Placement Map","3 Field Library → 5 Categories → 6 Form Fields","Vocational Institute","vocational_institute","100","Yes","Trainee|trainee|10; Instructor|instructor|20; Assessor|assessor|30; Placement Officer|placement_officer|40; Administrator|administrator|50","See Organization Setup record for Vocational Institute","Program / Service","program_service","50","No","Trade / Programme","New (plugin-defined)","vocational_trade_programme","Trade / Programme","text","","No","Yes","Inherit","Inherit","none","Yes","No","No","Yes","","","{""maxlength"":200}","10","Trainee; Instructor; Assessor","Vocational Institute Trainee Profile; Vocational Institute Instructor Profile; Vocational Institute Assessor Profile","Field Library; Form Categories; Form Fields","Create once in Field Library, then attach to the listed forms and category.","Profile descriptor only; do not use as a Moodle course replacement. Sensitive=Yes requires local/orgprofile:viewsensitive and editsensitive.","FutureSkills Vocational Centre → vocational_institute; default form: None","New organization-specific recommendation"
"Field Definition + Placement Map","3 Field Library → 5 Categories → 6 Form Fields","Vocational Institute","vocational_institute","100","Yes","Trainee|trainee|10; Instructor|instructor|20; Assessor|assessor|30; Placement Officer|placement_officer|40; Administrator|administrator|50","See Organization Setup record for Vocational Institute","Program / Service","program_service","50","No","NSQF / Qualification Level","New (plugin-defined)","vocational_qualification_level","NSQF / Qualification Level","menu","","No","No","Inherit","Inherit","none","Yes","No","No","Yes","","[""Level 1"",""Level 2"",""Level 3"",""Level 4"",""Level 5"",""Level 6"",""Level 7"",""Level 8"",""Other""]","","20","Trainee; Instructor; Assessor","Vocational Institute Trainee Profile; Vocational Institute Instructor Profile; Vocational Institute Assessor Profile","Field Library; Form Categories; Form Fields","Create once in Field Library, then attach to the listed forms and category.","Custom value is scoped by userid + companyid + fieldid. Sensitive=Yes requires local/orgprofile:viewsensitive and editsensitive.","FutureSkills Vocational Centre → vocational_institute; default form: None","New organization-specific recommendation"
"Field Definition + Placement Map","3 Field Library → 5 Categories → 6 Form Fields","Vocational Institute","vocational_institute","100","Yes","Trainee|trainee|10; Instructor|instructor|20; Assessor|assessor|30; Placement Officer|placement_officer|40; Administrator|administrator|50","See Organization Setup record for Vocational Institute","Academic","academic","40","No","Entry Qualification","New (plugin-defined)","vocational_entry_qualification","Entry Qualification","text","","No","No","Inherit","Inherit","none","Yes","No","No","Yes","","","{""maxlength"":200}","10","Trainee","Vocational Institute Trainee Profile","Field Library; Form Categories; Form Fields","Create once in Field Library, then attach to the listed forms and category.","Custom value is scoped by userid + companyid + fieldid. Sensitive=Yes requires local/orgprofile:viewsensitive and editsensitive.","FutureSkills Vocational Centre → vocational_institute; default form: None","New organization-specific recommendation"
"Field Definition + Placement Map","3 Field Library → 5 Categories → 6 Form Fields","Vocational Institute","vocational_institute","100","Yes","Trainee|trainee|10; Instructor|instructor|20; Assessor|assessor|30; Placement Officer|placement_officer|40; Administrator|administrator|50","See Organization Setup record for Vocational Institute","Program / Service","program_service","50","No","Enrollment Date","New (plugin-defined)","vocational_enrollment_date","Enrollment Date","date","","No","No","Inherit","Inherit","none","Yes","No","No","Yes","","","{""date"":true}","30","Trainee","Vocational Institute Trainee Profile","Field Library; Form Categories; Form Fields","Create once in Field Library, then attach to the listed forms and category.","Custom value is scoped by userid + companyid + fieldid. Sensitive=Yes requires local/orgprofile:viewsensitive and editsensitive.","FutureSkills Vocational Centre → vocational_institute; default form: None","New organization-specific recommendation"
"Field Definition + Placement Map","3 Field Library → 5 Categories → 6 Form Fields","Vocational Institute","vocational_institute","100","Yes","Trainee|trainee|10; Instructor|instructor|20; Assessor|assessor|30; Placement Officer|placement_officer|40; Administrator|administrator|50","See Organization Setup record for Vocational Institute","Program / Service","program_service","50","No","Trainee Status","New (plugin-defined)","vocational_trainee_status","Trainee Status","menu","","No","Yes","Inherit","Inherit","none","Yes","No","No","Yes","","[""Active"",""On hold"",""Completed"",""Withdrawn""]","","40","Trainee","Vocational Institute Trainee Profile","Field Library; Form Categories; Form Fields","Create once in Field Library, then attach to the listed forms and category.","Custom value is scoped by userid + companyid + fieldid. Sensitive=Yes requires local/orgprofile:viewsensitive and editsensitive.","FutureSkills Vocational Centre → vocational_institute; default form: None","New organization-specific recommendation"
"Field Definition + Placement Map","3 Field Library → 5 Categories → 6 Form Fields","Vocational Institute","vocational_institute","100","Yes","Trainee|trainee|10; Instructor|instructor|20; Assessor|assessor|30; Placement Officer|placement_officer|40; Administrator|administrator|50","See Organization Setup record for Vocational Institute","Program / Service","program_service","50","No","Training Mode","New (plugin-defined)","vocational_training_mode","Training Mode","menu","","No","No","Inherit","Inherit","none","Yes","No","No","Yes","","[""Institute"",""Apprenticeship"",""Blended"",""Online""]","","50","Trainee; Instructor","Vocational Institute Trainee Profile; Vocational Institute Instructor Profile","Field Library; Form Categories; Form Fields","Create once in Field Library, then attach to the listed forms and category.","Custom value is scoped by userid + companyid + fieldid. Sensitive=Yes requires local/orgprofile:viewsensitive and editsensitive.","FutureSkills Vocational Centre → vocational_institute; default form: None","New organization-specific recommendation"
"Field Definition + Placement Map","3 Field Library → 5 Categories → 6 Form Fields","Vocational Institute","vocational_institute","100","Yes","Trainee|trainee|10; Instructor|instructor|20; Assessor|assessor|30; Placement Officer|placement_officer|40; Administrator|administrator|50","See Organization Setup record for Vocational Institute","Program / Service","program_service","50","No","Apprenticeship Participant","New (plugin-defined)","apprenticeship_participant","Apprenticeship Participant","boolean","","No","No","Inherit","Inherit","none","Yes","No","No","Yes","","","","60","Trainee","Vocational Institute Trainee Profile","Field Library; Form Categories; Form Fields","V1 cannot conditionally show employer fields from this boolean.","Custom value is scoped by userid + companyid + fieldid. Sensitive=Yes requires local/orgprofile:viewsensitive and editsensitive.","FutureSkills Vocational Centre → vocational_institute; default form: None","New organization-specific recommendation"
"Field Definition + Placement Map","3 Field Library → 5 Categories → 6 Form Fields","Vocational Institute","vocational_institute","100","Yes","Trainee|trainee|10; Instructor|instructor|20; Assessor|assessor|30; Placement Officer|placement_officer|40; Administrator|administrator|50","See Organization Setup record for Vocational Institute","Program / Service","program_service","50","No","Apprenticeship Employer","New (plugin-defined)","apprenticeship_employer","Apprenticeship Employer","text","","No","No","Inherit","Inherit","none","Yes","No","No","Yes","","","{""maxlength"":200}","70","Trainee","Vocational Institute Trainee Profile","Field Library; Form Categories; Form Fields","Create once in Field Library, then attach to the listed forms and category.","Custom value is scoped by userid + companyid + fieldid. Sensitive=Yes requires local/orgprofile:viewsensitive and editsensitive.","FutureSkills Vocational Centre → vocational_institute; default form: None","New organization-specific recommendation"
"Field Definition + Placement Map","3 Field Library → 5 Categories → 6 Form Fields","Vocational Institute","vocational_institute","100","Yes","Trainee|trainee|10; Instructor|instructor|20; Assessor|assessor|30; Placement Officer|placement_officer|40; Administrator|administrator|50","See Organization Setup record for Vocational Institute","Credentialing","credentialing","50","No","Assessment Status","New (plugin-defined)","vocational_assessment_status","Assessment Status","menu","","No","No","Inherit","Inherit","none","Yes","No","No","Yes","","[""Not scheduled"",""Scheduled"",""Passed"",""Needs reassessment""]","","10","Trainee","Vocational Institute Trainee Profile","Field Library; Form Categories; Form Fields","Create once in Field Library, then attach to the listed forms and category.","Custom value is scoped by userid + companyid + fieldid. Sensitive=Yes requires local/orgprofile:viewsensitive and editsensitive.","FutureSkills Vocational Centre → vocational_institute; default form: None","New organization-specific recommendation"
"Field Definition + Placement Map","3 Field Library → 5 Categories → 6 Form Fields","Vocational Institute","vocational_institute","100","Yes","Trainee|trainee|10; Instructor|instructor|20; Assessor|assessor|30; Placement Officer|placement_officer|40; Administrator|administrator|50","See Organization Setup record for Vocational Institute","Credentialing","credentialing","50","No","Certificate Number","New (plugin-defined)","vocational_certificate_number","Certificate Number","text","","No","No","Inherit","Inherit","company","Yes","No","No","Yes","","","{""maxlength"":100}","20","Trainee","Vocational Institute Trainee Profile","Field Library; Form Categories; Form Fields","Create once in Field Library, then attach to the listed forms and category.","Custom value is scoped by userid + companyid + fieldid. Sensitive=Yes requires local/orgprofile:viewsensitive and editsensitive.","FutureSkills Vocational Centre → vocational_institute; default form: None","New organization-specific recommendation"
"Field Definition + Placement Map","3 Field Library → 5 Categories → 6 Form Fields","Vocational Institute","vocational_institute","100","Yes","Trainee|trainee|10; Instructor|instructor|20; Assessor|assessor|30; Placement Officer|placement_officer|40; Administrator|administrator|50","See Organization Setup record for Vocational Institute","Credentialing","credentialing","50","No","Certificate Issue Date","New (plugin-defined)","vocational_certificate_date","Certificate Issue Date","date","","No","No","Inherit","Inherit","none","Yes","No","No","Yes","","","{""date"":true}","30","Trainee","Vocational Institute Trainee Profile","Field Library; Form Categories; Form Fields","Create once in Field Library, then attach to the listed forms and category.","Custom value is scoped by userid + companyid + fieldid. Sensitive=Yes requires local/orgprofile:viewsensitive and editsensitive.","FutureSkills Vocational Centre → vocational_institute; default form: None","New organization-specific recommendation"
"Field Definition + Placement Map","3 Field Library → 5 Categories → 6 Form Fields","Vocational Institute","vocational_institute","100","Yes","Trainee|trainee|10; Instructor|instructor|20; Assessor|assessor|30; Placement Officer|placement_officer|40; Administrator|administrator|50","See Organization Setup record for Vocational Institute","Placement","placement","70","No","Placement Status","New (plugin-defined)","vocational_placement_status","Placement Status","menu","","No","No","Inherit","Inherit","none","Yes","No","No","Yes","","[""Not started"",""Seeking"",""Interviewing"",""Placed"",""Not seeking""]","","10","Trainee","Vocational Institute Trainee Profile","Field Library; Form Categories; Form Fields","Create once in Field Library, then attach to the listed forms and category.","Custom value is scoped by userid + companyid + fieldid. Sensitive=Yes requires local/orgprofile:viewsensitive and editsensitive.","FutureSkills Vocational Centre → vocational_institute; default form: None","New organization-specific recommendation"
"Field Definition + Placement Map","3 Field Library → 5 Categories → 6 Form Fields","Vocational Institute","vocational_institute","100","Yes","Trainee|trainee|10; Instructor|instructor|20; Assessor|assessor|30; Placement Officer|placement_officer|40; Administrator|administrator|50","See Organization Setup record for Vocational Institute","Placement","placement","70","No","Placement Employer","New (plugin-defined)","vocational_placement_employer","Placement Employer","text","","No","No","Inherit","Inherit","none","Yes","No","No","Yes","","","{""maxlength"":200}","20","Trainee","Vocational Institute Trainee Profile","Field Library; Form Categories; Form Fields","Create once in Field Library, then attach to the listed forms and category.","Custom value is scoped by userid + companyid + fieldid. Sensitive=Yes requires local/orgprofile:viewsensitive and editsensitive.","FutureSkills Vocational Centre → vocational_institute; default form: None","New organization-specific recommendation"
"Field Definition + Placement Map","3 Field Library → 5 Categories → 6 Form Fields","Vocational Institute","vocational_institute","100","Yes","Trainee|trainee|10; Instructor|instructor|20; Assessor|assessor|30; Placement Officer|placement_officer|40; Administrator|administrator|50","See Organization Setup record for Vocational Institute","Identification","identification","30","No","Instructor ID","New (plugin-defined)","vocational_instructor_id","Instructor ID","text","","No","Yes","Inherit","Inherit","company","Yes","No","No","Yes","","","{""maxlength"":50}","30","Instructor","Vocational Institute Instructor Profile","Field Library; Form Categories; Form Fields","Create once in Field Library, then attach to the listed forms and category.","Custom value is scoped by userid + companyid + fieldid. Sensitive=Yes requires local/orgprofile:viewsensitive and editsensitive.","FutureSkills Vocational Centre → vocational_institute; default form: None","New organization-specific recommendation"
"Field Definition + Placement Map","3 Field Library → 5 Categories → 6 Form Fields","Vocational Institute","vocational_institute","100","Yes","Trainee|trainee|10; Instructor|instructor|20; Assessor|assessor|30; Placement Officer|placement_officer|40; Administrator|administrator|50","See Organization Setup record for Vocational Institute","Identification","identification","30","No","Assessor ID","New (plugin-defined)","vocational_assessor_id","Assessor ID","text","","No","Yes","Inherit","Inherit","company","Yes","No","No","Yes","","","{""maxlength"":50}","40","Assessor","Vocational Institute Assessor Profile","Field Library; Form Categories; Form Fields","Create once in Field Library, then attach to the listed forms and category.","Custom value is scoped by userid + companyid + fieldid. Sensitive=Yes requires local/orgprofile:viewsensitive and editsensitive.","FutureSkills Vocational Centre → vocational_institute; default form: None","New organization-specific recommendation"
"Field Definition + Placement Map","3 Field Library → 5 Categories → 6 Form Fields","Vocational Institute","vocational_institute","100","Yes","Trainee|trainee|10; Instructor|instructor|20; Assessor|assessor|30; Placement Officer|placement_officer|40; Administrator|administrator|50","See Organization Setup record for Vocational Institute","Professional","professional","50","No","Trade Experience Years","New (plugin-defined)","vocational_trade_experience","Trade Experience Years","integer","","No","No","Inherit","Inherit","none","Yes","No","No","Yes","","","{""integer"":true,""min"":0,""max"":60}","10","Instructor; Assessor","Vocational Institute Instructor Profile; Vocational Institute Assessor Profile","Field Library; Form Categories; Form Fields","Create once in Field Library, then attach to the listed forms and category.","Custom value is scoped by userid + companyid + fieldid. Sensitive=Yes requires local/orgprofile:viewsensitive and editsensitive.","FutureSkills Vocational Centre → vocational_institute; default form: None","New organization-specific recommendation"
"Field Definition + Placement Map","3 Field Library → 5 Categories → 6 Form Fields","Vocational Institute","vocational_institute","100","Yes","Trainee|trainee|10; Instructor|instructor|20; Assessor|assessor|30; Placement Officer|placement_officer|40; Administrator|administrator|50","See Organization Setup record for Vocational Institute","Placement","placement","70","No","Placement Region","New (plugin-defined)","vocational_placement_region","Placement Region","text","","No","No","Inherit","Inherit","none","Yes","No","No","Yes","","","{""maxlength"":150}","30","Placement Officer","Vocational Institute Placement Officer Profile","Field Library; Form Categories; Form Fields","Create once in Field Library, then attach to the listed forms and category.","Custom value is scoped by userid + companyid + fieldid. Sensitive=Yes requires local/orgprofile:viewsensitive and editsensitive.","FutureSkills Vocational Centre → vocational_institute; default form: None","New organization-specific recommendation"
